Location,English,Chinese
UI Strings / Navigation / nav.services,Services,服务
UI Strings / Navigation / nav.platforms,Platforms,平台
UI Strings / Navigation / nav.work,Work,客户案例
UI Strings / Navigation / nav.about,About,关于我们
UI Strings / Navigation / nav.pricing,Pricing,价格
UI Strings / Navigation / nav.insights,Insights,观点
UI Strings / Navigation / nav.bookCall,Book a call,预约通话
UI Strings / Navigation / nav.viewAll,View all,看全部
UI Strings / Navigation / nav.viewAll.services,All services,看全部服务
UI Strings / Navigation / nav.viewAll.platforms,All platforms,看全部平台
UI Strings / Navigation / nav.viewAll.about,About the agency,走进TheRedScroll
UI Strings / Navigation / nav.services.strategy,"Strategy, Campaigns & Analytics",策略和Campaign执行
UI Strings / Navigation / nav.services.strategy.sub,"Research, calendars, reporting",市场调研、内容排期、月度复盘
UI Strings / Navigation / nav.services.advertising,Advertising,广告投放
UI Strings / Navigation / nav.services.advertising.sub,Media planning & buying,媒介策划与买量执行
UI Strings / Navigation / nav.services.content,Content Production,内容制作
UI Strings / Navigation / nav.services.content.sub,"AI visuals, video, native copy",AIGC视觉、视频、本地文案
UI Strings / Navigation / nav.services.influencer,Influencer Marketing,达人营销
UI Strings / Navigation / nav.services.influencer.sub,KOL and KOC campaigns,KOL和KOC合作
UI Strings / Navigation / nav.services.marketEntry,China Market Entry,
UI Strings / Navigation / nav.services.marketEntry.sub,"Registration, setup, localization",
UI Strings / Navigation / nav.services.crm,CRM & Private Domain Traffic,CRM和私域
UI Strings / Navigation / nav.services.crm.sub,"WeCom, groups, retention",企业微信、社群、用户留存
UI Strings / Navigation / nav.services.training,Training & Consulting,培训和咨询
UI Strings / Navigation / nav.services.training.sub,"Masterclasses, coaching, audits",大师课、一对一辅导、账号体检
UI Strings / Navigation / nav.platforms.wechat,WeChat,微信
UI Strings / Navigation / nav.platforms.wechat.sub,"Official Accounts, Mini Programs, WeCom",公众号、小程序、企业微信
UI Strings / Navigation / nav.platforms.rednote,RedNote / Xiaohongshu,小红书
UI Strings / Navigation / nav.platforms.rednote.sub,"Reviews, shoppable posts, lifestyle",种草、测评、生活方式
UI Strings / Navigation / nav.platforms.douyin,Douyin,抖音
UI Strings / Navigation / nav.platforms.douyin.sub,"Short video, live commerce",短视频和直播带货
UI Strings / Navigation / nav.platforms.weibo,Weibo,微博
UI Strings / Navigation / nav.platforms.weibo.sub,"Mass reach, PR, trending topics",大众曝光、公关、热搜话题
UI Strings / Navigation / nav.platforms.others,Additional Platforms,其他平台
UI Strings / Navigation / nav.platforms.others.sub,"Bilibili, Kuaishou, Zhihu, and 14 more",B站、快手、知乎等14个以上平台
UI Strings / Navigation / nav.about.team,Our Team,我们的团队
UI Strings / Navigation / nav.about.team.sub,Shanghai and Hong Kong,驻扎上海和香港
UI Strings / Navigation / nav.about.ai,Our AI,我们的AI
UI Strings / Navigation / nav.about.ai.sub,How AI powers every service,AI如何贯穿每一项服务
UI Strings / Footer / footer.tagline,We grow your brand on China's social platforms. More followers. More engagement. More conversions. Fixed scope. Fixed price. No surprises.,中国社媒，我们帮你把品牌做大。粉丝、互动、转化，一起涨。范围透明，一口价，后面没有任何隐藏账单。
UI Strings / Footer / footer.services,Services,服务
UI Strings / Footer / footer.discover,Discover,逛一逛
UI Strings / Footer / footer.connect,Connect,联系我们
UI Strings / Footer / footer.group,Group,所属集团
UI Strings / Footer / footer.rights,All rights reserved.,版权所有。
UI Strings / Footer / footer.privacy,Privacy policy,隐私政策
UI Strings / Footer / footer.terms,Terms & conditions,服务条款
UI Strings / Footer / footer.cookies,Cookie policy,Cookie政策
UI Strings / Footer / footer.contact,Contact,联系我们
UI Strings / Footer / footer.strategyAnalytics,Strategy & Analytics,策略和Campaign执行
UI Strings / Footer / footer.contentProduction,Content Production,内容制作
UI Strings / Footer / footer.influencerMarketing,Influencer Marketing,达人营销
UI Strings / Footer / footer.advertising,Advertising,广告投放
UI Strings / Footer / footer.chinaMarketEntry,China Market Entry,进入中国市场
UI Strings / Footer / footer.crmPrivateDomain,CRM & Private Domain,CRM和私域
UI Strings / Footer / footer.trainingConsulting,Training & Consulting,培训和咨询
UI Strings / Footer / footer.about,About,关于我们
UI Strings / Footer / footer.platforms,Platforms,平台
UI Strings / Footer / footer.pricing,Pricing,价格
UI Strings / Footer / footer.insights,Insights,观点
UI Strings / Footer / footer.bookCall,Book a call,预约通话
UI Strings / Common CTAs / cta.bookCall,Book a call,预约通话
UI Strings / Common CTAs / cta.readCaseStudy,Read the case study,查看案例详情
UI Strings / Common CTAs / cta.backToHome,Back to home,返回首页
UI Strings / Common CTAs / cta.sendMessage,Send message,发送
UI Strings / Common CTAs / cta.sending,Sending...,发送中…
UI Strings / Common CTAs / cta.seeServices,See our services,查看服务
UI Strings / Common CTAs / cta.learnMore,Learn more,了解更多
UI Strings / Common section labels / section.caseStudy,Case study,客户案例
UI Strings / Common section labels / section.theClient,The client,客户简介
UI Strings / Common section labels / section.whatWeDid,What we did,我们做了什么
UI Strings / Common section labels / section.theOutcome,The outcome,最终成果
UI Strings / Common section labels / section.yourTurn,Your turn,下一个，就是你
UI Strings / Common phrases / common.fixedScope,Fixed scope. Fixed price. Team on the ground.,范围透明。一口价。团队就在本地。
UI Strings / Common phrases / common.readingTime,of reading,阅读
UI Strings / Contact form / form.firstName,First name,名
UI Strings / Contact form / form.lastName,Last name,姓
UI Strings / Contact form / form.email,Email,邮箱
UI Strings / Contact form / form.company,Company,公司
UI Strings / Contact form / form.website,Website,网站
UI Strings / Contact form / form.message,Tell us about your project,项目简介
UI Strings / Contact form / form.placeholder.firstName,First name,名
UI Strings / Contact form / form.placeholder.lastName,Last name,姓
UI Strings / Contact form / form.placeholder.email,you@company.com,you@company.com
UI Strings / Contact form / form.placeholder.company,Company name,公司名
UI Strings / Contact form / form.placeholder.website,https://yourcompany.com,https://yourcompany.com
UI Strings / Contact form / form.placeholder.message,What platforms are you interested in? What are your goals in China?,打算先做哪些平台？在中国的目标是什么？
UI Strings / Contact form / form.captcha,What is,请计算
UI Strings / Contact form / form.captchaPlaceholder,Your answer,请输入答案
UI Strings / Contact form / form.networkError,Network error. Check your connection and try again.,网络连接异常，请检查后重试。
UI Strings / Contact form / form.genericError,Something went wrong. Try again.,发送失败，请稍后再试。
UI Strings / Getting started steps / steps.step1.title,Discovery call,先聊一次
UI Strings / Getting started steps / steps.step2.title,Proposal,方案与报价
UI Strings / Getting started steps / steps.step3.title,Live in 2 weeks,两周内上线
UI Strings / Work page / work.all,All,全部
UI Strings / Work page / work.noResults,No case studies match those filters.,暂无符合条件的案例。
UI Strings / Language switcher / lang.switch,FR,EN
Homepage / Meta title,China Social Media Agency | TheRedScroll,中国社媒代理机构 | TheRedScroll
Homepage / Meta description,"We grow social networks in China. Fixed scope, fixed price, team on the ground. WeChat, Douyin, RedNote, Weibo and 14 more platforms. Book a call.",中国社媒，我们帮品牌把增长做出来。范围写明白，一口价，团队就在本地。微信、抖音、小红书、微博，外加14个垂直平台。预约通话。
Homepage / Hero / Overline,TheRedScroll,TheRedScroll
Homepage / Hero / Headline,We grow your brand on China's social platforms.,中国社媒这件事，我们替你把品牌做起来。
Homepage / Hero / Subtitle,More followers. More engagement. More conversions.,粉丝涨得起来，互动有人接，转化看得见。
Homepage / Hero / Tagline,Fixed scope. Fixed price. No surprises.,范围写进合同，一口价到底，不会再来第二张账单。
Homepage / Hero / CTA button 1,Book a call,预约通话
Homepage / Hero / CTA button 2,See our services,查看服务
Homepage / Ecosystem / Heading,Chinese social media is not a channel. It's an ecosystem.,中国社媒不是一个渠道，而是一整套生意。
Homepage / Ecosystem / Subtitle,"Audience, content, influencers, platforms, and commerce are all connected. You can't win on one without the others.",人群、内容、达人、平台、电商，五环相扣。单点猛砸做不起来，整条链路必须一起跑。
Homepage / Ecosystem / CTA button,Book a call,预约通话
Homepage / Ecosystem / Card 1 / Title,Audience.,人群
Homepage / Ecosystem / Card 1 / Description,1 billion users. Dozens of platforms. Each one different. Find your audience first. Then pick the platform.,十亿用户散在几十个平台，每个圈层都有自己的规则。先把人找准，再挑战场。顺序反了，预算白烧。
Homepage / Ecosystem / Card 1 / Stat,1B+,1B+
Homepage / Ecosystem / Card 1 / Stat label,users,用户
Homepage / Ecosystem / Card 2 / Title,Content.,内容
Homepage / Ecosystem / Card 2 / Description,"What works on Douyin fails on WeChat. Every platform has its own format, language, and pace. Build for each one.",抖音上爆的片子，搬到微信可能没人点开。每个平台有自己的节奏和语感，一条通稿包打天下早就行不通。
Homepage / Ecosystem / Card 2 / Stat,18+,18+
Homepage / Ecosystem / Card 2 / Stat label,platforms,平台
Homepage / Ecosystem / Card 3 / Title,Influencers.,达人
Homepage / Ecosystem / Card 3 / Description,"KOLs and KOCs drive buying decisions more than ads do. Right influencer, right platform, right moment. Everything else is waste.",用户信 KOL 和 KOC，不信硬广。人挑对、平台对、时机对，预算才有用武之地。
Homepage / Ecosystem / Card 3 / Stat,80%,80%
Homepage / Ecosystem / Card 3 / Stat label,trust KOLs over ads,用户更信 KOL
Homepage / Ecosystem / Card 4 / Title,Platforms.,平台
Homepage / Ecosystem / Card 4 / Description,"WeChat, Douyin, RedNote, Weibo, and 14 more. Algorithms change monthly. You need a team that's on them every day.",微信、抖音、小红书、微博，另加 14 个头部和垂类。算法每月都在变，没人天天盯就等于没做。
Homepage / Ecosystem / Card 4 / Stat,14+,14+
Homepage / Ecosystem / Card 4 / Stat label,more platforms,其他平台
Homepage / Ecosystem / Card 5 / Title,Commerce.,电商
Homepage / Ecosystem / Card 5 / Description,"Social media in China is where people buy, not just browse. Content and commerce are the same thing here.",在中国，社媒就是货架。用户一边刷一边买，从不用跳走。内容即生意，生意就是内容。
Homepage / Ecosystem / Card 5 / Stat,3.5T,3.5T
Homepage / Ecosystem / Card 5 / Stat label,RMB Douyin GMV,抖音 GMV（元）
Homepage / Services grid / Hero card / Overline,What we do,我们在做什么
Homepage / Services grid / Hero card / Heading,Eight pillars to grow your social networks in China.,八条能力，撑起中国社媒一整盘生意。
Homepage / Services grid / Hero card / Description,"From strategy to content production, from influencer campaigns to private domain CRM. Everything you need, under one roof.",从策略到内容，从达人营销到私域 CRM。做中国社媒要用的手牌，这里都齐了。
Homepage / Services grid / Hero card / CTA,Explore our services,查看全部服务
Homepage / Services grid / Card 1 / Title,"Strategy, campaigns & analytics",策略、活动与数据
Homepage / Services grid / Card 1 / Description,"Market research. Content calendars. Always-on campaigns plus event pushes for launches, festivals, shopping holidays. Monthly reporting with numbers you can act on.",市场调研、内容日历、日常运营，新品、节日、大促各有各的节奏。每月一份可直接落地的数据报告，不是做给董事会看的 PPT。
Homepage / Services grid / Card 1 / CTA,See our strategy services,了解策略服务
Homepage / Services grid / Card 2 / Title,Platforms,平台
Homepage / Services grid / Card 2 / Description,"WeChat, Douyin, RedNote, Weibo, and 14 more. We post where your audience already spends their day.",微信、抖音、小红书、微博，另加 14 个头部和垂类平台。用户在哪里刷，我们就在哪里发。
Homepage / Services grid / Card 2 / CTA,Explore all 18 platforms,查看全部 18 个平台
Homepage / Services grid / Card 3 / Title,Advertising planning & buying,广告策略与投放
Homepage / Services grid / Card 3 / Description,"Media planning, ad accounts, creative testing, performance reports. Ad spend billed separately. No markups. Ever.",媒介规划、账户搭建、素材测试、效果复盘。广告费单独结算，不抽点、不返佣、不掺水。
Homepage / Services grid / Card 3 / CTA,See ad services,了解广告服务
Homepage / Services grid / Card 4 / Title,Content production,内容制作
Homepage / Services grid / Card 4 / Description,AI visuals and video through HubStudio.ai. Real shoots in China. Native copywriting with cultural proofing built in.,AI 视觉与视频由 HubStudio.ai 出片，实景拍摄本地团队完成，文案母语写手原创，文化把关我们内部就能过。
Homepage / Services grid / Card 4 / CTA,See how we create content,了解内容流程
Homepage / Services grid / Card 5 / Title,Influencer marketing,达人营销
Homepage / Services grid / Card 5 / Description,KOL and KOC campaigns from sourcing to final report. Live commerce on Douyin and Taobao Live. We verify every engagement number.,KOL 和 KOC 项目从选人、对接、执行到复盘一条龙。抖音、淘宝直播带货。每一条互动数据我们都亲手核验。
Homepage / Services grid / Card 5 / CTA,See KOL and KOC services,了解达人营销
Homepage / Services grid / Card 6 / Title,China market entry,进入中国市场
Homepage / Services grid / Card 6 / Description,"Account registration, platform verification, e-commerce setup, brand localization. New to China or rebuilding.",账号注册、平台认证、电商搭建、品牌本土化。第一次进中国也好，想推倒重来也好，这一套我们都接得住。
Homepage / Services grid / Card 6 / CTA,Start your China entry,开始落地中国
Homepage / Services grid / Card 7 / Title,CRM & private domain traffic,CRM 与私域
Homepage / Services grid / Card 7 / Description,"WeCom, WeChat CRM, private communities, automated messaging. Build an audience you own.",企业微信、微信 CRM、私域社群、自动化触达。把一次性流量沉淀成真正属于你的用户。
Homepage / Services grid / Card 7 / CTA,Build your private domain,搭建私域
Homepage / Services grid / Card 8 / Title,Training & consulting,培训与咨询
Homepage / Services grid / Card 8 / Description,Masterclasses on specific platforms. Consulting for leadership teams. Coaching for the people running your China accounts.,按平台开设的专题课。给管理层的战略咨询。给一线运营的一对一带教。
Homepage / Services grid / Card 8 / CTA,See training options,了解培训方案
Homepage / Services grid / Bottom CTA card / Heading,Ready to grow in China?,准备好在中国跑一把？
Homepage / Services grid / Bottom CTA card / Subtitle,One call. We'll walk you through what fits your brand.,一通电话，我们帮你把路线理清楚。
Homepage / Services grid / Bottom CTA card / Button,Book a call,预约通话
Homepage / Differentiators / Overline,Why TheRedScroll,为什么选 TheRedScroll
Homepage / Differentiators / Heading,The agency model is broken. Here's how we fixed it.,传统代理那一套早就跟不上了。我们换了另一条路。
Homepage / Differentiators / Problem label,The problem,问题在哪
Homepage / Differentiators / Problem paragraph 1,Platforms move fast. Content doesn't translate. Agencies are expensive and opaque. Results are hard to measure.,平台跑得比代理快，内容硬翻没人看，报价雾里看花，效果说不清道不明。
Homepage / Differentiators / Problem paragraph 2,"Whether you're entering China, already here, or a Chinese brand scaling up, growing on social media is hard without the right team.",无论你是第一次进中国、卡在半路，还是想在国内社媒再上一个台阶，没有一支过硬的团队，增长这件事基本靠运气。
Homepage / Differentiators / Fix label,How we fix it,我们的做法
Homepage / Differentiators / Fix 1 / Title,Clear scope.,范围白纸黑字
Homepage / Differentiators / Fix 1 / Description,Every deliverable defined before you sign. No ambiguity.,每一条交付，在签约前就写清楚，不留模糊地带。
Homepage / Differentiators / Fix 2 / Title,Fixed price.,一口价
Homepage / Differentiators / Fix 2 / Description,One price. No hidden fees. No scope creep. Zero of the 37 agencies we benchmarked offer this.,一次算清，不加项、不漂移、不追加。我们调研过的 37 家同行，没有一家做到这一条。
Homepage / Differentiators / Fix 3 / Title,Team on the ground.,团队常驻本地
Homepage / Differentiators / Fix 3 / Description,Shanghai and Hong Kong. Native speakers. Real-time platform access. Cultural fluency.,人在上海和香港，每天亲手用平台，文化这关不用再翻译一次。
Homepage / Differentiators / Fix 4 / Title,AI-powered content.,AI 负责产能，人负责判断
Homepage / Differentiators / Fix 4 / Description,Faster delivery. Lower costs. Strategy stays 100% human.,出片更快、成本更低。策略判断始终留在人手上。
Homepage / Differentiators / CTA button,Book a call,预约通话
Homepage / Platforms / Overline,Where we post,我们发布的平台
Homepage / Platforms / Heading,WeChat. Douyin. RedNote. Weibo. And 14 more.,微信、抖音、小红书、微博，另加 14 个。
Homepage / Platforms / Card 1 / Name,WeChat,微信
Homepage / Platforms / Card 1 / Chinese label,微信,国民超级应用
Homepage / Platforms / Card 1 / Description,"China's super app. Official Accounts, Moments, Mini Programs, WeCom. If you're going to pick just one platform in China, this is the one.",中国人每天离不开的超级 App。公众号、朋友圈、小程序、企业微信一应俱全。在中国只押一个平台，那就是它。
Homepage / Platforms / Card 2 / Name,RedNote,小红书
Homepage / Platforms / Card 2 / Chinese label,小红书,种草决策场
Homepage / Platforms / Card 2 / Description,"Where Chinese consumers go before they buy pretty much anything. Reviews, tutorials, shoppable posts. Think of it as China's version of Instagram, except people actually buy things from it.",中国消费者下单前的那本翻开的笔记本。测评、攻略、种草笔记，决策链路短得惊人，转化看得见。
Homepage / Platforms / Card 3 / Name,Douyin,抖音
Homepage / Platforms / Card 3 / Chinese label,抖音,短视频 + 直播带货
Homepage / Platforms / Card 3 / Description,Short video meets live commerce. The reach is massive and the path from content to sale is short. Brands that crack Douyin tend to see results fast.,短视频加直播电商的主战场。流量体量足够大，从看到买之间只隔一个点击。跑通的品牌，几个月就能出结果。
Homepage / Platforms / Card 4 / Name,Weibo,微博
Homepage / Platforms / Card 4 / Chinese label,微博,热搜与公关主场
Homepage / Platforms / Card 4 / Description,"Mass reach and PR. Trending topics, celebrity tie-ins, news cycles. When you need a brand name to travel across China quickly, this is still where it happens.",大众传播和公关的主阵地。热搜、明星合作、话题舆情，要让品牌名一夜传遍全国，至今没有比微博更快的平台。
Homepage / Platforms / Note,"Plus Bilibili, Kuaishou, Zhihu, Toutiao, Meituan, Dianping, Pinduoduo, Taobao Live, and others. Each priced as a clear add-on based on your industry.",此外还有 B站、快手、知乎、今日头条、美团、大众点评、拼多多、淘宝直播等。每个平台按你的行业单独报价，清清楚楚一口价。
Homepage / Platforms / CTA button,See all platforms,查看全部平台
Homepage / WhoWeAre / Overline,About TheRedScroll,关于 TheRedScroll
Homepage / WhoWeAre / Heading,We grow social networks in China. From the ground.,中国社媒的增长，靠的是一支常驻本地的团队。
Homepage / WhoWeAre / Paragraph 1,"TheRedScroll is a social media agency built for China. We work from Shanghai and Hong Kong, inside the platforms, every single day.",TheRedScroll 是一家只做中国社媒的代理，办公室在上海和香港。我们每天泡在平台里，而不是隔着后台看报表。
Homepage / WhoWeAre / Paragraph 2,"Our team is native Chinese speakers. They live on WeChat, Douyin, RedNote, and Weibo the same way your audience does. When a trending topic breaks on Weibo at 9 AM Beijing time, we're already on it.",团队成员全是土生土长的中国人，和你的用户一起刷微信、抖音、小红书、微博。北京时间早上九点一条热搜冒头，我们这边已经在跟进。
Homepage / WhoWeAre / Paragraph 3,"We serve three types of clients: international brands entering China for the first time, international brands already operating in China who want better results, and Chinese brands growing their domestic social presence.",我们只服务三类客户：第一次进入中国市场的国际品牌、已经进来但没跑起来的国际品牌、以及想把国内社媒做到下一个量级的本土品牌。
Homepage / WhoWeAre / Stat 1 / Value,20+,20+
Homepage / WhoWeAre / Stat 1 / Label,Years of experience,年行业经验
Homepage / WhoWeAre / Stat 2 / Value,18+,18+
Homepage / WhoWeAre / Stat 2 / Label,Platforms covered,覆盖平台
Homepage / WhoWeAre / Stat 3 / Value,Our own,自有
Homepage / WhoWeAre / Stat 3 / Label,Studio,内容工作室
Homepage / WhoWeAre / Image alt 1,TheRedScroll China office,TheRedScroll中国办公室
Homepage / WhoWeAre / Image alt 2,TheRedScroll Hong Kong office,TheRedScroll香港办公室
Homepage / WhoWeAre / Image alt 3,TheRedScroll team,TheRedScroll团队
Homepage / Featured projects / Overline,Featured projects,精选案例
Homepage / Featured projects / Heading,Campaigns that grow brands across China's platforms.,这些品牌，已经在中国社媒真正跑出了结果。
Homepage / Featured projects / Description,"From luxury launches to B2B lead generation. Real campaigns, real platforms, real results.",从奢侈品新品发布到 B2B 获客，真实的项目、真实的平台、可核验的数据。
Homepage / Featured projects / CTA button,See all projects,查看全部案例
Homepage / Featured projects / Project 1 / Title,Viessmann: social-to-commerce engine in China,Viessmann：把社媒流量直接做成订单
Homepage / Featured projects / Project 1 / Industry tag,Climate Systems,暖通系统
Homepage / Featured projects / Project 1 / Platform tag,Douyin + RedNote + WeCom,抖音 + 小红书 + 企业微信
Homepage / Featured projects / Project 2 / Title,Jaguar Land Rover: reaching younger consumers,捷豹路虎：用社媒打动更年轻的用户
Homepage / Featured projects / Project 2 / Industry tag,Automotive,汽车
Homepage / Featured projects / Project 2 / Platform tag,Douyin + RedNote + WeChat,抖音 + 小红书 + 微信
Homepage / Featured projects / Project 3 / Title,JAC Motors: AI-powered community building,JAC 江淮：靠 AI 把车主社群真正做起来
Homepage / Featured projects / Project 3 / Industry tag,Automotive / EV,汽车 / 新能源
Homepage / Featured projects / Project 3 / Platform tag,WeChat + RedNote + Weibo,微信 + 小红书 + 微博
Homepage / Featured projects / Project 4 / Title,iGuzzini: luxury lighting goes consumer,iGuzzini：让高端照明走进大众视野
Homepage / Featured projects / Project 4 / Industry tag,Luxury Lighting,高端照明
Homepage / Featured projects / Project 4 / Platform tag,WeChat + RedNote + Weibo,微信 + 小红书 + 微博
Homepage / How it works / Overline,Getting started,合作流程
Homepage / How it works / Heading,One call. One proposal. One price.,一通电话、一份方案、一口价。
Homepage / How it works / Step label prefix,Step,第
Homepage / How it works / Step 1 / Title,Discovery call.,先聊 30 分钟
Homepage / How it works / Step 1 / Description,"30 minutes. We ask about your brand, your goals, how ready you are for China. No pitch deck. Just the right questions.",直接聊你的品牌、目标、在中国这边的准备情况。没有 PPT，不走流程，只问真正该问的问题。
Homepage / How it works / Step 2 / Title,Proposal.,出方案、给报价
Homepage / How it works / Step 2 / Description,Clear SOW. Fixed price. Every deliverable listed out. You see what you're getting and what it costs before you commit to anything.,SOW 写得一清二楚，一口报价，每一条交付都摆上台面。签字之前，你就知道能拿到什么、要花多少钱。
Homepage / How it works / Step 3 / Title,Live in 2 weeks.,14 天内上线
Homepage / How it works / Step 3 / Description,"Onboarding, accounts set up, first content published. Fourteen days from signed contract to first post going live.",对接、开户、搭账号、首批内容出街。从合同签完算起，14 天内首条内容在平台上跑起来。
Homepage / How it works / CTA button,Book a call,预约通话
Homepage / Blog preview / Overline,Insights,行业洞察
Homepage / Blog preview / Heading,What we're writing about.,我们最近在研究的几件事。
Homepage / Blog preview / Reading label,of reading,阅读
Homepage / Blog preview / CTA button,Read more insights,查看更多文章
About / Meta title,About | TheRedScroll,关于我们 | TheRedScroll
About / Meta description,"TheRedScroll is a China-based social media agency. Fixed scope, fixed price, team on the ground. From Shanghai and Hong Kong, every day.",TheRedScroll，一家专注中国社媒的本土代理。明码标价，范围写进合同。团队常驻上海和香港，每天都在一线。
About / Hero / Overline,About us,关于我们
About / Hero / Headline,The people behind your brand in China.,在中国，替你亲手把品牌做起来的那群人。
About / Hero / Subtitle,25 years on the ground. Senior team. No handoffs.,25 年一线经验。一支主心骨团队。项目不转包。
About / Hero / CTA button 1,Book a call,预约通话
About / Hero / CTA button 2,Meet the team,看看团队
About / Why we exist / Overline,Why we exist,为什么有我们
About / Why we exist / Heading,Most agencies sell strategy. Then hand execution to a team that's never opened Douyin.,多数代理把策略卖得漂亮，真正执行的活却交给一群从不刷抖音的人。
About / Why we exist / Paragraph 1,"Great deck. Sharp frameworks. Then a junior team that doesn't really know how RedNote works goes and posts the same content across every platform. Six months later, nobody can explain where the budget went.",提案永远光鲜亮丽，框架一层套一层。落到执行环节，却是一批连小红书算法都没摸透的新人，把同一套内容复制粘贴到每个平台。半年过去，预算花去哪里，没人说得清。
About / Why we exist / Paragraph 2,We started TheRedScroll because we were tired of watching that happen. We built an agency where the people who make the plan are the same people who post the content. Where the price is fixed and the results are measurable.,TheRedScroll 就是为了解决这件事而来。做策略的人和发内容的人，从第一天起就是同一批。价格一次报清，结果用数据说话。
About / Why we exist / Paragraph 3,Just work that shows up on the platforms. Every day. From China.,团队常驻中国，每一条内容都直接发在平台上，谁都能查到。
About / Why we exist / Signature name,Cyril Drouin,Cyril Drouin
About / Why we exist / Signature title,"Founder and CEO, TheRedScroll",创始人兼CEO，TheRedScroll
About / Why we exist / Signature image alt,Cyril Drouin signature,Cyril Drouin 签名
About / Our mission / Overline,Our mission,我们的使命
About / Our mission / Heading,We help brands grow on China's social networks.,帮品牌在中国社媒上跑出真实增长。
About / Our mission / Paragraph 1,"Not in ways that look good on a slide. In ways they can actually measure. Followers, engagement, conversions.",不是提案里看起来漂亮的那种增长，而是数据里能算清楚的那种。粉丝、互动、转化，每一项都经得起复核。
About / Our mission / Paragraph 2,"China's platforms are crowded and expensive. Chinese domestic brands know the market inside out, and that's a tough gap to close from the outside. We close it with a fixed scope, a fixed price, and a team that lives on these platforms.",国内社媒厮杀激烈，流量成本一年比一年高。本土品牌对市场的敏感度是多年养出来的，外来团队想追上这份手感本就困难。我们的做法很直接：范围写进合同、价格一次报清、团队每天泡在平台上，该看的都看，该跟的都跟。
About / Our mission / SVG / Phone 1 app name,Douyin,抖音
About / Our mission / SVG / Phone 1 metric label,Followers,粉丝
About / Our mission / SVG / Phone 2 app name,WeChat,微信
About / Our mission / SVG / Phone 2 metric 1 label,Article reads,文章阅读量
About / Our mission / SVG / Phone 2 metric 2 label,Engagement,互动率
About / Our mission / SVG / Phone 3 app name,RedNote,小红书
About / Our mission / SVG / Phone 3 metric label,Followers,粉丝
About / Our mission / SVG / Badge 1,+2.4K today,今日+2.4K
About / Our mission / SVG / Badge 2,Conversions +41%,转化率 +41%
About / Our mission / SVG / Badge 3,89.2K reads,89.2K 阅读
About / Our mission / Image aria-label,Phone screens showing growth on Chinese social platforms,手机屏幕展示中国社交媒体增长数据
About / Our vision / Overline,Our vision,我们的愿景
About / Our vision / Heading,A skilled social media manager with the right AI tools outperforms the old agency model.,一个真正懂中国社媒的人，配上称手的 AI 工具，足以顶掉传统代理整条流水线。
About / Our vision / Paragraph 1,"The old agency model stacks too many people on top of each other. Planners, copywriters, designers, project managers. Everyone's billing hours. And half of them have never actually posted on Douyin.",传统代理的打法是岗位叠岗位：策略、文案、设计、项目经理、客户总监，每一道工序都按人头计时收费。坦白讲，其中一半的人连抖音都没亲手发过一条。
About / Our vision / Paragraph 2,"We use HubStudio.ai for content production, visual assets, and copy drafts. What used to take a week takes a day. Strategy and cultural context still come from people. That's not going to change, no matter how good the tools get.",我们自研了 HubStudio.ai，专门负责视觉、视频和文案初稿。过去一周才能出的东西，现在一天就能交付。但策略判断、文化洞察这些关键环节，始终留在人手上，再强的工具也替不了。
About / Our vision / Callout,"China's AIGC market reached RMB 25.7 billion in 2025, growing at 60% year over year. Over half of Chinese advertisers already use AI in creative production. Source: industry benchmark data, 2025.",2025 年，中国 AIGC 市场规模已突破 257 亿元，同比增长超过 60%。超过一半的国内广告主，已把 AI 用在创意生产的第一线。数据来源：2025 年行业报告。
About / Our vision / SVG / Title,TIME TO DELIVER,交付周期
About / Our vision / SVG / Old model label,OLD AGENCY MODEL,传统代理机构模式
About / Our vision / SVG / Week 1 label,Week 1,第1周
About / Our vision / SVG / Week 2 label,Week 2,第2周
About / Our vision / SVG / Week 3 label,Week 3,第3周
About / Our vision / SVG / Week 4 label,Week 4,第4周
About / Our vision / SVG / Week 5 label,Week 5,第5周
About / Our vision / SVG / Role 1,Planner,策划
About / Our vision / SVG / Role 2,Copywriter,文案
About / Our vision / SVG / Role 3,Designer,设计师
About / Our vision / SVG / Role 4,Project Mgr,项目经理
About / Our vision / SVG / Role 5,Account Mgr,客户经理
About / Our vision / SVG / New model label,THEREDSCROLL + AI,THEREDSCROLL + AI
About / Our vision / SVG / Duration label,1 day,1 天
About / Our vision / SVG / Time saved label,Time saved,节省的时间
About / Our vision / SVG / Strategist role,Strategist on the ground,实战策略师
About / Our vision / SVG / Stat 1 label,faster delivery,更快
About / Our vision / SVG / Stat 2 label,fewer billable roles,减少计费岗位
About / Our vision / SVG / Stat 3 label,human-led strategy,人驱动的策略
About / Our vision / Image aria-label,Speed comparison: old agency model vs TheRedScroll with AI,速度对比：传统代理机构模式与 TheRedScroll AI 模式
About / Leadership / Overline,Leadership,核心团队
About / Leadership / Heading,The people behind TheRedScroll.,TheRedScroll 背后，撑起这家代理的几位核心。
About / Leadership / Cyril Drouin / Title,Founder and CEO,创始人兼CEO
About / Leadership / Cyril Drouin / Bio,"25 years in digital, advertising, and commerce. Former CEO of Publicis Commerce and Performance Marketing, China and North Asia.",深耕数字营销、广告与电商一线 25 年。曾任阳狮集团中国及北亚区商业与效果营销 CEO。
About / Leadership / Echo Peng / Title,Senior Director,高级总监
About / Leadership / Echo Peng / Bio,18 years in ecommerce and digital in China. Former operations director at Publicis China.,深耕国内电商与数字营销 18 年。曾任阳狮中国运营总监。
About / Leadership / Liyan Ye / Title,Senior Director,高级总监
About / Leadership / Liyan Ye / Bio,20 years of marketing experience with Fortune 500 companies in China.,营销行业 20 年，服务过多家在华世界 500 强客户。
About / Our team / Overline,Our team,我们的团队
About / Our team / Heading,Former 4A agency people. Platform strategists who post every day.,4A 出身的老兵，至今仍每天亲手发内容的一线操盘手。
About / Our team / Paragraph 1,"Platform strategists who post on WeChat, Douyin, RedNote, and Weibo every day. Content producers who've built editorial calendars for dozens of brands across China. Most of our team has been doing this for over a decade.",团队成员每天泡在微信、抖音、小红书、微博里。几十个国内品牌的内容日历，都是他们亲手排出来的。大部分成员在这一行至少十年起步。
About / Our team / Paragraph 2,The person building your social media roadmap is the same person making sure content goes live and performs. No gap between strategy and what actually gets posted.,为你画社媒路线图的那个人，也是按时发内容、跑出结果的那个人。策略和执行之间，从来没有一堵墙。
About / Our team / Paragraph 3,We've launched beauty brands on RedNote. Grown F&B communities on WeChat. Built automotive audiences through Douyin.,在小红书帮美妆品牌打开过市场，在微信帮食品品牌养起过社群，在抖音帮汽车品牌攒起过私域。
About / Our team / Image alt,TheRedScroll China office,TheRedScroll 中国办公室
About / Stats bar / Overline,Clients who trust our expertise,一路合作过的客户
About / Stats bar / Stat 1 / Value,35+,35+
About / Stats bar / Stat 1 / Label,Brands served,服务过的品牌
About / Stats bar / Stat 2 / Value,500M+,500M+
About / Stats bar / Stat 2 / Label,RMB in ecommerce GMV,电商 GMV（元）
About / Stats bar / Stat 3 / Value,150+,150+
About / Stats bar / Stat 3 / Label,Campaigns delivered,交付过的项目
About / Stats bar / Stat 4 / Value,20+,20+
About / Stats bar / Stat 4 / Label,Consulting engagements,咨询顾问项目
About / Our values / Overline,Our values,我们的原则
About / Our values / Heading,What we stand for.,几条写死的原则。
About / Our values / Value 1 / Title,Accountability is personal,责任写在一个人身上
About / Our values / Value 1 / Description,Every project has a name on it. Not a department. A person.,每个项目背后都签着一个名字。不是部门，不是团队，是一个你能找得到的人。
About / Our values / Value 2 / Title,People come first,底子永远是人
About / Our values / Value 2 / Description,"AI makes us faster. People make us who we are. Technology serves the team, not the other way around.",AI 让我们更快，但这家代理的底子始终是人。工具围着团队转，不是团队围着工具转。
About / Our values / Value 3 / Title,Say it straight,有问题当天就摆上桌
About / Our values / Value 3 / Description,"If a campaign isn't working, we'll say so. We'd rather have that uncomfortable conversation now than a disappointed client six months from now.",一个项目跑得不对，当天就说清楚。一次不舒服的对话，好过半年后一个失望的客户。
About / Our values / Value 4 / Title,"Do fewer things, do them well",只做这一件事
About / Our values / Value 4 / Description,Social media in China. That's what we do. We don't bolt on PR or web development or event planning. The focus is what makes us good at it.,中国社媒，只做这一件。不做公关、不做建站、不做线下活动。专注，是把事情做到位的前提。
About / Our values / Value 5 / Title,Deliver every single month,每月必须交东西
About / Our values / Value 5 / Description,"Fixed pricing means every month has to count. If we're not producing results, you'll see it in the numbers. So will we.",一口价意味着每个月都要拿得出实打实的交付。数据好不好看，双方都看得见。对你如此，对我们同样。
About / What makes us different / Overline,What makes us different,不一样的地方
About / What makes us different / Heading,Five reasons brands choose TheRedScroll.,客户最终选择 TheRedScroll，原因只有五条。
About / What makes us different / Reason 1 / Title,Fixed scope. Fixed price. Always.,范围透明、一口价、说到做到
About / What makes us different / Reason 1 / Description,We benchmarked 37 agencies in our space. Zero offer fixed-price packages. Every one of them uses custom quoting with unclear deliverables. We do the opposite.,市面上 37 家同行我们都看过。没有一家敢给出一口价套餐，清一色定制报价，交付内容含糊其辞。我们反其道而行。
About / What makes us different / Reason 2 / Title,We only take projects we can win.,没把握的项目不接
About / What makes us different / Reason 2 / Description,"If we can't grow your social networks in China, we'll tell you upfront. Before you sign anything. Your results matter more than our client count.",如果我们判断帮不到你，会在签合同前就直接说明。你的结果，比客户名单上多一个数字更重要。
About / What makes us different / Reason 3 / Title,We're in China. Not near it.,团队就在中国，不做远程操盘
About / What makes us different / Reason 3 / Description,"When RedNote changes its algorithm overnight or a Douyin format goes viral at 9am, we don't find out hours later. We're already on it.",小红书半夜调整算法、抖音新格式早上九点冲上热搜，这些事我们不会几小时后才知道。那个时间点，我们已经开始调整策略。
About / What makes us different / Reason 4 / Title,AI handles the volume. People handle the thinking.,AI 负责产能，人负责判断
About / What makes us different / Reason 4 / Description,"We use HubStudio.ai for content production and visual assets. Strategy, cultural nuance, and client relationships stay with people who know China.",内容与视觉由 HubStudio.ai 输出。但策略、文化判断、客户关系，始终握在真正懂中国的人手里。
About / What makes us different / Reason 5 / Title,25 years of relationships.,25 年沉淀下来的人脉
About / What makes us different / Reason 5 / Description,KOL agencies that actually vet their influencers. Platform contacts who pick up when rules change. The kind of instinct for what works that you really only get from years of doing it.,靠谱的达人机构，我们能点名推荐。平台出问题时，能直接拨通电话的联系人也都在通讯录里。还有一种常年浸泡在一线才能养出的嗅觉：什么会火，为什么会火。
About / Bottom CTA / Heading,Ready to talk?,要不约个时间聊聊？
About / Bottom CTA / Subtitle,"One call. We'll walk you through what we do, what it costs, and whether we're the right fit.",一通电话，把能做什么、花多少钱、合不合适你，全都讲清楚。
About / Bottom CTA / Button 1,Book a call,预约通话
About / Bottom CTA / Button 2,See pricing,看看价格
AI / Meta title,AI changed everything | TheRedScroll,AI改写了规则 | TheRedScroll
AI / Meta description,"We build AI into every service, every platform, every client. Strategy is human. Creative direction is human. AI clears everything else out of the way.",AI早就长在我们每一项服务、每一个平台、每一个客户项目里。策略和创意永远是人在拍板，其余的交给机器。
AI / Hero / Overline,Our AI,AI 能力
AI / Hero / Headline,AI changed everything. We use it every day.,AI 已经改写规则。我们早把它装进了日常。
AI / Hero / Subtitle,Built into every service. Every platform. Every client.,每项服务、每个平台、每个客户都在跑。
AI / Hero / CTA button 1,Book a call,预约通话
AI / Hero / CTA button 2,See how it works,看怎么跑
AI / Intro / Overline,Why AI,为什么是 AI
AI / Intro / Heading,We do not talk about AI. We build it into everything we do.,不谈概念，直接落到每一份交付里。
AI / Intro / Paragraph 1,"Market research, social listening, data reporting, performance analysis, project management, content writing, image production, video production. Every service. Every client. Every day.",市场调研、舆情监测、数据报表、效果复盘、项目排期、文案、图片、视频。每天都在跑，每个客户都在用。
AI / Intro / Paragraph 2,"This is not about replacing people. It is about making them better. AI clears the repetitive work out of the way so our team can focus on what actually matters: strategy, creative direction, and client relationships.",不是替掉谁，是让每个人把力气花在对的地方。重复的、耗时的活儿丢给 AI，团队腾出脑子去做真正值钱的事：策略、创意判断、客户关系。
AI / Intro / Paragraph 3,That is the difference between talking about AI and using it.,"""号称在用 AI""和""真的在用 AI""，差别就在这儿。"
AI / How it works / Overline,How it works,具体怎么跑
AI / How it works / Heading,AI does the work. We do the thinking.,AI 干活，我们拿主意。
AI / How it works / Paragraph 1,"Our social media managers are augmented by AI. The repetitive, time-consuming tasks disappear. What stays is the work that matters most.",社媒团队天天用 AI。那些耗时间又没价值的重复活儿一刀切掉，剩下的，全是真正值得人去做的事。
AI / How it works / Paragraph 2,Strategy is human. Creative direction is human. Client relationships are human. AI makes all three better by clearing everything else out of the way.,策略、创意方向、客户关系，这三块永远在人手里。AI 的作用，是把路障搬开，让这三件事跑得更快。
AI / How it works / SVG / Title,AI-AUGMENTED WORKFLOW,AI 辅助工作流程
AI / How it works / SVG / Step 1 label,Research,调研
AI / How it works / SVG / Step 1 description,AI scans thousands of posts and competitor accounts,AI 扫几千条帖子和竞品账号
AI / How it works / SVG / Step 1 tag,"Hours, not weeks",以小时计，不是按周
AI / How it works / SVG / Step 2 label,Content creation,内容制作
AI / How it works / SVG / Step 2 description,"AI drafts copy, generates visuals via HubStudio.ai",AI 起文案，HubStudio.ai 出视觉
AI / How it works / SVG / Step 2 tag,80% faster,提速 80%
AI / How it works / SVG / Step 3 label,Human review,人工把关
AI / How it works / SVG / Step 3 description,Native editors refine. Creative team reviews every asset.,本地编辑改稿，创意团队一条条过
AI / How it works / SVG / Step 3 tag,100% human,100% 人工
AI / How it works / SVG / Step 4 label,Reporting,数据报表
AI / How it works / SVG / Step 4 description,AI compiles data. Strategists interpret and recommend.,AI 拉数据，策略师负责读懂
AI / How it works / SVG / Step 4 tag,Real-time data,实时更新
AI / How it works / SVG / Stat 1 value,AI,AI
AI / How it works / SVG / Stat 1 label,handles the volume,扛下重复工作
AI / How it works / SVG / Stat 2 value,People,团队
AI / How it works / SVG / Stat 2 label,handle the thinking,拿策略和方向
AI / How it works / SVG / Stat 3 value,100%,100%
AI / How it works / SVG / Stat 3 label,reviewed by humans,人工审核
AI / How it works / Image aria-label,AI augments every step of the workflow,AI 跑通工作流程的每一个环节
AI / Division of labor / Overline,Division of labor,谁做什么
AI / Division of labor / Heading,AI handles the volume. People handle the thinking.,AI 跑批量，团队定方向。
AI / Division of labor / Paragraph 1,AI drafts copy in Chinese and English. Our team defines your brand voice and content pillars. AI generates product visuals and video. Our team sets the creative direction and reviews every asset.,AI 出中英文稿子，团队定品牌调性和内容主线。AI 生成图片和短视频素材，团队盯死创意方向，每个元素都过一遍才放出去。
AI / Division of labor / Paragraph 2,AI compiles performance data into reports. Our strategists interpret the data and adjust your strategy. AI screens thousands of KOL (Key Opinion Leader) profiles and flags fake followers. Our team picks the right influencers and negotiates the deal.,AI 把各平台数据汇成结构化报表，策略师再深读，再调打法。KOL 这块，AI 扫几千份资料、揪出假粉账号，最后由人选人、谈合作。
AI / Division of labor / Callout,Every piece of content is reviewed by a human before it goes live. Every single one.,每条内容发出去之前，都有人过手。一条不漏。
AI / Division of labor / SVG / Title,WHO DOES WHAT,分工一览
AI / Division of labor / SVG / Column 1 header,AI DOES THIS,AI 负责
AI / Division of labor / SVG / Column 2 header,OUR TEAM DOES THIS,团队负责
AI / Division of labor / SVG / Row 1 AI,Drafts copy in Chinese and English,起中英文内容
AI / Division of labor / SVG / Row 1 Team,Defines brand voice and content pillars,定品牌调性和内容主线
AI / Division of labor / SVG / Row 2 AI,Generates product visuals and video,出图片和短视频素材
AI / Division of labor / SVG / Row 2 Team,"Sets creative direction, reviews every asset",盯创意方向，逐项审核
AI / Division of labor / SVG / Row 3 AI,Compiles performance data into reports,汇总各平台数据
AI / Division of labor / SVG / Row 3 Team,Interprets data and adjusts your strategy,读懂数据，调整打法
AI / Division of labor / SVG / Row 4 AI,Monitors brand mentions and trends,盯品牌提及，抓趋势
AI / Division of labor / SVG / Row 4 Team,Decides what to act on and how to respond,挑哪些趋势能用，怎么用
AI / Division of labor / SVG / Row 5 AI,Tracks deadlines and content approvals,跟进度，跑审批流程
AI / Division of labor / SVG / Row 5 Team,Runs workshops and asks the hard questions,主持工作坊，问对问题
AI / Division of labor / SVG / Row 6 AI,Scans thousands of competitor posts,扫几千条竞品内容
AI / Division of labor / SVG / Row 6 Team,Picks which platforms fit your audience,挑出最对的平台
AI / Division of labor / SVG / Row 7 AI,Produces first drafts of monthly reports,起月度报表初稿
AI / Division of labor / SVG / Row 7 Team,Writes the strategic recommendations,给出战略建议
AI / Division of labor / SVG / Row 8 AI,"Screens KOL profiles, flags fake followers",扫 KOL 资料，揪假粉
AI / Division of labor / SVG / Row 8 Team,"Picks the right influencers, negotiates",选人，谈合作
AI / Division of labor / SVG / Summary 1 title,Speed and scale,速度和规模
AI / Division of labor / SVG / Summary 1 subtitle,"Volume, data, first drafts",批量处理、数据汇总、起初稿
AI / Division of labor / SVG / Summary 2 title,Judgment and taste,判断和洞察
AI / Division of labor / SVG / Summary 2 subtitle,"Strategy, nuance, relationships",策略、文化、客户关系
AI / Division of labor / Image aria-label,AI versus human responsibility split,AI 与团队的分工
AI / Better content / Overline,Better content. Not fake content.,内容拼的是质感，不是机器堆量
AI / Better content / Stat 1 / Value,0,0
AI / Better content / Stat 1 / Label,Generic AI posts published,直接发出的 AI 原稿数
AI / Better content / Stat 2 / Value,100%,100%
AI / Better content / Stat 2 / Label,Content reviewed by a human,内容全部经人工审核
AI / Better content / Stat 3 / Value,Every single one,每条文案
AI / Better content / Stat 3 / Label,Native Chinese editors refine every draft,都由本地中文编辑亲手改过
AI / Better content / Paragraph 1,We do not publish fake AI content. No generic posts. No robotic captions. No obvious AI images dumped onto a feed. That is the fastest way to lose followers and credibility on Chinese platforms.,我们不发一眼就是 AI 味儿的内容。没有千篇一律的帖子，没有生硬的文案，更没有那种直接塞进信息流的 AI 图。在国内社媒，这是掉粉、砸口碑最快的方式。
AI / Better content / Paragraph 2,AI drafts copy. Native Chinese editors refine it. AI generates product visuals through HubStudio.ai. Our creative team reviews every frame. AI pulls data for reports. Our strategists interpret it and tell you what it means.,AI 先起稿，本地编辑一条条改。HubStudio.ai 出视觉，创意团队一张张过。AI 拉数据，策略师读完才告诉你重点在哪。
AI / Applications / Overline,Applications,用在哪里
AI / Applications / Heading,Where AI shows up in our work,AI 到底落在哪几个环节
AI / Applications / Card 1 / Title,Market research,市场调研
AI / Applications / Card 1 / Description,"AI scans thousands of posts, comments, and competitor accounts in hours. Not weeks.",几个小时，AI 就把几千条帖子、评论和竞品账号扫完。搁以前，这活儿得一到两周。
AI / Applications / Card 1 / Image alt,Market research illustration,市场调研示意图
AI / Applications / Card 2 / Title,Social listening,舆情监测
AI / Applications / Card 2 / Description,"Real-time monitoring across WeChat, Douyin, RedNote, Weibo, and 14 more platforms. AI flags trends, sentiment shifts, and brand mentions as they happen.",覆盖微信、抖音、小红书、微博等 14 个以上平台。AI 实时抓趋势、情绪和品牌提及。
AI / Applications / Card 2 / Image alt,Social listening illustration,社交舆情监测示意图
AI / Applications / Card 3 / Title,Content writing,文案撰写
AI / Applications / Card 3 / Description,"AI produces first drafts in Chinese and English. Native speakers edit for tone, cultural context, and platform-specific format.",AI 起中英文初稿，本地编辑再按语感、文化和平台调性过一遍。
AI / Applications / Card 3 / Image alt,Content writing illustration,内容撰写示意图
AI / Applications / Card 4 / Title,Image and video production,图片和视频
AI / Applications / Card 4 / Description,"HubStudio.ai generates product visuals, lifestyle imagery, and short-form video. Custom AI models trained on your brand identity. 80% faster. A fraction of the cost.",HubStudio.ai 出产品图、生活场景图和短视频。按你的品牌视觉训练专属模型，出片提速 80%，成本压下来。
AI / Applications / Card 4 / Image alt,Image and video production illustration,图片与视频制作示意图
AI / Applications / Card 5 / Title,Performance reporting,数据报表
AI / Applications / Card 5 / Description,AI compiles data across every platform into one clear report. No manual spreadsheets. No three-week delays.,AI 把各平台数据汇进一张干净的总表。不用人手拉数，也不用等三周才看到结果。
AI / Applications / Card 5 / Image alt,Performance reporting illustration,绩效报告示意图
AI / Applications / Card 6 / Title,Project management,项目排期
AI / Applications / Card 6 / Description,"AI tracks deadlines, content approvals, and campaign milestones so nothing falls through the cracks.",AI 盯死 deadline、内容审批和 campaign 节点，该提醒的一项不落。
AI / Applications / Card 6 / Image alt,Project management illustration,项目管理示意图
AI / Budget / Overline,Your budget,说说预算
AI / Budget / Heading,Why this matters for your budget,AI 怎么帮你省钱
AI / Budget / Paragraph 1,Most agencies charge for large teams doing manual work. We run leaner because AI multiplies what each person can do.,大多数代理的报价，本质是在为一支庞大团队的人头买单。我们人少，是因为 AI 把每个人的产出放大了好几倍。
AI / Budget / Paragraph 2,That is how we offer fixed-price packages with a clear scope of work. We know exactly what it takes to deliver because we have built the systems to do it efficiently.,所以我们才敢做一口价套餐，把范围写得明明白白。每项服务要花多少力气，我们心里有数，工具就是我们自己搭的。
AI / Budget / Paragraph 3,"You get more content, more reporting, and more strategic attention for the same budget. Or the same output for less.",同一笔预算，你能拿到更多内容、更多数据、更多策略支持。或者同样的产出，钱花得更少。
AI / Budget / SVG / Title,COST STRUCTURE,成本结构
AI / Budget / SVG / Old model label,TRADITIONAL AGENCY,传统代理
AI / Budget / SVG / Role 1,Planner,策划
AI / Budget / SVG / Role 2,Copywriter,文案
AI / Budget / SVG / Role 3,Designer,设计
AI / Budget / SVG / Role 4,Video editor,剪辑
AI / Budget / SVG / Role 5,Project mgr,项目经理
AI / Budget / SVG / Role 6,Account mgr,客户经理
AI / Budget / SVG / Old model note,6 billable roles per project,每个项目按 6 个岗位收钱
AI / Budget / SVG / New model label,THEREDSCROLL + AI,THEREDSCROLL + AI
AI / Budget / SVG / Strategist label,Strategist + AI,策略师 + AI
AI / Budget / SVG / Cost saved label,Cost saved,省下来的钱
AI / Budget / SVG / New model note,"1 senior person, AI-augmented",1 位资深选手，AI 全程接力
AI / Budget / SVG / Stat 1 value,Fixed,一口价
AI / Budget / SVG / Stat 1 label,price per package,套餐定价
AI / Budget / SVG / Stat 2 value,Clear,写清楚
AI / Budget / SVG / Stat 2 label,scope of work,范围明确
AI / Budget / SVG / Stat 3 value,More,更多
AI / Budget / SVG / Stat 3 label,output for the same budget,同一笔预算，更多产出
AI / Budget / Image aria-label,Cost comparison: traditional agency versus TheRedScroll with AI,成本结构对比：传统代理机构与 TheRedScroll AI 模式
AI / The result / Overline,The result,最后跑出来的结果
AI / The result / Heading,More followers. More engagement. More conversions.,粉丝更多，互动更深，转化更扎实。
AI / The result / Card 1 / Title,"Better content, faster",内容更好，出得更快
AI / The result / Card 1 / Description,"AI-generated first drafts mean more content goes live, more often. Native editors make sure every post is platform-ready and culturally accurate.",AI 起稿，发布节奏和频率都能拉起来。本地编辑把着调性、文化和平台感觉，一条一条过。
AI / The result / Card 2 / Title,Data that moves in real time,数据不再滞后
AI / The result / Card 2 / Description,No more waiting three weeks for a report. AI compiles performance data across every platform so our strategists can adjust your campaigns while they're still running.,不用等三周才拿到报表。AI 把各平台数据汇总，策略师在 campaign 跑的过程里就能调。
AI / The result / Card 3 / Title,Smarter influencer selection,达人选得更准
AI / The result / Card 3 / Description,AI screens thousands of KOL profiles and flags fake followers before our team picks the right influencers for your brand and negotiates the deal.,AI 扫几千份 KOL 资料，揪出假粉账号。团队再从里面挑出真正对得上品牌的几个，谈条件。
AI / The result / Card 4 / Title,"Fixed price, more output",一口价，产出不断档
AI / The result / Card 4 / Description,"AI lets us deliver more content, more reporting, and more strategic attention for the same budget. That is how we offer fixed-price packages that actually work.",有 AI 兜底，我们才敢承诺：同一笔预算，给你更多内容、更多报表、更多策略支持。一口价靠的就是这个。
AI / Bottom CTA / Heading,Ready to see how it works?,想看看到底怎么跑？
AI / Bottom CTA / Subtitle,"One call. We'll walk you through the AI tools, the team, and the results.",一通电话就够。工具、团队、跑出来的真东西，当场给你看。
AI / Bottom CTA / Button 1,Book a call,预约通话
AI / Bottom CTA / Button 2,See pricing,看看价格
Contact / Meta / Title,Contact | TheRedScroll,联系我们 | TheRedScroll
Contact / Meta / Description,Get in touch with TheRedScroll. Book a call or tell us about your project. Offices in Shanghai and Hong Kong.,想把品牌做进中国社媒？约一次通话，或直接把项目发给我们。上海、香港两地办公，工作日 24 小时内回复。
Contact / Hero / Eyebrow,Contact,联系我们
Contact / Hero / Headline,Let's talk about growing your brand in China.,你的品牌，下一步在中国社媒落地。
Contact / Hero / Subhead,"Book a call, ask a question, or tell us about your project. We respond within one business day.",约一次通话，把问题和项目说给我们听。工作日 24 小时内回复，绝不拖延。
Contact / Form / Card heading,Tell us about your project,把你的项目讲给我们听
Contact / Form / First name label,First name,名
Contact / Form / First name placeholder,First name,名
Contact / Form / Last name label,Last name,姓
Contact / Form / Last name placeholder,Last name,姓
Contact / Form / Email label,Email,邮箱
Contact / Form / Email placeholder,you@company.com,you@company.com
Contact / Form / Company label,Company,公司
Contact / Form / Company placeholder,Company name,公司名
Contact / Form / Website label,Website,网站
Contact / Form / Website placeholder,https://yourcompany.com,https://yourcompany.com
Contact / Form / Message label,Tell us about your project,项目简介
Contact / Form / Message placeholder,What platforms are you interested in? What are your goals in China?,打算先做哪些平台？在中国的目标是什么？
Contact / Form / Honeypot label,Website URL,Website URL
Contact / Form / Captcha placeholder,Your answer,答案
Contact / Form / Captcha prompt,What is {a} + {b}? *,{a} + {b} = ? *
Contact / Form / Submit button,Send message,发送
Contact / Form / Submit button sending,Sending...,发送中…
Contact / Form / Error generic,Something went wrong. Try again.,发送失败，请稍后再试。
Contact / Form / Error network,Network error. Check your connection and try again.,网络连接异常，请检查后重试。
Contact / Info / Email label,Email,邮箱
Contact / Info / Response time label,Response time,回复速度
Contact / Info / Response time value,"Within 24 hours, Monday to Friday",工作日 24 小时内必回
Contact / Info / Shanghai label,"Shanghai, China",上海
Contact / Info / Shanghai address (primary),"Trinity Plaza, 19th floor, Changshou Road 868, Putuo district, Shanghai, China",上海市普陀区长寿路868号中港汇大厦19楼
Contact / Info / Shanghai address (secondary),"中港汇大厦, 上海市普陀区长寿路868号19楼","Trinity Plaza, 19F, 868 Changshou Road, Putuo District, Shanghai"
Contact / Info / Hong Kong label,Hong Kong,香港
Contact / Info / Hong Kong address,"806 Capitol Center, 5-19 Jardine's Bazaar, Causeway Bay, Hong Kong",香港铜锣湾渣甸街5-19号京华中心806室
Pricing / Meta / Title,Pricing | TheRedScroll,价格方案 | TheRedScroll
Pricing / Meta / Description,"Fixed scope, fixed price packages for China social media marketing. WeChat, Douyin, RedNote, Weibo. From $3,750/month.","价格全摆明面。微信、抖音、小红书、微博一站打理。起步¥25,000/月。"
Pricing / Hero / Eyebrow,Pricing,价格方案
Pricing / Hero / Headline,Fixed scope. Fixed price. No surprises.,范围写明白，一口价，不藏猫腻。
Pricing / Hero / Subhead,"All prices in USD, tax excluded. 6-month minimum contract on all packages.",报价人民币、税前。所有方案最低签6个月。
Pricing / Core packages / Section heading,Core packages,三档方案
Pricing / Start tier / Name,Start,Start
Pricing / Start tier / Price,"$3,750/mo","¥25,000/月"
Pricing / Start tier / Description,Get started on China's core platforms with a focused content plan.,四大平台齐开，发布节奏稳定，基础档起步。
Pricing / Start tier / CTA,Get started,立即开始
Pricing / Grow tier / Badge,Most popular,Grow
Pricing / Grow tier / Name,Grow,Grow
Pricing / Grow tier / Price,"$5,500/mo","¥37,000/月"
Pricing / Grow tier / Description,Triple your output with AI video and more frequent posting.,加上AI视频，产能翻三倍，发布频率明显提速。
Pricing / Grow tier / CTA,Get started,立即开始
Pricing / Lead tier / Name,Lead,Lead
Pricing / Lead tier / Price,"$6,750/mo","¥46,000/月"
Pricing / Lead tier / Description,Full coverage. Daily posting. Social listening. Anytime access.,全平台高频发布，舆情实时盯，突发情况随叫随到。
Pricing / Lead tier / CTA,Get started,立即开始
Pricing / Comparison / Strategy & setup header,Strategy & setup,策略与启动
Pricing / Comparison / Competitor study,Competitor study,竞品调研
Pricing / Comparison / Competitor study value,Month 1,首月完成
Pricing / Comparison / Content strategy,Content strategy & pillars,内容策略与选题
Pricing / Comparison / Editorial calendar,Monthly editorial calendar,月度发布日历
Pricing / Comparison / Account opening,Account opening & registration,账号开通与搭建
Pricing / Comparison / Account opening value,If needed,按需配置
Pricing / Comparison / Content header,Content,内容
Pricing / Comparison / WeChat row label,WeChat,微信
Pricing / Comparison / WeChat cadence,1 article/week,1篇/周
Pricing / Comparison / Weibo row label,Weibo,微博
Pricing / Comparison / Weibo Start cadence,1 post/week,1条/周
Pricing / Comparison / Weibo Grow cadence,3 posts/week,3条/周
Pricing / Comparison / Weibo Lead cadence,7 posts/week,7条/周
Pricing / Comparison / RedNote row label,RedNote (Xiaohongshu),小红书
Pricing / Comparison / RedNote Start cadence,1 post/week,1条/周
Pricing / Comparison / RedNote Grow cadence,3 posts/week,3条/周
Pricing / Comparison / RedNote Lead cadence,5 posts/week,5条/周
Pricing / Comparison / Douyin client row,Douyin (client footage),抖音（客户素材剪辑）
Pricing / Comparison / Douyin client Start,1 video/week,1条/周
Pricing / Comparison / Douyin client Lead,2 videos/week,2条/周
Pricing / Comparison / Douyin AI row,"Douyin (AI-generated, max 15s)",抖音（AI生成，15秒内）
Pricing / Comparison / Douyin AI Grow,1 video/week,1条/周
Pricing / Comparison / Douyin AI Lead,2 videos/week,2条/周
Pricing / Comparison / Total Douyin row,Total Douyin videos,抖音合计
Pricing / Comparison / Total Douyin Start,1/week,1条/周
Pricing / Comparison / Total Douyin Grow,2/week,2条/周
Pricing / Comparison / Total Douyin Lead,4/week,4条/周
Pricing / Comparison / AI production header,AI production,AI制作
Pricing / Comparison / AI video HubStudio,AI video via HubStudio.ai,HubStudio.ai生成短视频
Pricing / Comparison / Brief validated,Brief validated before production,拍前创意brief过审
Pricing / Comparison / Social listening header,Social listening,舆情监控
Pricing / Comparison / Brand mention monitoring,Brand mention monitoring,品牌口碑跟踪
Pricing / Comparison / Competitor activity tracking,Competitor activity tracking,竞品动态盯梢
Pricing / Comparison / Monthly sentiment summary,Monthly sentiment summary,月度舆情分析报告
Pricing / Comparison / Support & reporting header,Support & reporting,服务与汇报
Pricing / Comparison / Account manager,Dedicated account manager,专属客户经理
Pricing / Comparison / Chat support,Chat support (Mon-Fri),工作日在线消息答疑
Pricing / Comparison / Monthly report,Monthly performance report,月度数据复盘
Pricing / Comparison / Strategy calls label,Strategy calls,策略对齐会
Pricing / Comparison / Strategy calls Start,Monthly,每月1次
Pricing / Comparison / Strategy calls Grow,Weekly,每周1次
Pricing / Comparison / Strategy calls Lead,Anytime,随叫随到
Pricing / Content specs / Heading,Content specs,内容规格
Pricing / Content specs / WeChat,"WeChat articles: up to 1,500 Chinese characters + 3 images",微信推文：1500字以内，配3张图。
Pricing / Content specs / Weibo,Weibo posts: up to 300 Chinese characters + 1 image,微博：300字以内，配1张图。
Pricing / Content specs / RedNote,RedNote posts: up to 500 Chinese characters + 6 images (carousel),小红书笔记：500字以内，6张轮播图。
Pricing / Content specs / Douyin,"Douyin videos: up to 60 seconds. Client-provided footage edited and subtitled by us. AI-generated videos capped at 15 seconds, brief approved before production.",抖音视频：60秒以内。客户自有素材，我们负责剪辑和字幕。AI生成视频限15秒，拍前先过创意brief。
Pricing / Add-on platforms / Heading,Add-on platforms,可加平台
Pricing / Add-on platforms / Subhead,"Available with any package. Billed monthly. Minimum 4 posts/month per platform. Prices include copywriting, localization, image/video editing, and publishing.",按月叠加到任意方案。每个平台每月起4条。报价含文案、图文/视频制作、发布。
Pricing / Add-on platforms / Text & Q&A category,Text & Q&A platforms,图文平台
Pricing / Add-on platforms / Zhihu long-form,Zhihu (long-form article),知乎深度长文
Pricing / Add-on platforms / Zhihu long-form price,$90/post,¥615/篇
Pricing / Add-on platforms / Zhihu short,Zhihu (short answer),知乎短回答
Pricing / Add-on platforms / Zhihu short price,$45/post,¥310/篇
Pricing / Add-on platforms / Toutiao,Toutiao (news-style article),今日头条资讯
Pricing / Add-on platforms / Toutiao price,$65/post,¥445/篇
Pricing / Add-on platforms / Baidu Tieba,Baidu Tieba (forum post),百度贴吧发帖
Pricing / Add-on platforms / Baidu Tieba price,$40/post,¥275/条
Pricing / Add-on platforms / Commerce category,Commerce & lifestyle,电商与生活方式
Pricing / Add-on platforms / Meituan Dianping,Meituan / Dianping,美团、大众点评
Pricing / Add-on platforms / Meituan price,$100/month,¥685/月
Pricing / Add-on platforms / Pinduoduo,Pinduoduo (product listing),拼多多产品页
Pricing / Add-on platforms / Pinduoduo price,$75/post,¥515/条
Pricing / Add-on platforms / Lemon8,Lemon8 (lifestyle post),Lemon8生活内容
Pricing / Add-on platforms / Lemon8 price,$50/post,¥340/条
Pricing / Add-on platforms / QQ,QQ (community post),QQ社群内容
Pricing / Add-on platforms / QQ price,$35/post,¥240/条
Pricing / Video production / Heading,Video production,视频制作
Pricing / Video production / Subhead,"AI-generated short video. Fast turnaround, full production value.",AI短视频，速度快，质感稳。
Pricing / Video production / AIGC label,AIGC video,AI视频
Pricing / Video production / Short video item,Short video (max 15 sec),短视频（15秒内）
Pricing / Video production / Short video price,From $300,"¥2,050起"
Pricing / Video production / Includes note,"Includes creative, production, and post-production.",创意、生成、后期，全包。
Pricing / Advertising / Eyebrow,Advertising,广告投放
Pricing / Advertising / Heading,China platform ads,中国平台媒介采买
Pricing / Advertising / Subhead,"Ad spend billed separately and transparently. Paid directly to the platform, not through us. 3-month minimum. $1,500 one-time setup fee.","媒介预算单独走账，全程透明，直付平台方。最低签3个月，开户费¥10,250。"
Pricing / Advertising / Tier 1 label,Under $15K/mo ad spend,"月预算低于¥102,500"
Pricing / Advertising / Tier 1 price,"$1,500/mo","¥10,250/月"
Pricing / Advertising / Tier 1 item 1,Full-funnel ads strategy,全链路投放策略
Pricing / Advertising / Tier 1 item 2,Unlimited campaigns & ads,广告组、广告数量不限
Pricing / Advertising / Tier 1 item 3,Unlimited expert support,顾问答疑不设次数
Pricing / Advertising / Tier 1 item 4,Customized reporting,定制数据报表
Pricing / Advertising / Tier 1 item 5,Ad content guidance,创意方向把关
Pricing / Advertising / Tier 2 label,Over $15K/mo ad spend,"月预算超过¥102,500"
Pricing / Advertising / Tier 2 price,6-10% of spend,6–10% 预算占比
Pricing / Advertising / Tier 2 intro,"Everything in the base tier, plus:",基础方案全含，另加：
Pricing / Advertising / Tier 2 item 1,Weekly check-in calls,每周视频复盘
Pricing / Advertising / Tier 2 item 2,Performance analysis,效果归因分析
Pricing / Advertising / Tier 2 item 3,Microsegmentation strategy,精准人群定向
Pricing / Advertising / Tier 2 item 4,Volume discounts,费率阶梯下调
Pricing / Advertising / Platforms covered note,"Platforms covered: WeChat Ads, Douyin Ads, RedNote Ads, Weibo Ads, Baidu SEM/PPC, Bilibili Ads, Kuaishou Ads.",覆盖平台：微信、抖音、小红书、微博、百度SEM/PPC、B站、快手。
Pricing / More services / Heading,More services,更多可加服务
Pricing / Influencer / Eyebrow,Influencer marketing,达人营销
Pricing / Influencer / Heading,KOL & KOC campaigns,KOL、KOC项目
Pricing / Influencer / Price,15-25% of influencer budget,15–25% 达人预算占比
Pricing / Influencer / Description,"Sourcing, vetting, negotiation, brief creation, campaign coordination, performance reporting.",选号、资质审核、议价、brief撰写、全程对接、效果复盘。
Pricing / Influencer / Fee breakdown,15% for budgets over $50K. 20% standard. 25% for micro-campaigns under $10K.,"预算¥341,500以上收15%，常规收20%，¥68,300以内的小项目收25%。"
Pricing / Training / Eyebrow,Training,培训
Pricing / Training / Heading,Workshops & team programs,定制工作坊、培训课程
Pricing / Training / Workshop item,Training workshop (2 hours),工作坊（2小时）
Pricing / Training / Workshop price,"$2,500","¥17,100"
Pricing / Training / Team program item,Team program (4 sessions),团体课程（4期）
Pricing / Training / Team program price,"$8,000","¥54,650"
Pricing / Training / Description,"Platform deep-dives, content strategy, social commerce, KOL campaign planning, analytics. English or Mandarin. Virtual or on-site.",平台拆解、内容策略、社交电商、达人投放、数据分析。中英文授课皆可，线上或到场都行。
Pricing / Consulting / Eyebrow,Consulting,咨询
Pricing / Consulting / Heading,On-demand expertise,按需咨询
Pricing / Consulting / Description,Custom quote based on scope and duration.,按项目范围、周期单独报价。
Pricing / Consulting / CTA,Talk to us,聊聊
Pricing / CRM / Eyebrow,CRM & private domain,CRM与私域
Pricing / CRM / Heading,Build an audience you own,把用户真正握在自己手里
Pricing / CRM / Description,"WeCom setup, WeChat CRM integration, community management, private traffic funnels, membership Mini Programs. Custom quote.",企微部署、微信CRM对接、社群运营、私域体系、会员小程序开发。按项目报价。
Pricing / CRM / CTA,Talk to us,聊聊
Pricing / Content production / Eyebrow,Content production,内容制作
Pricing / Content production / Heading,Real-life photo & video shoots in China.,本地摄影、视频拍摄。
Pricing / Content production / Description,"Product photography, brand films, KOL collaboration shoots. Custom quote based on scope, location, crew, and deliverables. Standard turnaround: 2-3 weeks from brief approval.",产品图、品牌片、达人联拍。报价根据项目范围、拍摄地、团队配置、交付物而定。brief确认后2到3周出片。
Pricing / Content production / CTA,Get a quote,索取报价
Pricing / Notes / Heading,Notes,几条须知
Pricing / Notes / Item 1,All prices are tax excluded. Local taxes apply based on billing entity (Shanghai or Hong Kong).,所有报价均为人民币、税前。具体税率按开票主体（上海或香港）的当地规定。汇率按1美元=6.83人民币换算。
Pricing / Notes / Item 2,Payment terms: monthly in advance.,月度预付。
Pricing / Notes / Item 3,Onboarding: account setup and first content within 2 weeks of contract signing.,上线节奏：签约后两周内开通账号、发出首批内容。
Pricing / Notes / Item 4,Add-on platforms can be added to any package at per-post rates.,可加平台按列表价叠加到任意方案。
Pricing / Notes / Item 5,Custom packages available for non-standard scope. Book a call.,超出标准范围的需求，单独谈定制方案。预约通话。
Insights listing / Meta / Title,Insights | TheRedScroll,行业观察 | TheRedScroll
Insights listing / Meta / Description,"Articles on China social media marketing. Platform updates, strategy breakdowns, and lessons from real campaigns on WeChat, RedNote, Douyin, and Weibo.","中国社媒营销的一线观察与实战笔记。微信、小红书、抖音、微博,我们怎么做、怎么想。"
Insights listing / Hero / Eyebrow,Insights,行业观察
Insights listing / Hero / Headline,What we know about China's platforms.,我们在中国社媒上看到的、踩过的、想明白的事
Insights listing / Hero / Subhead,"Platform updates, strategy breakdowns, and lessons from real campaigns.","平台的新动向,策略的拆解,一线跑出来的真经验。"
Insights listing / Card / Reading time template,{readingTime} of reading,阅读约 {readingTime}
Thank you / Meta / Title,Thank you | TheRedScroll,收到了 | TheRedScroll
Thank you / Meta / Description,Your message has been sent. We'll get back to you within one business day.,消息已经收到。一个工作日内回复。
Thank you / Hero / Eyebrow,Message sent,消息已送达
Thank you / Hero / Headline,Your message just landed in Shanghai.,消息已经送到上海了。
Thank you / Hero / Subhead,We'll get back to you within one business day.,一个工作日内我们回你。
Thank you / Hero / CTA,Back to home,返回首页
Services index / Meta title,Services | TheRedScroll,服务 | TheRedScroll
Services index / Meta description,"Social media services for brands in China. Strategy, content, advertising, influencer marketing, market entry, CRM, and training. Fixed scope, fixed price.",中国社媒一整套服务：策略、内容、广告、达人、CRM、培训。范围写得一清二楚，一口价。
Services index / Hero / Overline,Our services,我们的服务
Services index / Hero / Headline,Everything your brand needs to grow in China.,在中国社媒上做增长，要的都在这里。
Services index / Hero / Subheadline,"Seven services. One team. Fixed scope, fixed price, and a team on the ground in Shanghai.",六项服务，一支团队。范围清晰、一口价，人都在上海。
Services index / Hero / CTA primary,See pricing,查看报价
Services index / Hero / CTA secondary,Browse services,看看服务
Services index / Services grid / Overline,What we do,我们做的事
Services index / Services grid / Heading,Services built for China's social platforms.,专门为中国社媒做的服务。
Services index / Services grid / Intro,Each service can run on its own or work alongside the others. Pick what you need.,每一项都可以单独用，也可以打包一起上。按你的需要挑。
Services index / Services grid / Card 1 title,"Strategy, Campaigns & Analytics",策略和Campaign执行
Services index / Services grid / Card 1 description,"We research your market, build your plan, run your campaigns, and measure what matters. From platform selection to monthly reporting.",市场研究透、计划定清楚、Campaign跑起来，数据只盯真正要紧的那几项。从选平台到每月复盘，一路陪你跑。
Services index / Services grid / Card 2 title,Advertising,广告投放
Services index / Services grid / Card 2 description,"Paid media across WeChat, Douyin, RedNote, Weibo, and more. We handle planning, buying, creative, and optimization.",微信、抖音、小红书、微博的媒介采买。策划、投流、素材、日常调优，一条龙都由我们做。
Services index / Services grid / Card 3 title,Content Production,内容制作
Services index / Services grid / Card 3 description,"Native-quality visuals, video, and copy for every Chinese platform. AI-assisted production with human creative direction.",针对每个中国社媒平台产出视觉、视频和文案。本地调性、平台感足。产能交给AI，创意方向始终握在团队手里。
Services index / Services grid / Card 4 title,Influencer Marketing,达人营销
Services index / Services grid / Card 4 description,"KOL and KOC campaigns on Douyin, RedNote, Weibo, and Bilibili. Sourcing, negotiation, briefing, and performance tracking.",在抖音、小红书、微博、B站上做KOL和KOC项目。选人、谈价、写brief、跟执行、出结案——全流程由我们扛下。
Services index / Services grid / Card 5 title,China Market Entry,
Services index / Services grid / Card 5 description,"Account registration, platform setup, ICP filing, and localization. Everything you need to go live on Chinese social platforms.",
Services index / Services grid / Card 6 title,CRM & Private Domain Traffic,CRM和私域
Services index / Services grid / Card 6 description,"WeCom setup, group management, loyalty programs, and retention flows. Turn followers into repeat customers.",搭企业微信体系、跑社群运营、设计会员机制和留存路径。让粉丝变成会一次次回来的老客户。
Services index / Services grid / Card 7 title,Training & Consulting,培训和咨询
Services index / Services grid / Card 7 description,"Masterclasses, team coaching, and platform audits. For brands that want to build internal capability alongside external support.",实操工作坊、团队陪跑、平台诊断。适合那些想把能力建在自己团队里、不愿长期靠外包的品牌。
Services index / Services grid / Card CTA,Learn more,查看详情
Services index / Getting started / Heading,From first call to live campaigns in two weeks.,从第一次通话，到内容正式上线，两周就够。
Services index / Getting started / Step 1 title,Discovery call.,先聊一聊
Services index / Getting started / Step 1 description,"Your brand, your goals, your China readiness. No pitch deck. Just the right questions.",聊聊你的品牌、目标和眼下的情况。我们不走销售话术，该问什么就问什么。
Services index / Getting started / Step 2 title,Proposal.,方案报价
Services index / Getting started / Step 2 description,Clear scope. Fixed price. Every deliverable listed out. You see what you are getting before you commit.,范围写得一清二楚，一口价。每一项交付物都白纸黑字列出来，签之前你就知道能拿到什么。
Services index / Getting started / Step 3 title,Live in 2 weeks.,两周上线
Services index / Getting started / Step 3 description,"Strategy delivered, campaigns configured, first content published. Two weeks from signed contract.",策略、账号、首批内容，合同签完两周内全部就位。
Services: Strategy & Campaigns / Meta title,China Social Media Strategy & Campaigns | TheRedScroll,中国社媒策略与Campaign执行 | TheRedScroll
Services: Strategy & Campaigns / Meta description,"Social media strategy, campaign management, and analytics for brands in China. Fixed scope, fixed price. Team on the ground in Shanghai.",中国社媒的策略制定、Campaign落地和数据复盘。范围清晰，一口价，团队驻扎上海和香港。
Services: Strategy & Campaigns / Hero / Overline,"Strategy, campaigns and analytics",策略 · 推广 · 数据
Services: Strategy & Campaigns / Hero / Headline,The right plan. The right platforms. The right numbers.,选对平台，定对策略，看懂数据。
Services: Strategy & Campaigns / Hero / Subheadline,"We research your market, build your plan, run your campaigns, and measure what matters. From Shanghai and Hong Kong.",市场帮你吃透，策略帮你拍板，Campaign帮你落地跑起来，数据只盯真正要紧的那几项。团队驻扎上海和香港。
Services: Strategy & Campaigns / Hero / CTA primary,Book a call,预约通话
Services: Strategy & Campaigns / Hero / CTA secondary,See what we do,我们做什么
Services: Strategy & Campaigns / Problem intro / Overline,The problem,问题出在哪
Services: Strategy & Campaigns / Problem intro / Heading,Most brands post content without a plan.,很多品牌发内容，其实压根没有计划。
Services: Strategy & Campaigns / Problem intro / Paragraph 1,"They pick platforms based on gut feeling, publish when they have time, and check numbers once a quarter. Maybe less.",平台凭感觉挑，内容有空才发，数据一个季度才瞄一眼——甚至一个季度都未必看得上一次。
Services: Strategy & Campaigns / Problem intro / Paragraph 2,A real strategy starts somewhere else entirely. Which platforms fit your industry. What your competitors are doing and where they're falling short. What content formats drive results. And how you'll know if any of it is working.,真正的策略，从来不是这么起步的。哪些平台跟你这个行业对得上？对手在做什么、哪里还没补上？什么形式的内容真的跑得起来？这些判断，背后都得有依据。
Services: Strategy & Campaigns / Problem intro / Paragraph 3,"We build strategies from the ground up. Real market data. Real competitor analysis. Real platform knowledge. Then we run the campaigns ourselves, every day.",策略我们从头搭。靠的是一手市场数据、扎实的竞品拆解，以及对每个平台的底层摸底。搭完之后自己上手跑，Campaign天天盯着。
Services: Strategy & Campaigns / Problem intro / Image alt,Compass without a needle — strategy without direction,没有指针的指南针——没有方向的策略
Services: Strategy & Campaigns / Why platform-specific / Hero overline,Why it matters,为什么这事要紧
Services: Strategy & Campaigns / Why platform-specific / Hero heading,Why you need a platform-specific strategy,为什么每个平台都得单独做一套策略
Services: Strategy & Campaigns / Why platform-specific / Hero body,"Each platform has its own audience, format, and algorithm. A single approach across all of them wastes budget and misses opportunities.",每个平台有自己的用户、自己的内容形式、自己的算法。一套方案套遍全平台，结果就是钱白烧、机会白丢。
Services: Strategy & Campaigns / Why platform-specific / Hero CTA,See what we do,我们做什么
Services: Strategy & Campaigns / Why platform-specific / Card 1 title,Each platform has its own rules,每个平台玩法都不一样
Services: Strategy & Campaigns / Why platform-specific / Card 1 body,"WeChat, Douyin, RedNote, and Weibo have different content formats, ad systems, and user expectations. Wrong platform, wasted budget.",微信、抖音、小红书、微博，内容形式、广告体系、用户心智全都不是一回事。平台选错，等于把预算往水里扔。
Services: Strategy & Campaigns / Why platform-specific / Card 2 title,The audience moves across platforms,用户在各平台之间来回跳
Services: Strategy & Campaigns / Why platform-specific / Card 2 body,"Consumers research on RedNote, follow brands on WeChat, watch product demos on Douyin, and check opinions on Weibo.",消费者在小红书做功课、在微信里关注品牌、在抖音上看产品演示、上微博翻口碑。整条决策链，是串起来的。
Services: Strategy & Campaigns / Why platform-specific / Card 3 title,The competition is already there,对手早就跑起来了
Services: Strategy & Campaigns / Why platform-specific / Card 3 body,"Your competitors are posting daily, running influencer campaigns, and buying ads. Without a clear strategy, you're just spending.",你的对手每天都在发内容、对接达人、跑投放。你这边要是没有清晰的策略，就是在原地烧钱。
Services: Strategy & Campaigns / Why platform-specific / Card 4 title,Things move quickly,规则变得太快
Services: Strategy & Campaigns / Why platform-specific / Card 4 body,Algorithms get updated without warning. New ad formats appear every few months. A strategy that worked in January might not work in April.,算法说改就改，新的广告形式两三个月就出一批。一月份还在起效的打法，到了四月可能就彻底失灵。
Services: Strategy & Campaigns / What we do / Overline,What we do,我们做的事
Services: Strategy & Campaigns / What we do / Heading,Market and competitor research,市场调研和竞品拆解
Services: Strategy & Campaigns / What we do / Image alt,TheRedScroll team reviewing strategy and competitor data,TheRedScroll团队正在拆策略和竞品数据
Services: Strategy & Campaigns / What we do / Card 1 title,Competitor research,竞品拆解
Services: Strategy & Campaigns / What we do / Card 1 body,"We map competitors' social accounts across every major platform. Follower counts, posting frequency, engagement rates, content themes, ad strategies. Custom analysis, not a template report.",把对手在主流平台的账号一个个过一遍。粉丝量、发布频率、互动率、内容主题、广告打法，一项不落。我们做的是定制分析，不是套模板。
Services: Strategy & Campaigns / What we do / Card 2 title,Platform selection,平台选择
Services: Strategy & Campaigns / What we do / Card 2 body,Not every brand needs every platform. Beauty starts on RedNote. B2B needs WeChat and Zhihu. Fashion gets reach from Douyin. We pick the right ones for your category.,不是每个品牌都得全平台铺开。美妆先做小红书，B2B走微信和知乎，时尚品牌靠抖音打曝光。我们帮你挑出跟你这个行业真正对得上的平台。
Services: Strategy & Campaigns / What we do / Card 3 title,Content strategy and calendar,内容策略和排期
Services: Strategy & Campaigns / What we do / Card 3 body,"Content pillars, messaging framework, editorial voice for each platform. Topics, formats, posting schedule. Each platform gets its own calendar, updated monthly on performance.",内容主线、信息结构、各平台各自的调性，一项一项定下来。选题、形式、发布节奏也是。每个平台单独排一套内容日历，每月根据效果动态调。
Services: Strategy & Campaigns / Creative & planning / Overline,Creative and planning,创意和策划
Services: Strategy & Campaigns / Creative & planning / Heading,The part that actually matters most.,成败，就看这一步。
Services: Strategy & Campaigns / Creative & planning / Paragraph 1,"AI has changed content production. Visuals, video edits, copy drafts, all of it can be produced faster and cheaper than it could even a year ago. Production costs are heading toward zero.","AI已经把""做内容""这件事整个改写了一遍。视觉、剪辑、文案初稿，比一年前快得多、也便宜得多。制作成本，正在逼近零。"
Services: Strategy & Campaigns / Creative & planning / Paragraph 2,"That shift makes creative planning more important. Not less. When anyone can produce content at scale, the brands that win are the ones with better ideas and sharper creative direction. The asset is no longer the hard part. Knowing what to make, why it matters, and how it all fits together? That's the hard part. And it's still a human job.",也正因如此，创意策划反而比以前更关键。当所有人都能批量出东西的时候，真正跑得出来的品牌，是创意更准、方向更对的那一批。产出早就不是瓶颈了——知道要做什么、为什么做、怎么串成一条线，这才是真正的硬功夫。这个硬功夫，还是得靠人。
Services: Strategy & Campaigns / Creative & planning / Sub 1 title,Creative direction,创意方向
Services: Strategy & Campaigns / Creative & planning / Sub 1 body,"We develop creative briefs for every campaign. Visual direction, tone of voice, format specs, platform-native references. Each brief is built around what actually performs on the target platform. We study top-performing content in your category, pull references from trending posts, and look at what KOL (Key Opinion Leader) content is driving engagement right now.","每一次Campaign开跑前，先出一份创意brief。视觉方向、语气调性、内容格式、平台对应的参考案例，全写进去。每一份brief，都围绕""目标平台当下真正跑得动的内容""来定。我们会把品类里最能打的内容扫一遍，挑出爆款帖做参考，再看眼下哪些KOL的内容正在拿到真实互动。"
Services: Strategy & Campaigns / Creative & planning / Sub 2 title,Campaign orchestration,Campaign统筹
Services: Strategy & Campaigns / Creative & planning / Sub 2 body,"A campaign is not a collection of posts. It's a coordinated push across content, influencers, paid media, and community engagement. Our social media managers coordinate KOL posting schedules with brand content drops, align paid media with organic momentum, and shift resources mid-campaign when something takes off or falls flat.",一次Campaign不是一堆帖子堆在一起，而是内容、达人、投放、社群几条线之间的配合。我们的社媒经理会把KOL的发布节奏和品牌自己的内容节奏对齐，让付费流量和自然流量互相带动。哪儿爆了、哪儿没起来，资源随时调。
Services: Strategy & Campaigns / Execution / Overline,Execution,日常执行
Services: Strategy & Campaigns / Execution / Heading,Day-to-day operations and reporting,运营和数据复盘
Services: Strategy & Campaigns / Execution / Panel 1 label,Account management,账号运营
Services: Strategy & Campaigns / Execution / Panel 1 title,Account management,账号运营
Services: Strategy & Campaigns / Execution / Panel 1 body,"We handle the daily work across WeChat, Douyin, RedNote, Weibo, and 14 more platforms. Content publishing, community engagement, comment management, trend monitoring. So you don't need to hire a local team.",微信、抖音、小红书、微博，加上另外14个平台的日常运营，全由我们接手。发帖、社群维护、评论回复、趋势盯紧，一条龙。你不必在国内另外再养一支本地团队。
Services: Strategy & Campaigns / Execution / Panel 2 label,Campaigns and activations,Campaign与专项
Services: Strategy & Campaigns / Execution / Panel 2 title,Campaigns and activations,Campaign与专项
Services: Strategy & Campaigns / Execution / Panel 2 body,"Seasonal campaigns, product launches, holiday activations, and cross-platform pushes. Clear brief, defined KPIs, timeline, post-campaign report.",节日大促、新品上市、事件营销、跨平台联动。清晰的brief、明确的指标、节奏表、结束后的复盘，一样不少。
Services: Strategy & Campaigns / Execution / Panel 3 label,KPI framework and goal setting,指标和目标
Services: Strategy & Campaigns / Execution / Panel 3 title,KPI framework and goal setting,指标和目标
Services: Strategy & Campaigns / Execution / Panel 3 body,"Measurable targets from day one. Follower growth, engagement rate, video views, click-through rate, conversions. KPIs are tied to business outcomes. Not vanity metrics. Reviewed monthly, recalibrated quarterly.",第一天就把可量化的目标写清楚。涨粉、互动率、播放量、点击率、转化率——每一项都跟真实的业务结果挂钩。虚荣数据我们不做。每月复盘，每季度校准。
Services: Strategy & Campaigns / Execution / Panel 4 label,Analytics and reporting,数据和报告
Services: Strategy & Campaigns / Execution / Panel 4 title,Analytics and reporting,数据和报告
Services: Strategy & Campaigns / Execution / Panel 4 body,"Monthly reports cover follower growth, engagement rates, content performance, ad spend efficiency, and competitive benchmarking. Cross-platform performance tracking, content-level engagement data, and recommendations. Not just charts.",月度报告涵盖涨粉数据、互动率、不同内容维度的表现、广告投入产出、竞品对比。跨平台打通追踪、细颗粒度的互动拆解，外加下一步可以直接上手的建议——不只是几张图表。
Services: Strategy & Campaigns / Case study / Overline,Case study,客户案例
Services: Strategy & Campaigns / Case study / Title,Marriott: a Super Brand Day campaign that drove millions,万豪：一场跑出千万GMV的天猫超级品牌日
Services: Strategy & Campaigns / Case study / Body,Marriott's first Alibaba Super Brand Day generated millions in Tmall sales and hundreds of thousands of new Bonvoy members in a matter of days.,万豪的首次天猫超级品牌日，几天时间跑出数百万的天猫销售额，同时为万豪旅享家拉来几十万新会员。
Services: Strategy & Campaigns / Case study / CTA,View case study →,看案例 →
Services: Strategy & Campaigns / Case study / Image alt,Marriott Super Brand Day campaign,万豪天猫超级品牌日主视觉
Services: Strategy & Campaigns / Getting started / Heading,From first call to live campaigns in two weeks.,从第一次通话，到Campaign正式上线，两周就够。
Services: Strategy & Campaigns / Getting started / Step 1 title,Discovery call.,先聊一聊
Services: Strategy & Campaigns / Getting started / Step 1 description,"Your brand, your goals, your China readiness. No pitch deck. Just the right questions.",聊聊你的品牌、目标，还有眼下的情况。我们不走销售话术，该问什么就问什么。
Services: Strategy & Campaigns / Getting started / Step 2 title,Proposal.,方案报价
Services: Strategy & Campaigns / Getting started / Step 2 description,Clear scope. Fixed price. Every deliverable listed out. You see what you're getting before you commit.,范围写得一清二楚，一口价。每一项交付物白纸黑字列出来，签之前你就知道能拿到什么。
Services: Strategy & Campaigns / Getting started / Step 3 title,Live in 2 weeks.,两周上线
Services: Strategy & Campaigns / Getting started / Step 3 description,"Strategy delivered, campaigns configured, first content published. Two weeks from signed contract.",策略、账号、首批内容，合同签完两周内全部就位。
Services: Strategy & Campaigns / Getting started / Cross-link 1,Content production,内容制作
Services: Strategy & Campaigns / Getting started / Cross-link 2,Advertising,广告投放
Services: Strategy & Campaigns / Getting started / Cross-link 3,Influencer marketing,达人营销
Services: Strategy & Campaigns / FAQ / Subtitle,Everything you need to know about strategy and campaigns with TheRedScroll.,关于策略和Campaign，客户最常问到的几个问题。
Services: Strategy & Campaigns / FAQ / Q1,How long does the strategy phase take?,策略阶段一般多久能出结果？
Services: Strategy & Campaigns / FAQ / A1,"Depends on the scope, but usually two to four weeks. Our team does this daily so things move fast.",看项目大小，一般两到四周。这事我们每天都在做，节奏比较熟，推进会快一些。
Services: Strategy & Campaigns / FAQ / Q2,Do you only work with brands new to the market?,你们是只接刚进中国的品牌吗？
Services: Strategy & Campaigns / FAQ / A2,"No. Brands entering the market, brands already active that want better results, and domestic brands growing their social presence. Three different starting points, same level of rigor.",不是。刚进来的、已经在做但没起色的、本土想再往上拱的，这三种我们都接，做法没差别。
Services: Strategy & Campaigns / FAQ / Q3,Can we start with just one platform?,能不能先从一个平台做起？
Services: Strategy & Campaigns / FAQ / A3,"Yes, and honestly we often recommend it. Focus your budget, learn what works, build traction before expanding.",当然可以。其实我们经常这么建议——先把一个平台做透，跑出声量，再慢慢往外铺。
Services: Strategy & Campaigns / FAQ / Q4,What platforms do you cover?,具体覆盖哪些平台？
Services: Strategy & Campaigns / FAQ / A4,"WeChat, Douyin, RedNote, and Weibo in all packages. Bilibili, Zhihu, Kuaishou, Toutiao, Meituan, Dianping, and nine more as add-ons.",微信、抖音、小红书、微博，四大平台所有套餐都含。B站、知乎、快手、今日头条、美团、大众点评这些可以按需要加进来，合起来九个以上。
Services: Strategy & Campaigns / FAQ / Q5,How is pricing structured?,收费是怎么算的？
Services: Strategy & Campaigns / FAQ / A5,"Fixed scope, fixed price. Clear list of deliverables and one monthly fee. Ad spend billed separately. No hidden markups, no surprises.",范围写得明明白白，一口价。交付内容逐项列清楚，每月固定费用。广告投放预算另外算。没有乱七八糟的附加费。
Services: Strategy & Campaigns / FAQ / Q6,What makes your analytics different from a regular platform dashboard?,你们的数据服务和市面上的仪表盘有什么不一样？
Services: Strategy & Campaigns / FAQ / A6,"Cross-platform performance tracking, competitive benchmarks, content-level engagement data. And we turn all of that into recommendations, not just charts.",我们做跨平台对比、盯着竞品看，把互动拆到每一种内容维度。更关键的是，我们把数据翻译成你下一步可以直接动手的动作，而不是甩给你几条看着漂亮的曲线。
Services: Strategy & Campaigns / FAQ / Q7,"Do you handle content creation too, or just strategy?",你们自己做内容制作吗？
Services: Strategy & Campaigns / FAQ / A7,"Strategy and campaigns live under this service. Content production (visuals, video, copywriting) is separate, but the two work hand in hand. Your strategy defines what gets made.",这项服务只含策略和Campaign执行。内容制作（视觉、视频、文案）是另一块业务，但两边是连着做的——策略负责告诉内容团队要拍什么。
Services: Strategy & Campaigns / FAQ / Q8,How often do you update the strategy?,策略多久复盘一次？
Services: Strategy & Campaigns / FAQ / A8,"Monthly at minimum. Every quarter, we go deeper with KPI recalibration, competitor re-benchmarking, and a platform mix review.",每月至少一次例行复盘。每个季度再做一轮深度校准，调整指标、更新竞品分析、重新评估平台组合。
Services: Strategy & Campaigns / FAQ / Q9,Can you work alongside our internal team or existing agency?,能和我们内部团队或现有代理一起做吗？
Services: Strategy & Campaigns / FAQ / A9,"Some clients want us to lead everything. Others want the strategy from us and handle execution with their own people. Whatever setup makes sense, we can make it work.",可以。有的客户让我们全盘接手，有的只要策略，执行自己上。按你顺手的方式来就行。
Services: Strategy & Campaigns / FAQ / Q10,What if our social accounts already exist but aren't performing?,账号已经开了但一直没起色，怎么办？
Services: Strategy & Campaigns / FAQ / A10,"We start with an audit. Current accounts, content, engagement, competitive position. Then we build a revised strategy based on what the data actually shows. Sometimes the fix is the platform mix. Sometimes it's the content itself, or the posting frequency, or the timing. We figure out where the gap is before changing anything.",先做一次体检——把现有账号、内容、互动数据和对手定位全过一遍，再根据真实情况出修复方案。有时候是平台没选对，有时候是内容本身、发布频率或者时间点的问题。病根找准了，再动手。
Services: Advertising / Meta title,China Social Media Ads | TheRedScroll Agency,中国社媒广告投放 | TheRedScroll
Services: Advertising / Meta description,"Ad planning, buying, and daily optimization across WeChat, Douyin, and RedNote. Fixed management fee. Transparent ad spend. Team in Shanghai.",微信、抖音、小红书的广告采买和优化。管理费固定，预算透明，直接付给平台。团队驻扎上海。
Services: Advertising / Hero / Overline,Advertising planning and buying,媒介采买 · 广告投放
Services: Advertising / Hero / Headline,Reach the right people. Not just more people.,要的是对的人，不是更多人。
Services: Advertising / Hero / Subheadline,"We plan, buy, and optimize ad campaigns across WeChat, Douyin, RedNote, and Weibo. Fixed management fee. Transparent ad spend.",微信、抖音、小红书、微博的媒介策划、采买和优化，我们一手包。管理费固定，预算独立走账，花到哪儿一清二楚。
Services: Advertising / Hero / CTA primary,Book a call,预约通话
Services: Advertising / Hero / CTA secondary,See what we do,查看服务
Services: Advertising / Why paid / Hero overline,The case for paid,为什么要投广告
Services: Advertising / Why paid / Hero heading,Why advertising is almost mandatory,投放，现在基本已经绕不开了
Services: Advertising / Why paid / Hero body,"Organic reach builds a following over time. But it can't target women aged 25 to 34 in Shanghai who searched for ""natural skincare"" last week. Advertising can.","自然流量可以慢慢养出用户，但它圈不出""上海、25到34岁、上周刚搜过'天然护肤'的女性""这样一群人。广告可以。"
Services: Advertising / Why paid / Hero CTA,See what we do,查看服务
Services: Advertising / Why paid / Card 1 title,It's faster,速度
Services: Advertising / Why paid / Card 1 body,Organic takes months. A well-targeted campaign can drive conversions within days.,自然流量要几个月才见得到结果。一条打得准的投放，几天就能跑出成交。
Services: Advertising / Why paid / Card 2 title,It's precise,精准
Services: Advertising / Why paid / Card 2 body,"Target by age, gender, city tier, interests, device, purchase behavior, and content interaction history. Ads go where you point them.",按年龄、性别、城市等级、兴趣标签、设备、消费习惯、浏览记录去定向。广告只送到你想要的那群人面前。
Services: Advertising / Why paid / Card 3 title,It scales,可放量
Services: Advertising / Why paid / Card 3 body,"Test with ¥5,000 on Monday and scale to ¥50,000 by Friday if the numbers work. Try doing that with organic content.","周一拿¥5,000试水，数据一好，周五直接拉到¥50,000。自然流量给不了你这种弹性。"
Services: Advertising / Why paid / Card 4 title,But it's not free,但也有代价
Services: Advertising / Why paid / Card 4 body,"A poorly planned campaign burns budget faster than no campaign at all. Media planning, daily optimization, and clear KPIs matter just as much as the ads themselves.",一条没跑明白的广告，烧钱速度比不投还快。媒介计划、日常优化、清晰的指标，这几样跟素材本身一样要紧。
Services: Advertising / What we do / Overline,What we do,我们做的事
Services: Advertising / What we do / Heading,Media planning,媒介策划
Services: Advertising / What we do / Image alt,TheRedScroll team analyzing ad campaign performance,TheRedScroll团队正在复盘广告投放效果
Services: Advertising / What we do / Card 1 title,Media planning,媒介策划
Services: Advertising / What we do / Card 1 body,"Before we spend a single yuan, we build the plan. Which platforms, which formats, which audience segments, how much per channel, and what the expected cost per result looks like.",预算没动之前，先把框架搭清楚：选哪个平台、用哪种格式、定向哪群人、每个渠道分多少钱、每一次结果的成本大概落在什么区间。
Services: Advertising / What we do / Card 2 title,Campaign setup and optimization,搭建和优化
Services: Advertising / What we do / Card 2 body,"Full cycle. Account setup, creative upload, audience targeting, bid strategy, A/B testing. Optimized daily. A creative that worked Monday can fatigue by Thursday.",从头到尾都盯着。开户、上传素材、定向设置、出价策略、AB测试，一样不落。每天都在调——周一还在爆的素材，周四可能就开始疲软。
Services: Advertising / What we do / Card 3 title,Platform coverage,全平台覆盖
Services: Advertising / What we do / Card 3 body,"We run campaigns on Ocean Engine (Douyin), Tencent Ads (WeChat), Juguang (RedNote), and Weibo Fan Tong. We know where the settings that matter are buried.",巨量引擎（抖音）、腾讯广告（微信）、聚光平台（小红书）、粉丝通（微博），这几个后台我们天天在用。那些真正决定效果的深层设置，门儿清。
Services: Advertising / Full service / Overline,Full service,全流程服务
Services: Advertising / Full service / Heading,From creative to compliance to reporting,从素材到效果追踪，合规这块也一起搞定
Services: Advertising / Full service / Intro,An ad that looks like an ad gets skipped. An ad that looks like content gets watched. We produce creatives for each platform's format and swap them out before performance drops. AI handles production volume. Our team handles creative direction.,一眼就看得出是广告的广告，没人愿意看。看起来像原生内容的广告，才有人停下来。我们按每个平台各自的调性出素材，跑疲了就立刻换新。产能交给AI，创意方向始终握在团队手里。
Services: Advertising / Full service / Sub 1 title,Retargeting and custom audiences,再营销和人群包
Services: Advertising / Full service / Sub 1 body,"Someone watched 50% of your Douyin video but didn't click? Retarget them with a different angle. A user visited your Mini Program but left without buying? Show them a follow-up. On RedNote, you can build audiences from users who engaged with specific notes or searched specific keywords. Often where the best ROAS comes from.",抖音视频看到一半就划走？换个角度再打一次。逛过你的小程序但没下单？推一条召回广告。小红书这边，还能根据谁跟特定笔记互动过、谁搜过哪个关键词，去圈出对应的人群包。这一块的ROI，通常是整个投放里最高的。
Services: Advertising / Full service / Sub 2 title,Compliance and ad approval,合规和广告审核
Services: Advertising / Full service / Sub 2 body,"Every platform has its own ad review process. Some industries face restrictions or outright bans. We handle content compliance pre-checks, the approval workflow, and flag industry-specific restrictions before you commit any budget.",每个平台都有自己一套审核规则，有的行业被限，有的品类直接禁投。我们在投放之前就把合规先过一遍，行业限制该提醒的都先提醒。钱还没砸进去，雷埋在哪儿你就已经清楚了。
Services: Advertising / Full service / Sub 3 title,Performance reporting,效果报告
Services: Advertising / Full service / Sub 3 body,"ROAS (Return on Ad Spend) is the number we organize everything around. We also track CPC, CPM, CTR, CPA, conversion rate, and frequency. Weekly reports during active campaigns. Monthly summaries. For larger budgets, real-time dashboard access.",核心盯的是ROAS。CPC、CPM、CTR、CPA、转化率、展示频次，这几个一块儿看。投放期每周一份报告，月底做一次汇总。预算大的客户，直接开实时看板。
Services: Advertising / Full service / Sub 4 title,Transparent spend,预算透明
Services: Advertising / Full service / Sub 4 body,Ad spend is billed separately. No markups. No hidden agency fees on media. You see exactly where every yuan goes.,广告预算单独走账。我们一分不抽，媒介采买这一块没有任何隐性费用。每一笔钱花到哪儿，都在账上写得清清楚楚。
Services: Advertising / WeChat ads / Overline,Ad formats and pricing,广告形式和参考价位
Services: Advertising / WeChat ads / Heading,WeChat (via Tencent Ads),微信（腾讯广告）
Services: Advertising / WeChat ads / Disclaimer,Prices below are based on Q1 2026 data and our own benchmarks. They'll help you plan. They're not quotes.,以下价位参考的是2026年Q1的市场数据和我们自己的投放经验。目的是给你一个预算量级的概念，不是正式报价。
Services: Advertising / WeChat ads / Moments title,Moments ads,朋友圈广告
Services: Advertising / WeChat ads / Moments body,"Native ads in users' social feed. Carousel (up to six cards), autoplay video (6-15 sec), or canvas (full-screen on tap). 122 interest sub-categories. Auction from ¥1,000/day. CPM ¥50 to ¥180 by city tier.","朋友圈信息流里的原生广告。图文轮播最多六张卡片，自动播放视频6到15秒，也可以点开全屏。122个兴趣子类可以拿来定向，竞价起投¥1,000/天。CPM根据城市等级在¥50到¥180之间。"
Services: Advertising / WeChat ads / Banner title,Banner ads,横幅广告
Services: Advertising / WeChat ads / Banner body,Bottom or middle of Official Account articles. CPC from ¥0.5. CPM ¥15 to ¥25. Cost per new follower: ¥8 to ¥20. Most affordable format.,展示在公众号文章的底部或中段。CPC低至¥0.5，CPM在¥15到¥25之间。拉一个新关注的成本大概¥8到¥20。是门槛最低的一种形式。
Services: Advertising / WeChat ads / Channels title,Channels ads,视频号广告
Services: Advertising / WeChat ads / Channels body,Video ads in WeChat's short-video feed. CPM ¥2 to ¥13. Less saturated than Moments.,投在微信视频号信息流里的短视频广告。CPM区间¥2到¥13，竞争远没有朋友圈激烈。
Services: Advertising / WeChat ads / Search title,Search ads (搜一搜),搜一搜广告
Services: Advertising / WeChat ads / Search body,"Keyword-based in WeChat search results. CPC model. Growing format, still underused.","按关键词在微信""搜一搜""的结果里做竞价排名，按点击付费。增长很快，但目前远远没跑满。"
Services: Advertising / Douyin ads / Heading,Douyin (via Ocean Engine),抖音（巨量引擎）
Services: Advertising / Douyin ads / In-feed title,In-feed ads,信息流广告
Services: Advertising / Douyin ads / In-feed body,"Up to 60-second video in the ""For You"" scroll. CPC from ¥0.2. CPM ¥10 to ¥50. Supports e-commerce links, lead forms, Douyin Shop. The main performance format.","投在""推荐""页的视频广告，最长60秒。CPC低至¥0.2，CPM在¥10到¥50之间。支持挂商品链接、收集表单和跳抖音商城。抖音效果广告的主打形式。"
Services: Advertising / Douyin ads / TopView title,TopView,TopView
Services: Advertising / Douyin ads / TopView body,"Full-screen video at app open. 3-60 seconds, autoplay with sound. Tier 1 cities: ¥1M+/day. Minimum ¥200,000+.",用户打开抖音之后看到的第一屏全屏视频，3到60秒，有声自动播放。一线城市一天的费用能冲到¥100万以上，入门门槛¥20万起。
Services: Advertising / Douyin ads / Search title,Search ads,搜索广告
Services: Advertising / Douyin ads / Search body,"Keyword-based, CPC. Captures high-intent users. Works well paired with in-feed.",按关键词竞价，按点击付费。抓的是带着明确购买意向的用户。和信息流广告一起跑，效果会更突出。
Services: Advertising / Douyin ads / Challenge title,Hashtag challenges,话题挑战赛
Services: Advertising / Douyin ads / Challenge body,"¥200,000 to ¥500,000. When they work, organic amplification dwarfs the spend. We only recommend when the concept is strong and the brand has enough audience to seed participation.",¥20万到¥50万。一旦引爆，自然传播带来的曝光会远远超过最初的投入。但只有创意扎实、品牌本身已经有足够粉丝基础来带动起步时，我们才会建议做。
Services: Advertising / Douyin ads / Shop title,Shop cards,商城商品卡
Services: Advertising / Douyin ads / Shop body,Direct-response units on videos linking to Douyin Shop. Conversion rates 20-30% higher than standard link ads.,嵌在视频里的一键购买形式，直接跳转到抖音商城。转化率比普通跳转型广告高出20%到30%。
Services: Advertising / Douyin ads / Takeover title,Brand takeover,品牌开屏
Services: Advertising / Douyin ads / Takeover body,"Static image or GIF, 3-5 seconds at app open. One brand per day. High impact, high cost.",打开App时出现的静态图或GIF，展示3到5秒。一天只接一个品牌，视觉冲击力强，费用也相应较高。
Services: Advertising / RedNote ads / Heading,RedNote / Xiaohongshu (via Juguang),小红书（聚光平台）
Services: Advertising / RedNote ads / In-feed title,In-feed ads,信息流广告
Services: Advertising / RedNote ads / In-feed body,"Sponsored notes in the discovery feed. CPM ¥10 to ¥30, roughly 10-20% of Douyin rates. CPC from ¥0.3. Min budget ¥5,000. Most cost-effective platform for product discovery as of early 2026.","以赞助笔记的形式出现在发现页。CPM¥10到¥30，大约只有抖音的10%到20%。CPC低至¥0.3，起投¥5,000。截至2026年初，这是种草类广告里性价比最高的平台。"
Services: Advertising / RedNote ads / Search title,Search ads,搜索广告
Services: Advertising / RedNote ads / Search body,"Boost note rankings for keywords. CPC. Over 70% of active users search daily, a stat that surprises most people.",把你的笔记在目标关键词下的排名往上拉，按点击付费。小红书超过70%的活跃用户每天都在用搜索——这个数字，多数人都没想到会这么高。
Services: Advertising / RedNote ads / KOL title,KOL seeding (Pugongying),达人种草（蒲公英）
Services: Advertising / RedNote ads / KOL body,"Brands pay creators for organic-looking content. Micro-KOC (Key Opinion Consumer) from ¥500/post. Mid-tier ¥5,000 to ¥30,000. Top-tier ¥50,000+.","品牌付费，让达人产出看起来像真实分享的内容。素人博主一篇¥500起；中腰部达人¥5,000到¥30,000；头部达人¥50,000起。"
Services: Advertising / RedNote ads / Zone title,Brand zone and splash ads,品牌专区和开屏
Services: Advertising / RedNote ads / Zone body,"Brand zone: dedicated landing page in RedNote search, ¥50,000+. Splash ads: full-screen at app open, ¥50,000+. Best for major launches.","品牌专区：在小红书搜索里为你开一个品牌专属页面，¥50,000起。开屏广告：用户打开App时的全屏展示，¥50,000起。建议留到重要节点再用。"
Services: Advertising / Case study / Overline,Case study,客户案例
Services: Advertising / Case study / Title,AGE 20's: the Little Milk Brick campaign in China,AGE 20's：「小奶砖」中国市场推广战役
Services: Advertising / Case study / Body,"A Korean beauty brand's Douyin campaign hit 3.87 million impressions, four times over target. The product nickname went organic without paid promotion.",这个韩国美妆品牌的抖音投放跑出387万次曝光，是原定目标的四倍。「小奶砖」这个产品昵称完全靠自然传播起来，没有投一分钱推广。
Services: Advertising / Case study / CTA,View case study →,看案例 →
Services: Advertising / Case study / Image alt,AGE 20's Little Milk Brick campaign,AGE 20's「小奶砖」中国市场推广战役主视觉
Services: Advertising / Getting started / Heading,From discovery call to first ads live in two weeks.,从第一次通话，到广告正式上线，两周就够。
Services: Advertising / Getting started / Step 1 title,Discovery call.,先聊一聊
Services: Advertising / Getting started / Step 1 description,"Your brand, your goals, and what you're looking to spend. We'll figure out the right approach.",聊聊你的品牌、目标，还有预算打算怎么分。我们一起把下一步想清楚。
Services: Advertising / Getting started / Step 2 title,Media plan.,媒介计划
Services: Advertising / Getting started / Step 2 description,"Platform recommendations, budget allocation, and projected KPIs. Clear scope. Fixed management fee.",选哪些平台、预算怎么分、指标预估在哪个区间。范围写清楚，管理费固定。
Services: Advertising / Getting started / Step 3 title,Ads live in 2 weeks.,两周广告上线
Services: Advertising / Getting started / Step 3 description,"Account setup, creative production, and campaign launch. Daily optimization from day one.",开户、出素材、正式跑起来。第一天就开始调优。
Services: Advertising / Getting started / Cross-link 1,Strategy and campaigns,策略和Campaign执行
Services: Advertising / Getting started / Cross-link 2,Content production,内容制作
Services: Advertising / Getting started / Cross-link 3,Market entry,达人营销
Services: Advertising / FAQ / Subtitle,Everything you need to know about advertising in China with TheRedScroll.,关于中国社媒广告投放，客户问得最多的几个问题。
Services: Advertising / FAQ / Q1,How much budget do I need to start?,起步预算大概要准备多少？
Services: Advertising / FAQ / A1,"Depends on the platform. RedNote from ¥5,000. Douyin in-feed from ¥1,000/day. WeChat Moments ¥1,000/day minimum. We recommend ¥15,000 to ¥30,000/month to collect enough data for real optimization.","看平台。小红书最低¥5,000起投；抖音信息流每天至少¥1,000；微信朋友圈也是¥1,000/天起步。我们一般建议月预算做到¥15,000到¥30,000，这样才有足够的数据量去跑优化。"
Services: Advertising / FAQ / Q2,Do you manage ad spend directly?,广告预算是你们代收代投的吗？
Services: Advertising / FAQ / A2,"Yes. Spend goes to the platform. We don't mark it up. Our fee covers strategy, setup, creative, and reporting.",不是。钱你直接充到平台账户，我们一分不抽，也没有任何返点。我们收的服务费，只包含策略、开户、素材和报告这几块。
Services: Advertising / FAQ / Q3,How fast can we see results?,多久能看到效果？
Services: Advertising / FAQ / A3,Traffic campaigns: first week. Conversions: two to three weeks of optimization. Brand awareness: 30 to 60 days.,流量一般第一周就会起来。转化要两到三周跑调优。品牌认知得靠30到60天慢慢打。
Services: Advertising / FAQ / Q4,What if our current ads aren't performing?,我们现在的投放没起色，你们能接手吗？
Services: Advertising / FAQ / A4,"We audit first. Campaigns, targeting, creatives, spend allocation. Then rebuild what's broken. Common issues: wrong format, stale creatives, targeting too broad, nobody optimizing day to day.",可以。先做一次诊断——把投放计划、定向、素材、预算分配全过一遍，再针对性地重搭。最常见的几个病根：广告形式选错、素材跑太久没换、定向放太宽、没人每天盯着优化。
Services: Advertising / FAQ / Q5,Do you produce the creatives?,广告素材是你们自己做吗？
Services: Advertising / FAQ / A5,"Yes. Video, image, copy for each platform. Creative direction is human-led. Production gets an AI boost through HubStudio.ai.",是的。视频、图片、文案，每个平台单独出一套。创意方向由团队来拿，产能靠AI和HubStudio.ai顶上去。
Services: Advertising / FAQ / Q6,Boosting a post vs. running a campaign?,推热门帖子和做正式投放，差别大吗？
Services: Advertising / FAQ / A6,"Boosting is simple but limited. A campaign gives you precise targeting, creative testing, conversion goals, bid optimization, and ROAS tracking. The gap in results is usually significant.",推帖子快，但能做的就那么多。正式投放可以做精准定向、素材AB测试、转化目标、出价策略、ROAS追踪。两者的效果差距，基本一眼就能看出来。
Services: Advertising / FAQ / Q7,Is ROAS always the right metric?,ROAS是不是永远是最核心的指标？
Services: Advertising / FAQ / A7,"For e-commerce and direct-response, pretty much always. For brand awareness, we switch to CPM and reach. The point is: we define what success looks like before launch, not after.","电商和直接转化类，大多数情况下是。品牌认知阶段更应该看CPM和覆盖人数。关键是投放之前就把""什么叫成功""定清楚，事后别再找借口。"
Services: Advertising / FAQ / Q8,Can we run ads on multiple platforms?,能同时在几个平台一起投吗？
Services: Advertising / FAQ / A8,"Yes, and in most cases you should. Douyin + RedNote covers awareness and discovery. WeChat retargets people who engaged elsewhere. We figure out the mix based on your goals and what you can spend.",可以，而且组合起来往往更有效。抖音和小红书负责种草和曝光，微信用来做已互动用户的再营销。具体怎么搭，根据你的目标和预算来。
Services: Advertising / FAQ / Q9,What about account verification?,广告账户认证流程是怎样的？
Services: Advertising / FAQ / A9,Most platforms won't let you into the ad manager without it. We handle the process. Takes one to three weeks.,大多数平台必须先过认证，才能用广告后台。全套流程我们来处理，一般一到三周走完。
Services: Advertising / FAQ / Q10,How is your pricing structured?,你们服务费是怎么算的？
Services: Advertising / FAQ / A10,Fixed fee for creative work. Ad spend is separate and goes straight to the platforms. No confusion there.,策略和日常运营收一个固定服务费。广告预算单独计费，直接付给平台。账目上没有任何灰色地带。
Services: Content Production / Meta / Title,China Social Media Content Production | TheRedScroll,中国社媒内容制作 | TheRedScroll
Services: Content Production / Meta / Description,"AIGC images, video production, copywriting, and localization for WeChat, Douyin, and RedNote. Fixed scope. AI-powered speed. Team in Shanghai.",AIGC视觉、视频制作、文案、文化本地化。覆盖微信、抖音、小红书。范围写死，跑的是AI的速度。团队驻扎上海。
Services: Content Production / Hero / Overline,Content production,内容制作
Services: Content Production / Hero / Heading,What you say matters more than how cheaply you can produce it.,内容说什么，比制作成本重要得多。
Services: Content Production / Hero / Subheading,"Strategy, creative direction, AIGC, real-life shoots, copywriting, and localization. From Shanghai and Hong Kong.",策略、创意方向、AIGC、实拍、文案、文化本地化——一条龙都由我们做。团队驻扎上海和香港。
Services: Content Production / Hero / CTA primary,Book a call,预约通话
Services: Content Production / Hero / CTA secondary,See what we do,服务内容
Services: Content Production / Why changed / Overline,The shift,转折点
Services: Content Production / Why changed / Heading,Why content production has changed,内容制作这件事，已经彻底变了
Services: Content Production / Why changed / Body,"AI can now produce visuals and copy in minutes. When everyone can create cheaply, the thinking behind the content becomes the real differentiator.",AI现在几分钟就能出视觉、出文字。当所有人都能用很低的成本批量出内容的时候，真正拉开差距的，是内容背后的那一套判断。
Services: Content Production / Why changed / CTA,See what we do,服务内容
Services: Content Production / Why changed / Card 1 title,Tone is platform-specific,每个平台的调性都不一样
Services: Content Production / Why changed / Card 1 body,"RedNote rewards casual, almost diary-like content. Weibo demands punchy headlines. WeChat needs depth. Douyin lives on hooks and pacing. Same voice across all four won't work.",小红书偏轻松、偏私密。微博要抓眼的标题。微信讲究深度。抖音看的是开头和节奏。四个平台套用同一种语气，哪个都跑不出来。
Services: Content Production / Why changed / Card 2 title,Trends move fast,趋势翻得太快
Services: Content Production / Why changed / Card 2 body,"A hashtag trending on Douyin today might be dead by next week. Your content team needs to be on the platforms daily, spotting opportunities in real time.",今天在抖音上爆的热搜词，下周可能连个水花都翻不起来。得有人天天盯着平台，在窗口期抓准节点。
Services: Content Production / Why changed / Card 3 title,Volume is massive,量实在太大
Services: Content Production / Why changed / Card 3 body,"Run three or four platforms and you're looking at 30 to 50 pieces per month, plus ad creatives. No team can sustain that with traditional production alone.",三到四个平台同时跑，一个月至少要出30到50条内容，广告素材还没算进去。单靠传统的制作方式，没有哪支团队吃得下这个量。
Services: Content Production / Why changed / Card 4 title,AI is the only way to keep up,AI是唯一跟得上节奏的办法
Services: Content Production / Why changed / Card 4 body,AIGC handles the production volume. Your team handles creative direction. The thinking is human. The output speed isn't.,产能靠AIGC，创意方向始终握在团队自己手里。真正在思考的还是人——被提速的，只是制作这一环。
Services: Content Production / What we do / Overline,What we do,我们做的事
Services: Content Production / What we do / Heading,Content structure and strategy,内容体系和策略
Services: Content Production / What we do / Card 1 title,Content strategy,内容策略
Services: Content Production / What we do / Card 1 body,"Content pillars, messaging framework, editorial voice, and platform-specific formats. 100% human-led. AI can't decide if your brand should ride a trending topic or stay quiet.",内容主线、信息框架、语气调性、各平台各自的格式。这一块100%由人来拍板。一个热点该不该追，AI回答不了你这个问题。
Services: Content Production / What we do / Card 2 title,AIGC images and video,AIGC视觉和视频
Services: Content Production / What we do / Card 2 body,"AI-generated product visuals, lifestyle imagery, and short-form video. Custom models trained on your brand identity so output looks like yours. Roughly 80% faster than traditional production.",AI生成的产品图、场景图和短视频。模型都是基于你的品牌视觉体系训练出来的，出来的东西有你自己的样子。比起传统制作，大概快80%。
Services: Content Production / What we do / Card 3 title,Real-life production,实拍
Services: Content Production / What we do / Card 3 body,"Shot on location in China. Behind-the-scenes footage, product unboxings, brand films, KOL collaboration shoots. AI can't replicate a real person using your product.",本地拍摄。幕后、开箱、品牌短片、达人联合拍摄。真人在真实地用你的产品——这一点，AI替代不了。
Services: Content Production / Copywriting / Overline,Copywriting and localization,文案和文化本地化
Services: Content Production / Copywriting / Heading,This is not translation.,翻译这件事，我们不做。
Services: Content Production / Copywriting / Paragraph 1,"A WeChat article has structure and depth. A RedNote caption reads like a friend sharing a tip. A Douyin overlay needs to hook in two seconds. The copy is different for each platform, even when the product is the same.",微信公众号文章要讲结构、要有深度。小红书的图文配文读起来得像朋友在给你支招。抖音视频前两秒抓不住人，后面就白搭了。产品可能是同一个，但四个平台的写法完全不一样。
Services: Content Production / Copywriting / Paragraph 2,"AI drafts. Native Chinese speakers proofread and culturally adapt. For brands entering the market, we also handle brand naming, tagline localization, and messaging adaptation.",AI先出初稿，本地写手负责文化这一关和改稿。如果是刚进中国的品牌，连中文品牌名、slogan、核心信息的改写，也一并做。
Services: Content Production / Pricing / AIGC title,AIGC indicative pricing,AIGC参考价位
Services: Content Production / Pricing / AIGC body,"10 AIGC product images: ¥2,000 to ¥5,000. 5 short social videos (15-30 sec): ¥5,000 to ¥12,000. Compare that to traditional: a product photo shoot in Shanghai runs ¥8,000 to ¥25,000/day. A 30-second video starts at ¥15,000 to ¥50,000.","10张AIGC产品图¥2,000到¥5,000。5条社交短视频（15到30秒）¥5,000到¥12,000。做个对比：上海一天的传统产品摄影大概在¥8,000到¥25,000之间，一条30秒视频起步¥15,000，高的能冲到¥50,000。"
Services: Content Production / Pricing / Real-life title,Real-life indicative pricing,实拍参考价位
Services: Content Production / Pricing / Real-life body,"Half-day photo shoot (Shanghai): ¥8,000 to ¥15,000. Full-day video production with crew and editing: ¥20,000 to ¥60,000. Depends on scope, location, talent, and post-production.","上海半天的拍摄¥8,000到¥15,000。一整天的视频拍摄（含团队和后期）¥20,000到¥60,000。具体还要看拍摄范围、场地、出镜人和后期工作量。"
Services: Content Production / Platform Douyin / Overline,Platform formats,各平台的内容形式
Services: Content Production / Platform Douyin / Heading,Douyin,抖音
Services: Content Production / Platform Douyin / Card 1 title,Short video (15-60 sec),短视频（15到60秒）
Services: Content Production / Platform Douyin / Card 1 body,"The dominant format. Product demos, tutorials, lifestyle clips, trend-riding content. Vertical 9:16. Hook must land in the first 2 seconds. Music and subtitles are essential.",抖音的核心形式。产品演示、教程、场景化、蹭热点都靠这个。9:16竖屏，前两秒最关键，音乐和字幕是标配。
Services: Content Production / Platform Douyin / Card 2 title,Live streaming,直播
Services: Content Production / Platform Douyin / Card 2 body,"Product demos, Q&A, flash sales. Can run 1 to 4 hours. Drives direct sales through Douyin Shop. Requires a trained host, real-time chat, and product display coordination.",产品演示、答疑互动、限时秒杀。一场通常1到4小时，走抖音商城直接成交。专业主播、弹幕互动、选品节奏，这三样缺一不可。
Services: Content Production / Platform Douyin / Card 3 title,Douyin carousel,抖音图文
Services: Content Production / Platform Douyin / Card 3 body,"Up to 20 images in a swipeable format. Good for educational content, step-by-step guides, product comparisons. Growing in popularity for beauty and skincare brands.",最多20张图，滑动浏览。适合做科普、分步教程、产品对比。这个形式最近涨得很快，美妆和护肤品牌尤其吃这一套。
Services: Content Production / Platform RedNote / Overline,Platform formats,各平台的内容形式
Services: Content Production / Platform RedNote / Heading,RedNote / Xiaohongshu,小红书
Services: Content Production / Platform RedNote / Card 1 title,Photo notes,图文笔记
Services: Content Production / Platform RedNote / Card 1 body,"1 to 9 images with caption. The native format. Lifestyle photography, flat lays, before-and-after shots. Tone needs to feel personal and genuine. Think diary entry, not press release.",1到9张图配文字。小红书的原生形式。生活照、平铺图、使用前后对比都合适。调性要真实、要私人——像日记，不像新闻稿。
Services: Content Production / Platform RedNote / Card 2 title,Video notes,视频笔记
Services: Content Production / Platform RedNote / Card 2 body,"1 to 5 minutes. More space for storytelling than Douyin. Product reviews, routine videos, how-tos. Works best when it feels like a real person sharing an honest experience.",1到5分钟。比抖音多了很多叙事空间。测评、日常记录、教程类都合适。拍得像真人在分享自己的真实体验，效果是最好的。
Services: Content Production / Platform RedNote / Card 3 title,Search-optimized notes,搜索向笔记
Services: Content Production / Platform RedNote / Card 3 body,Content created to rank for keywords RedNote users search for. Think of it as SEO for social media. Requires keyword research within RedNote's own search ecosystem.,专门为小红书站内搜索写的笔记。本质就是社交平台上的SEO——得专门针对小红书的搜索逻辑去做关键词研究。
Services: Content Production / Platform WeChat / Overline,Platform formats,各平台的内容形式
Services: Content Production / Platform WeChat / Heading,WeChat,微信
Services: Content Production / Platform WeChat / Card 1 title,Official Account articles,公众号文章
Services: Content Production / Platform WeChat / Card 1 body,"Long-form content. 800 to 2,500 words with images, embedded video, and links to Mini Programs or stores. Good for brand storytelling, product education, and thought leadership.",长图文形式。800到2500字，可以配图、嵌视频、挂小程序或商城链接。品牌故事、产品科普、专业观点，都适合放在这里。
Services: Content Production / Platform WeChat / Card 2 title,Channels videos,视频号
Services: Content Production / Platform WeChat / Card 2 body,Short vertical video within WeChat's video feed. 1 to 3 minutes. Growing fast. More intimate audience since it's shared within WeChat's social graph.,微信自己的竖屏短视频，1到3分钟。眼下还在快速成长。受众规模不如抖音大，但走的是熟人社交关系链，离用户更近。
Services: Content Production / Platform WeChat / Card 3 title,Mini Program content,小程序内容
Services: Content Production / Platform WeChat / Card 3 body,"Product catalogs, interactive experiences, event pages, loyalty programs. Content lives inside the Mini Program and gets distributed through articles, ads, and QR codes.",产品目录、互动体验、活动落地页、会员体系。内容承载在小程序里，通过文章、广告和二维码分发出去。
Services: Content Production / Case study / Overline,Case study,客户案例
Services: Content Production / Case study / Heading,Camper: growing a design brand on China's social platforms,Camper：把一个设计师品牌在中国社媒做起来
Services: Content Production / Case study / Body,"Design-led content grew Camper from 43,000 to 187,000 followers across Chinese social platforms. Same-store sales rose 31% in 18 months.","一套以设计为核心的内容策略，把Camper在中国社媒的粉丝从43,000一路做到了187,000。与此同时，18个月里的门店销售增长了31%。"
Services: Content Production / Case study / Link,View case study →,看案例 →
Services: Content Production / Getting started / Heading,From brief to first content live in two weeks.,从需求敲定，到首批内容正式上线，两周就够。
Services: Content Production / Getting started / Step 1 title,Discovery call.,先聊一聊
Services: Content Production / Getting started / Step 1 body,"Tell us about your brand, your platforms, and where content is falling short.",聊聊你的品牌、主要在哪些平台上跑、眼下内容到底卡在哪儿。
Services: Content Production / Getting started / Step 2 title,Content plan.,内容方案
Services: Content Production / Getting started / Step 2 body,"Format recommendations, production approach, AIGC vs. real-life split, and pricing. Clear scope.",敲定内容格式、制作方式、AIGC和实拍的配比，再出一份明确的报价。范围一开始就写得清清楚楚。
Services: Content Production / Getting started / Step 3 title,Live in 2 weeks.,两周上线
Services: Content Production / Getting started / Step 3 body,"Content strategy, asset production, and first posts published. Fourteen days from signed contract.",内容策略定稿、首批素材制作完成、首批内容正式上线。合同签完14天内全部搞定。
Services: Content Production / Getting started / Cross link 1,Strategy and campaigns,策略和Campaign执行
Services: Content Production / Getting started / Cross link 2,Influencer marketing,达人营销
Services: Content Production / Getting started / Cross link 3,Advertising,广告投放
Services: Content Production / FAQ / Subtitle,Everything you need to know about content production with TheRedScroll.,关于内容制作，客户问得最多的几个问题。
Services: Content Production / FAQ / Q1,Can AI really produce content that looks good enough for premium brands?,AI真的做得出高端品牌水准的内容吗？
Services: Content Production / FAQ / A1,"Yes, if you train the model properly. Generic AI output looks generic. We train custom models on your brand's visual identity, color palette, packaging, and product photography style. The output matches your brand. Not someone else's.",做得出，前提是模型训练得到位。通用模型出的东西就是通用的，一眼就能看穿。我们会基于你的品牌视觉体系、色彩、包装、摄影风格去训练专属模型，产出的东西带着你自己的样子，不会跟别人撞脸。
Services: Content Production / FAQ / Q2,What percentage of content is AI vs. real-life?,AIGC和实拍的比例大概是多少？
Services: Content Production / FAQ / A2,"Depends on the brand and the platform. For most clients, AIGC handles 60 to 70% of visual production (product images, social graphics, simple video). Real-life production covers the remaining 30 to 40% (hero videos, lifestyle content, KOL shoots).",看品牌，也看平台。多数客户的视觉产能里，AIGC占60%到70%（产品图、社媒素材、短视频），剩下30%到40%走实拍（品牌大片、生活方式、达人联拍）。
Services: Content Production / FAQ / Q3,Do you write in Chinese or adapt from English?,中文内容是直接写的，还是从英文翻过来的？
Services: Content Production / FAQ / A3,"We write in Chinese. Not translate. Big difference. Our copywriters are native Mandarin speakers based in Shanghai. If you provide English brand guidelines, we use those as a starting point, but the output is written for Chinese platforms from scratch.",直接用中文写，不是翻译过来的。两者的差别，一眼就能看出来。文案团队全是中文母语写手，驻扎上海。你那边的英文品牌指南只是起点参考，真正的中文稿我们会从零开始、为国内平台量身写。
Services: Content Production / FAQ / Q4,How do you keep up with trends?,你们是怎么蹭热点的？
Services: Content Production / FAQ / A4,"Our social media managers are on the platforms every day. They track trending hashtags, viral formats, seasonal moments, and competitor activity. When something relevant appears, we can produce and publish a response within 24 to 48 hours.",运营团队每天都泡在平台上，盯热搜词、盯新格式、盯节日节点、盯对手动向。机会一冒头，24到48小时之内就能把内容做出来、发出去。
Services: Content Production / FAQ / Q5,What if we already have global creative assets?,我们本来就有一套全球的创意素材，能接着用吗？
Services: Content Production / FAQ / A5,"We can adapt them, but adaptation usually doesn't perform as well as locally produced content. We'll use your global assets where they make sense and supplement with locally produced AIGC and real-life content for the day-to-day posts.",可以做本地化适配。但说实话，适配出来的效果通常比不上本地原创。我们会在合适的场景里用你原有的素材，日常内容则靠AIGC和本地拍摄补上。
Services: Content Production / FAQ / Q6,How many posts per month do we need?,一个月大概要发多少内容？
Services: Content Production / FAQ / A6,Minimum viable presence: 8 to 12 posts per platform per month. Competitive presence: 20 to 30. That's just organic. Ad creatives are on top. We build a content calendar that matches your budget and goals.,只是刷个存在感：每个平台每月8到12条。想真正有竞争力：20到30条。这里说的只是自然内容，广告素材不算在内。我们会根据你的预算和目标，定一套合适的节奏。
Services: Content Production / FAQ / Q7,Can you produce content for multiple platforms at once?,能同时跑几个平台吗？
Services: Content Production / FAQ / A7,"That's basically the default. Most clients run two to four platforms. Each one gets its own content calendar, its own tone, and its own formats. We don't recycle the same post across platforms. That doesn't work.",这就是我们日常的做法。大部分客户同时运营两到四个平台，每个平台都有一套独立的节奏、语气和格式。把同一条内容一模一样地照搬到所有平台——那种做法我们不做，没用。
Services: Content Production / FAQ / Q8,How is pricing structured?,收费是怎么定的？
Services: Content Production / FAQ / A8,"Fixed scope, fixed price. You know the number of posts, videos, articles, and shoots included each month. Ad spend and real-life production add-ons are quoted separately and transparently.",一口价，范围写死。每个月出多少条帖子、多少条视频、多少篇文章、多少次拍摄——全都提前列清楚。广告预算和额外拍摄另外报价，一样是透明的。
Services: Content Production / FAQ / Q9,Who owns the content you produce?,做出来的内容版权归谁？
Services: Content Production / FAQ / A9,"You do. Every asset we produce, whether AIGC or real-life, belongs to your brand. Full usage rights, no licensing restrictions, no expiration dates. You can repurpose it anywhere.",归你。我们产出的所有内容，不管是AIGC还是实拍，完整使用权都归品牌方。没有授权限制，也没有到期时间。
Services: Content Production / FAQ / Q10,How fast can you turn around content?,交付周期大概多久？
Services: Content Production / FAQ / A10,"AIGC assets: 2 to 3 business days from brief to delivery. Real-life shoots need 1 to 2 weeks for planning, shooting, and post-production. Trend-reactive content can go from concept to published in 24 to 48 hours when needed.",AIGC素材：从需求到交付2到3个工作日。实拍一到两周，包含前期、拍摄和后期。蹭热点的内容在紧急情况下，可以做到24到48小时从想法到上线。
Services: Influencer Marketing / Meta / Title,China KOL & KOC Influencer Agency | TheRedScroll,中国KOL和KOC达人营销 | TheRedScroll
Services: Influencer Marketing / Meta / Description,"KOL and KOC campaigns on Douyin, RedNote, WeChat. Creator vetting, live commerce, campaign management. Fixed scope. Team in Shanghai.",抖音、小红书、微信上的达人营销。选人、直播带货、全流程执行。范围写清楚，团队驻扎上海。
Services: Influencer Marketing / Hero / Overline,Influencer marketing,达人营销
Services: Influencer Marketing / Hero / Heading,The right creator talking about your brand is worth more than any ad.,一个对的博主替品牌说一句话，比砸多少硬广都管用。
Services: Influencer Marketing / Hero / Subheading,"We find the right KOLs and KOCs, vet them, brief them, manage the relationship, and track what actually came back. From Shanghai and Hong Kong.",选KOL和KOC、一个一个核数据、定创意方向、跑全流程，最后再用数据算出真实回报——这一整条链路，由我们来做。团队在上海和香港两地。
Services: Influencer Marketing / Hero / CTA primary,Book a call,预约通话
Services: Influencer Marketing / Hero / CTA secondary,See what we do,我们的服务
Services: Influencer Marketing / Why essential / Overline,The case for creators,达人的分量
Services: Influencer Marketing / Why essential / Heading,Why influencer marketing is essential,达人营销，现在基本是必选项
Services: Influencer Marketing / Why essential / Body,Advertising puts your message in front of people. Influencer marketing puts your product in the hands of someone they already trust.,广告是把信息硬推到用户面前。达人是把产品交到用户信任的人手里。这两件事，根本不是一回事。
Services: Influencer Marketing / Why essential / CTA,See what we do,我们的服务
Services: Influencer Marketing / Why essential / Card 1 title,"It reaches communities, not demographics",触达的是社群，不是泛人群
Services: Influencer Marketing / Why essential / Card 1 body,"A KOL's followers share interests, taste, and trust. When that person recommends a product, the audience responds in ways they wouldn't for a paid ad.",KOL的粉丝之间有共同的审美和兴趣，更重要的是他们对博主本身的信任。博主随手推荐一件产品，粉丝的反应，跟刷到一条硬广完全不是一回事。
Services: Influencer Marketing / Why essential / Card 2 title,Conversion rates tend to be higher,转化率明显更高
Services: Influencer Marketing / Why essential / Card 2 body,Brands using KOL collaborations on RedNote report conversion rates roughly 2.3x higher than traditional ad channels.,在小红书上跟KOL合作的品牌，实际观察到的转化率，大约是传统广告渠道的2.3倍。
Services: Influencer Marketing / Why essential / Card 3 title,The market is growing fast,市场还在涨
Services: Influencer Marketing / Why essential / Card 3 body,The influencer economy is forecast to hit RMB 117 billion by the end of 2025. Over half of advertisers already use influencer content.,"国内达人营销的市场规模，预计到2025年底将突破1,170亿元。超过一半的广告主，已经把这个渠道用起来了。"
Services: Influencer Marketing / Why essential / Card 4 title,But it's incredibly time-consuming,但执行工作量是真的大
Services: Influencer Marketing / Why essential / Card 4 body,"Finding creators, verifying followers, negotiating fees, reviewing content, tracking results. A single campaign with 15 creators can eat up 100+ hours.",找合适的人、核粉丝真实性、谈价、一条一条审稿、追踪效果。一场15位博主的Campaign，工作量轻轻松松就上100个小时。
Services: Influencer Marketing / What we do / Overline,What we do,我们做的事
Services: Influencer Marketing / What we do / Heading,KOL and KOC identification,KOL和KOC筛选
Services: Influencer Marketing / What we do / Card 1 title,Creator identification,发掘博主
Services: Influencer Marketing / What we do / Card 1 body,"Database of creators across Douyin, RedNote, WeChat, Weibo, Bilibili, and Kuaishou. Every creator checked for engagement authenticity, audience quality, content style, and brand fit.",抖音、小红书、微信、微博、B站、快手——这些平台上的博主库我们自己在养。每一个账号都要过几道筛：互动真不真实、粉丝画像对不对、内容风格跟品牌合不合得来。
Services: Influencer Marketing / What we do / Card 2 title,Campaign planning and briefing,策划和准备
Services: Influencer Marketing / What we do / Card 2 body,"Every campaign gets a brief. Objectives, key messages, content format, posting schedule, platform rules. KOL schedules coordinated with your content calendar and paid media.",每一场Campaign开跑前，先出一份清晰的brief：目标、核心信息、内容形式、排期、各平台各自的要求，全都写明白。KOL的发布节奏，会跟品牌自己的内容规划和付费投放对齐同步。
Services: Influencer Marketing / What we do / Card 3 title,Negotiation and contracting,商务谈判
Services: Influencer Marketing / What we do / Card 3 body,"We negotiate rates, usage rights, exclusivity terms, and deliverables. Listed rates and what brands actually pay can differ by 15% or more. We know what things should cost.",我们出面谈价、谈授权、谈排他、确认交付清单。首次报价和实际成交价之间，经常能差出15%以上。哪儿才是合理区间，我们心里有数。
Services: Influencer Marketing / Full service / Overline,Full service,全流程覆盖
Services: Influencer Marketing / Full service / Heading,From live commerce to compliance to reporting,从直播带货到合规标注，一直到结案复盘
Services: Influencer Marketing / Full service / Intro,"Live streaming is a serious sales channel. A single session on Douyin or Taobao Live can move thousands of orders in a couple of hours. We coordinate host selection, product briefing, script development, real-time chat moderation, and post-session reporting.",直播带货在国内是一条真正意义上的销售渠道。一场抖音或淘宝直播，短短几个小时就能跑出几千单。主播选人、选品、脚本、弹幕管理，再到直播结束之后的数据复盘——这一整套都由我们接手。
Services: Influencer Marketing / Full service / Compliance title,Compliance and disclosure,合规和标注
Services: Influencer Marketing / Full service / Compliance body,Sponsored content on Chinese platforms is subject to advertising regulations. RedNote requires clear disclosure labels. Douyin flags undisclosed promotions. We make sure every piece of KOL content meets platform requirements and complies with relevant advertising rules.,商业推广内容受国内广告法约束。小红书要求明确标注商业合作，抖音会自动把没申报的推广内容打上标签。我们会确保每一条发出去的内容都符合平台规则和现行广告法。
Services: Influencer Marketing / Full service / Performance title,Performance tracking,效果衡量
Services: Influencer Marketing / Full service / Performance body,"Every campaign is measured. Impressions, engagement rate, click-throughs, conversions, cost per result. Post-campaign reports include who to keep working with, who to drop, and who's worth testing next time. We refine the creator mix based on data, not gut feeling.",所有数据都追踪下来。曝光、互动、点击、转化、单次成本。结案报告会帮你判断：哪个博主值得继续合作、哪个该淘汰、下一次再试谁。选人靠数据，不靠感觉。
Services: Influencer Marketing / Full service / Live commerce title,Live commerce,直播带货
Services: Influencer Marketing / Full service / Live commerce body,"For brands with a Douyin Shop, we run sessions linked directly to your product pages. Host selection, product briefing, real-time chat, and post-session reporting. The commission model means your risk is partially shared with the host.",已经开了抖音小店的品牌，我们可以直接组织挂商品链接的直播场次。主播、选品、实时弹幕、直播后复盘，一样不少。走佣金制，意味着风险博主这边也会一起扛。
Services: Influencer Marketing / Full service / Payment title,Payment handling,打款结算
Services: Influencer Marketing / Full service / Payment body,"Negotiation, contracting, payment, tax documentation. You pay us. We sort out the rest with the creators and their MCNs. Flat fee, commission on sales, product exchange, or hybrid structures depending on the campaign.",商务、合同、打款、税票，这些全归我们处理。你把钱付给我们，剩下跟博主、跟MCN的事情都由我们走。固定费用、销售佣金、产品置换、或者几种混着来——具体看项目怎么定。
Services: Influencer Marketing / MCN / Overline,Industry context,行业格局
Services: Influencer Marketing / MCN / Heading,What is an MCN?,MCN到底是什么
Services: Influencer Marketing / MCN / Paragraph 1,"MCN stands for Multi-Channel Network. In practice, it's a talent management company for creators. MCNs sign contracts with KOLs and KOCs, then manage their content production, brand deals, and monetization.",MCN（Multi-Channel Network），说白了就是博主的经纪公司。MCN和KOL、KOC签约，帮他们打理内容、接商单、做变现。
Services: Influencer Marketing / MCN / Paragraph 2,"As of 2025, there are roughly 29,000 registered MCN organizations operating across the market. Chinese MCNs train creators, produce their content, manage supply chains for live commerce, and handle platform compliance. A lot of the biggest names on Douyin and RedNote were incubated by MCNs.","截至2025年，国内注册的MCN大概有29,000家。这些机构负责培养博主、制作内容、跑直播带货的运营流程，同时也把合规这一块顶上。抖音和小红书上不少头部博主，背后都签着一家MCN。"
Services: Influencer Marketing / MCN / Paragraph 3,"When you want to work with a mid-tier or top-tier KOL, you're almost always negotiating with their MCN. We work with major MCNs across Douyin, RedNote, and WeChat. Those relationships mean faster response times, priority access to creators who are usually booked out, and pricing that's hard to get if you're reaching out cold.",想跟中腰部以上的KOL合作，对接的基本都是他们背后的MCN。我们跟抖音、小红书、微信上主要的几家MCN都保持着长期合作关系。这意味着响应更快，能约到档期紧的博主，也能谈下那些从零开始接触时根本拿不到的价格和条件。
Services: Influencer Marketing / Pricing RedNote / Overline,Indicative pricing,价格参考
Services: Influencer Marketing / Pricing RedNote / Heading,RedNote / Xiaohongshu,小红书
Services: Influencer Marketing / Pricing RedNote / Intro,"Rates depend on follower count, engagement rate, content format, niche, and exclusivity. These ranges reflect Q1 2026 benchmarks. Not quotes.",价格主要看粉丝数、互动率、内容形式、行业，以及是否带排他权。下面是2026年Q1的市场大致区间，目的是给你一个量级感，不是正式报价。
Services: Influencer Marketing / Pricing RedNote / Nano title,Nano-KOCs (under 5K),"素人KOC（5,000粉丝以下）"
Services: Influencer Marketing / Pricing RedNote / Nano body,"¥100 to ¥500/post, or product exchange only. Best for seeding campaigns that build search presence through volume.",每篇¥100到¥500，或者走产品置换。适合用大量笔记铺满搜索结果的种草型项目。
Services: Influencer Marketing / Pricing RedNote / Micro title,Micro-KOCs (5K to 20K),"小型KOC（5,000到20,000粉丝）"
Services: Influencer Marketing / Pricing RedNote / Micro body,"¥500 to ¥3,000/post. High engagement rates. Great for authentic product reviews and organic buzz.","每篇¥500到¥3,000。互动率通常更高一些。最适合产出可信的产品评测和自然流传的口碑。"
Services: Influencer Marketing / Pricing RedNote / Mid title,Mid-tier KOLs (20K to 100K),"中腰部KOL（20,000到100,000粉丝）"
Services: Influencer Marketing / Pricing RedNote / Mid body,"¥3,000 to ¥15,000/post. The sweet spot for most campaigns. Good reach, real credibility, and the cost per engagement usually makes sense.","每篇¥3,000到¥15,000。对大多数Campaign来说，性价比是最高的那一档。覆盖面够广、可信度也够，单次互动的成本合理。"
Services: Influencer Marketing / Pricing RedNote / Top title,Top-tier KOLs (100K+),"头部KOL（100,000粉丝以上）"
Services: Influencer Marketing / Pricing RedNote / Top body,"¥15,000 to ¥80,000+/post. Beauty and luxury KOLs command roughly 50% more than other categories. Video notes cost 20 to 30% more than photo notes.","每篇¥15,000到¥80,000及以上。美妆和奢侈品类博主一般还要再溢价50%左右。视频笔记的报价比图文笔记贵20%到30%。"
Services: Influencer Marketing / Pricing Douyin / Overline,Indicative pricing,价格参考
Services: Influencer Marketing / Pricing Douyin / Heading,Douyin,抖音
Services: Influencer Marketing / Pricing Douyin / Micro title,Micro-creators (under 50K),"小型创作者（50,000粉丝以下）"
Services: Influencer Marketing / Pricing Douyin / Micro body,"¥1,000 to ¥5,000/video. Good for product demos and tutorials.","每条视频¥1,000到¥5,000。适合做产品演示和教程类的内容。"
Services: Influencer Marketing / Pricing Douyin / Mid title,Mid-tier KOLs (50K to 500K),"中腰部KOL（50,000到500,000粉丝）"
Services: Influencer Marketing / Pricing Douyin / Mid body,"¥5,000 to ¥30,000/video. Effective for brand awareness and driving Douyin Shop traffic.","每条视频¥5,000到¥30,000。适合打品牌认知，也适合给抖音小店引流。"
Services: Influencer Marketing / Pricing Douyin / Top title,Top-tier KOLs (500K+),"头部KOL（500,000粉丝以上）"
Services: Influencer Marketing / Pricing Douyin / Top body,"¥30,000 to ¥200,000+/video. Campaign anchors. Often bundled with live commerce sessions.","每条视频¥30,000到¥200,000及以上。这一档是整场Campaign的核心引擎，通常会跟直播带货场次联动起来做。"
Services: Influencer Marketing / Pricing Douyin / Live title,Live commerce hosts,直播带货主播
Services: Influencer Marketing / Pricing Douyin / Live body,Base fee plus 20 to 40% commission on sales. A strong host can move tens of thousands of units in a single session.,基础坑位费外加20%到40%的销售佣金。一位好主播，一场直播就能卖出几万件货。
Services: Influencer Marketing / Pricing WeChat / Overline,Indicative pricing,价格参考
Services: Influencer Marketing / Pricing WeChat / Heading,WeChat,微信
Services: Influencer Marketing / Pricing WeChat / OA title,Official Account KOLs (articles),公众号KOL（图文）
Services: Influencer Marketing / Pricing WeChat / OA body,"¥5,000 to ¥50,000+/article depending on average views. The rough benchmark is about ¥1 per view. The most expensive platform per impression, but the audience quality is different. The attention is deeper.","每篇¥5,000到¥50,000及以上，具体看平均阅读量。大致的基准是每次阅读¥1。单次曝光成本在各大平台里最高，但这里的受众完全是另一回事——注意力更集中，质量也更高。"
Services: Influencer Marketing / Pricing WeChat / Channels title,Channels KOLs (video),视频号KOL（视频）
Services: Influencer Marketing / Pricing WeChat / Channels body,"¥3,000 to ¥20,000/video. Growing format. Less established pricing than Douyin but expanding quickly.","每条视频¥3,000到¥20,000。视频号还是一种比较年轻的形式，价格体系不像抖音那样成熟，但整个市场正在很快地变化。"
Services: Influencer Marketing / Case study / Overline,Case study,客户案例
Services: Influencer Marketing / Case study / Heading,Jaguar Land Rover: reaching younger consumers through social,捷豹路虎：靠社媒抓住更年轻的用户
Services: Influencer Marketing / Case study / Body,UGC campaigns brought younger Chinese consumers into the conversation. Organic content from real users shifted brand relevance to a new generation.,一场UGC项目，把国内年轻消费者真正拉进了品牌对话里。真实用户产出的内容，帮捷豹路虎在新一代人群里重新树起了品牌存在感。
Services: Influencer Marketing / Case study / Link,View case study →,看案例 →
Services: Influencer Marketing / Getting started / Heading,From brief to first influencer posts in two to four weeks.,从方案敲定，到首条内容正式上线，两到四周。
Services: Influencer Marketing / Getting started / Step 1 title,Discovery call.,先聊一聊
Services: Influencer Marketing / Getting started / Step 1 body,"Your brand, your goals, and the type of creators you want to work with.",聊聊你的品牌、目标，以及你心里想合作的博主类型。
Services: Influencer Marketing / Getting started / Step 2 title,KOL shortlist.,KOL候选名单
Services: Influencer Marketing / Getting started / Step 2 body,"Vetted creators matched to your brand, niche, and budget. Every engagement number verified.",根据品牌、行业和预算挑出候选博主。每一项数据，我们都会先自己核过一遍再给你。
Services: Influencer Marketing / Getting started / Step 3 title,First posts in 2-4 weeks.,2到4周首条内容上线
Services: Influencer Marketing / Getting started / Step 3 body,"Creator outreach, briefing, content production, review, and publication.",博主对接、创意brief、内容制作、审稿、发布，全部串下来。
Services: Influencer Marketing / Getting started / Cross link 1,Content production,内容制作
Services: Influencer Marketing / Getting started / Cross link 2,Advertising,广告投放
Services: Influencer Marketing / Getting started / Cross link 3,Strategy and campaigns,策略和Campaign执行
Services: Influencer Marketing / FAQ / Subtitle,Everything you need to know about influencer marketing in China with TheRedScroll.,关于达人营销，客户问得最多的几个问题。
Services: Influencer Marketing / FAQ / Q1,How do you detect fake followers?,怎么识别假粉丝？
Services: Influencer Marketing / FAQ / A1,"We cross-reference follower counts against engagement metrics, comment quality, and audience demographics. A creator with 200,000 followers and 50 comments per post, mostly generic emoji, that's a red flag. Platform tools like Xingtu and Pugongying also provide authenticated data. After a few hundred campaigns you recognize the patterns quickly.",交叉比对粉丝数、互动率、评论质量和粉丝画像。一个号称20万粉的博主，每条笔记只有50条评论，大多数还是表情包——这就是很明显的信号。星图、蒲公英这些官方工具也能给到一部分认证数据。做过几百个项目之后，可疑账号基本一眼就能看出来。
Services: Influencer Marketing / FAQ / Q2,How many KOLs do we need?,一场Campaign一般要用多少个KOL？
Services: Influencer Marketing / FAQ / A2,Depends on what you're trying to do. Seeding campaign: 20 to 50 KOCs. Brand awareness push: 3 to 5 mid-tier KOLs. Hero product launch: one top-tier creator supported by 10 to 15 KOCs. We build the mix around your budget and goals.,看目标。铺量种草：20到50个KOC。品牌认知：3到5个中腰部通常就够了。重磅新品首发：一个头部加10到15个KOC起步。具体怎么搭，看预算和优先级怎么排。
Services: Influencer Marketing / FAQ / Q3,Can we approve content before it goes live?,发布之前我们能不能审稿？
Services: Influencer Marketing / FAQ / A3,"Generally yes. We share drafts or preview content before publication. Some creators resist heavy editing because it kills authenticity, and they're usually right. But key messages, compliance labels, and brand guidelines always get checked.","大多数情况可以。我们会在发布前把草稿或预览先发给你。有些博主不太能接受大幅改动，因为一改多，内容就失了""自然感""——说实话这一点他们也有道理。但核心信息、合规标注、品牌规范这些，我们一定会在发布前一条一条过。"
Services: Influencer Marketing / FAQ / Q4,What's the difference between KOL and KOC?,KOL和KOC到底有什么区别？
Services: Influencer Marketing / FAQ / A4,KOLs are professional creators with large followings and polished content. KOCs (Key Opinion Consumers) are everyday users with smaller audiences who share genuine product experiences. KOLs drive awareness. KOCs build trust and search presence. Most campaigns need both.,KOL是专业博主，粉丝量大，内容做得精。KOC（关键意见消费者）就是普通用户，粉丝不多，但会自发分享使用体验。一句话：KOL负责给你曝光，KOC负责给你信任和搜索可见度。多数Campaign两者都要一起用。
Services: Influencer Marketing / FAQ / Q5,How long to launch a campaign?,从立项到首条内容上线，大概要多久？
Services: Influencer Marketing / FAQ / A5,"Two to four weeks from brief to first post. That covers creator identification, outreach, negotiation, briefing, content production, and review. Seeding campaigns with KOCs move faster, sometimes one to two weeks.",一般两到四周——从方案敲定，到首条内容发出。这段时间里包括选人、对接、商务、创意、制作、审稿。KOC铺量型项目还能更快，有时候一到两周就跑起来了。
Services: Influencer Marketing / FAQ / Q6,Can influencer content be reused as ad creative?,KOL的内容，我们能不能拿去做广告投放？
Services: Influencer Marketing / FAQ / A6,"Sometimes. Usage rights have to be negotiated upfront. Some creators include ad usage in their fee. Others want a separate licensing payment, which can add 30 to 50% on top. We sort this out during contracting so nobody gets surprised later.",可以，但这不是默认就有的权限。二次使用权必须提前谈。一部分博主的报价里本身就含广告授权，另一部分要单独买授权，费用通常会贵出30%到50%。我们在签合同阶段就会把这些条款理清楚，不会让你后面踩坑。
Services: Influencer Marketing / FAQ / Q7,What industries work best?,哪些行业跑达人营销效果最好？
Services: Influencer Marketing / FAQ / A7,"Beauty, skincare, and fashion see the strongest results because the creator ecosystem is the most developed. F&B, health and wellness, hospitality, and consumer electronics are close behind. B2B brands can also make it work, especially on WeChat and Zhihu, but the pool of relevant creators is smaller.",美妆、护肤、时尚最靠前，原因很简单——博主资源最丰富。食品饮料、健康养生、酒旅、消费电子紧随其后。B2B品牌也能跑，尤其在微信和知乎上，只是博主池子相对窄一些。
Services: Influencer Marketing / FAQ / Q8,Do you handle payments to creators?,KOL这边的打款，是你们走账吗？
Services: Influencer Marketing / FAQ / A8,"The whole flow. Negotiation, contracting, payment, tax documentation. You pay us. We sort out the rest with the creators and their MCNs.",全程由我们负责。商务谈判、合同、打款、发票、税务都走我们。你把钱付给我们，剩下跟博主和MCN的事情都由我们直接对接。
Services: CRM & Private Domain / Meta / Title,WeChat CRM & Private Domain Traffic | TheRedScroll,微信CRM和私域运营 | TheRedScroll
Services: CRM & Private Domain / Meta / Description,"WeChat CRM, WeCom setup, private domain strategy for China. Community management, Mini Program CRM, customer activation. Shanghai team.",微信CRM、企业微信部署、私域策略。社群运营、小程序CRM、用户激活。上海本地团队。
Services: CRM & Private Domain / Hero / Overline,CRM and private domain traffic,CRM和私域
Services: CRM & Private Domain / Hero / H1,Your followers are your most valuable asset. Own the relationship.,粉丝，才是你最值钱的资产。客户关系，自己握在手里。
Services: CRM & Private Domain / Hero / Subheadline,"Build direct, repeatable customer relationships inside WeChat. No platform fees. No algorithm deciding who sees what.",在微信里跟客户建立直接、长期的关系。不被平台抽点，也不让算法替你决定谁能看到什么。
Services: CRM & Private Domain / Hero / CTA Primary,Book a call,预约通话
Services: CRM & Private Domain / Hero / CTA Secondary,See what we do,看看我们做什么
Services: CRM & Private Domain / Why it matters / Overline,Why it matters,为什么这事要紧
Services: CRM & Private Domain / Why it matters / H2,You rent the audience. The platform owns it.,"流量不是你的，是平台""租""给你的。"
Services: CRM & Private Domain / Why it matters / Paragraph,The algorithm decides who sees your content. Ad costs go up 30%? Your reach shrinks and there's nothing you can do. Private domain puts the brand back in control.,谁能看到你的内容，算法说了算。广告成本一夜涨三成？你的触达直接缩水，毫无办法。私域，就是把主动权重新拿回自己手里。
Services: CRM & Private Domain / Why it matters / CTA,See what we do,了解我们的服务
Services: CRM & Private Domain / Why it matters / Card 1 Title,You own the relationship,客户是你自己的
Services: CRM & Private Domain / Why it matters / Card 1 Description,"WeChat followers, WeCom contacts, group members, Mini Program users. These people opted in. You reach them directly, without paying a platform toll.",公众号粉丝、企业微信联系人、群成员、小程序用户——这些人是自己主动选了你。想再触达他们，不用再给平台交一遍买路钱。
Services: CRM & Private Domain / Why it matters / Card 2 Title,Repeat sales compound,复购是一单一单堆出来的
Services: CRM & Private Domain / Why it matters / Card 2 Description,Conversion rates in private domain consistently beat public traffic. Some brands report that private domain customers drive over 85% of repeat sales.,私域的转化率普遍比公域高出一大截。有些品牌跑到后面，85%以上的复购都来自私域用户。
Services: CRM & Private Domain / Why it matters / Card 3 Title,Higher per-person value,单个客户的价值明显更高
Services: CRM & Private Domain / Why it matters / Card 3 Description,"Flash sales in WeChat groups. One-on-one advice through WeCom. VIP early access. Personalized recommendations. Smaller audiences, dramatically higher value.",群内限时秒杀、企业微信一对一顾问、VIP提前尝鲜、个性化推荐。人数可能不多，但每一位都能做出远超预期的生意。
Services: CRM & Private Domain / Why it matters / Card 4 Title,Ad dependency drops over time,广告预算一个季度比一个季度少
Services: CRM & Private Domain / Why it matters / Card 4 Description,"Once the community hits a certain size, the unit economics outperform everything else. Brands doing this well watch their ad spend decrease over time.",社群一旦做到一定规模，私域的投产比会压过其他所有渠道。跑得顺手的品牌，广告预算就是一个季度一个季度地往下走。
Services: CRM & Private Domain / WeChat vs WeCom / Overline,Platform basics,基础概念
Services: CRM & Private Domain / WeChat vs WeCom / H2,WeChat vs. WeCom: what's the difference,微信和企业微信：到底有什么区别
Services: CRM & Private Domain / WeChat vs WeCom / WeChat Heading,WeChat (微信),微信
Services: CRM & Private Domain / WeChat vs WeCom / WeChat Description,"The consumer app. 1.3 billion users. Messaging, Moments, Official Accounts, Mini Programs, WeChat Pay, Channels. It's where your customers live.",面向普通用户的社交App，用户规模超过13亿。聊天、朋友圈、公众号、小程序、微信支付、视频号，一应俱全。你的客户每天都在里面。
Services: CRM & Private Domain / WeChat vs WeCom / WeCom Heading,WeCom (企业微信),企业微信
Services: CRM & Private Domain / WeChat vs WeCom / WeCom Description,"The enterprise counterpart. Separate app, built for businesses to communicate with customers and manage teams. Connects 14 million organizations to 750 million WeChat users.","独立的企业端App，专门用来做企业和客户的沟通、以及团队内部协作。目前已经把1,400万家企业和7.5亿微信用户串在了一起。"
Services: CRM & Private Domain / WeChat vs WeCom / Paragraph 1,Your team messages customers directly inside their personal WeChat. The message lands in the customer's regular chat list. Feels personal. Doesn't feel like a marketing blast.,你的团队可以直接把消息发到客户的个人微信里。消息就落在客户日常的聊天列表里，看起来就像朋友发来的一句话，不是那种一眼就能看出来的群发广告。
Services: CRM & Private Domain / WeChat vs WeCom / Paragraph 2,"Associates stop swapping personal WeChat contacts the company can't see or track. They use WeCom IDs owned by the business instead. Conversations get logged. Data feeds the CRM. When somebody on the team leaves, client relationships stay with the company.",销售不再拿个人微信加客户——那样的联系人公司既看不到也留不住。换成企业微信账号之后，聊天记录自动留痕，数据同步进CRM。哪天销售离职了，客户关系也还牢牢留在公司。
Services: CRM & Private Domain / What we do / Overline,What we do,我们做的事
Services: CRM & Private Domain / What we do / Heading,WeCom setup and CRM integration,企业微信配置和CRM打通
Services: CRM & Private Domain / What we do / Image Alt,TheRedScroll team setting up WeCom CRM workflows,TheRedScroll团队正在配置企业微信和CRM流程
Services: CRM & Private Domain / What we do / Card 1 Title,WeCom setup,企业微信部署
Services: CRM & Private Domain / What we do / Card 1 Description,"Getting WeCom operational and plugged into everything else. Account setup, team roles, integration with Official Account, Mini Program, and CRM. Customer data in one place.",把企业微信快速搭起来，工具之间全部打通。开账号、分角色、接公众号、接小程序、接CRM。所有客户数据，最后都落到同一个地方。
Services: CRM & Private Domain / What we do / Card 2 Title,WeChat CRM and Mini Program,微信CRM和小程序
Services: CRM & Private Domain / What we do / Card 2 Description,"The CRM layer sits inside WeChat. Customer profiles, purchase history, loyalty tiers, coupon distribution, personalized messaging, automated follow-ups. All in one app.",CRM这一层直接嵌进微信里。客户档案、购买记录、会员等级、优惠券发放、精准推送、自动化召回——全都在一个App里跑完。
Services: CRM & Private Domain / What we do / Card 3 Title,Private domain strategy,私域运营策略
Services: CRM & Private Domain / What we do / Card 3 Description,"Channel selection, the path from public traffic into private channels, content cadence by segment, and a measurement framework. PIPL compliance baked in from day one.",渠道怎么选、公域流量怎么往私域引、用户分层怎么触达、效果怎么看。个人信息保护法（PIPL）的合规，从第一天就搭进去。
Services: CRM & Private Domain / Community / Overline,Community,社群运营
Services: CRM & Private Domain / Community / Heading,Community building and management,把社群搭起来，再一直养活
Services: CRM & Private Domain / Community / Card 1 Title,Group segmentation,社群分层
Services: CRM & Private Domain / Community / Card 1 Description,"Groups get segmented by customer type, interest, geography, purchase history. Each one has a content cadence, a community manager, and regular activations.",按画像、兴趣、城市、消费记录把群拆开。每个群都有自己的内容节奏、专属运营、固定活动，不混着跑。
Services: CRM & Private Domain / Community / Card 2 Title,Activations,激活运营
Services: CRM & Private Domain / Community / Card 2 Description,"Exclusive early access, group-only pricing, Q&A sessions with brand founders, user-generated content challenges, feedback polls that actually lead somewhere. These aren't broadcast blasts. They're interactions that build something real.",会员专享的新品尝鲜、群内独家价、创始人亲自答疑、用户共创挑战，再到投票调研、拿到结果之后立刻动手。这不是简单的群发，是靠一轮一轮的对话把关系养起来。
Services: CRM & Private Domain / Community / Card 3 Title,Brand personas,品牌人设
Services: CRM & Private Domain / Community / Card 3 Description,"Some brands take it further with fictional brand personas as group hosts. A character with a name, a voice, a backstory who makes the group feel less corporate and more like a friend's recommendation. When done well, it's one of the most effective community tools we've seen.",有些品牌会更进一步——让一个虚拟人物来运营社群。一个名字、一种语气、一段故事。群里的氛围不像官方通知，更像朋友顺手给你支招。玩得到位，这是我们见过最吃得开的社群打法之一。
Services: CRM & Private Domain / Community / Card 4 Title,CRM automation,CRM自动化
Services: CRM & Private Domain / Community / Card 4 Description,"Push a personalized offer to 500 VIPs about an exclusive drop. Run a flash sale and watch conversions in real time. Send a re-engagement message to customers who haven't bought in 90 days. Once set up, most of this runs without anyone touching it.",给500位VIP定向推新品首发。发起限时秒杀，实时盯着转化。90天没消费的客户自动召回。搭好一次，核心流程就能一直跑下去，不用有人专门盯着。
Services: CRM & Private Domain / Case study / Overline,Case study,客户案例
Services: CRM & Private Domain / Case study / Heading,Viessmann: how social drove eCommerce growth in China,Viessmann：靠社媒把国内电商生意做起来
Services: CRM & Private Domain / Case study / Description,Douyin filled the top of the funnel. RedNote warmed up buyers. WeCom converted them and kept them around. Online revenue grew month over month.,抖音负责在漏斗最上端拉流量，小红书完成种草，企业微信在末端把转化和复购接住。整个链路跑通之后，线上营收一个月比一个月高。
Services: CRM & Private Domain / Case study / CTA,View case study →,看案例 →
Services: CRM & Private Domain / Case study / Image Alt,Viessmann climate solutions in China,Viessmann中国气候产品线
Services: CRM & Private Domain / Getting Started / Heading,From zero to a live private domain in three weeks.,从零起步，到私域正式跑起来，三周就够。
Services: CRM & Private Domain / Getting Started / Step 1 Title,Discovery call.,先聊一聊
Services: CRM & Private Domain / Getting Started / Step 1 Description,"Your brand, your current audience, and where private domain fits your growth plan.",看看你的品牌、现有的用户基础，以及私域在你的增长路径里到底该扮演什么角色。
Services: CRM & Private Domain / Getting Started / Step 2 Title,CRM blueprint.,CRM方案
Services: CRM & Private Domain / Getting Started / Step 2 Description,"WeCom setup, group strategy, automation flows, and CRM integration plan. Fixed scope.",企业微信部署、社群策略、自动化触达、CRM打通——每一项的范围都写得清清楚楚。
Services: CRM & Private Domain / Getting Started / Step 3 Title,Live in 3 weeks.,三周上线
Services: CRM & Private Domain / Getting Started / Step 3 Description,"WeCom configured, first groups launched, automation flows active. Community growing from day one.",企业微信配置完成、首批社群拉起来、自动化就位。社群从第一天起就开始成形。
Services: CRM & Private Domain / Getting Started / Cross-link 1,Strategy and campaigns,策略和Campaign执行
Services: CRM & Private Domain / Getting Started / Cross-link 2,Market entry,达人营销
Services: CRM & Private Domain / Getting Started / Cross-link 3,Advertising,广告投放
Services: CRM & Private Domain / FAQ / Subtitle,Everything you need to know about CRM and private domain with TheRedScroll.,关于CRM和私域，客户问得最多的几个问题。
Services: CRM & Private Domain / FAQ / Q1,Do we need WeCom if we don't have stores?,没有线下门店，企业微信还用得上吗？
Services: CRM & Private Domain / FAQ / A1,"If anyone on your team communicates with customers directly then yes. Account managers, reps, service staff. If your model is pure e-commerce with no human touchpoint, you can skip WeCom and focus on Mini Program CRM and community groups. But most brands that start thinking they don't need it end up wanting it once they see it working.","只要团队里有人直接跟客户沟通，就用得上。客户经理、销售、售后这些岗位都算。如果业务完全是纯线上、没有人工互动，那精力可以集中在小程序CRM和社群上。但说句实在话，大多数一开始觉得""用不上企微""的品牌，真跑起来之后基本都会改口。"
Services: CRM & Private Domain / FAQ / Q2,How big does our audience need to be?,用户量要做到多大才值得动手？
Services: CRM & Private Domain / FAQ / A2,"Around 2,000 to 3,000 engaged followers is where the economics start clicking. Below that, the effort of building automation and running groups is tough to justify. Above that, returns compound fast.","门槛大概在2,000到3,000个活跃粉丝。低于这个数，自动化和社群运营的投入很难回本。过了这条线，回报会明显加速。"
Services: CRM & Private Domain / FAQ / Q3,Can private domain replace advertising?,做私域是不是就不用投广告了？
Services: CRM & Private Domain / FAQ / A3,"It reduces what you spend, but won't eliminate ads entirely. Public traffic still brings new people in. Private domain is where you keep them and get them buying again. The brands doing this well run both channels and watch their ad dependency drop over time.",能明显降低对广告的依赖，但完全替代做不到。公域流量依然是拉新的必经之路，私域主要承担留存和复购。跑得好的品牌是两条线并行——广告预算会一个季度一个季度往下走。
Services: CRM & Private Domain / FAQ / Q4,What CRM tools do you use?,你们用的是哪套CRM工具？
Services: CRM & Private Domain / FAQ / A4,"Tencent Qidian or Fxiaoke for WeChat-native work. For brands on Salesforce, HubSpot, or Dynamics, a connector layer keeps everything in sync. Right answer depends on what you're already running.",微信原生的场景，我们一般用腾讯企点或纷享销客。如果品牌本身已经在用Salesforce、HubSpot或Dynamics，我们会搭一层连接器做数据同步。最终用什么，还是看你们内部现有的工具体系。
Services: CRM & Private Domain / FAQ / Q5,How is a WeChat group different from a loyalty program?,微信群和会员积分体系有什么区别？
Services: CRM & Private Domain / FAQ / A5,"A loyalty program tracks points. A WeChat group is a conversation. Members talk to each other, share experiences, react to content, join activations. The strongest setups combine both: CRM handles data and automation, groups handle the human part.",会员体系负责记录积分，微信群承载的是对话。群里的成员之间可以交流、分享体验、晒评价、参加活动。真正跑得起来的品牌两头都要上：CRM管数据和自动化，社群管人情味。
Services: CRM & Private Domain / FAQ / Q6,What happens if a sales associate leaves?,销售离职了，客户会跟着走吗？
Services: CRM & Private Domain / FAQ / A6,"On personal WeChat, contacts walk out the door with the employee. On WeCom, they stay with the company. Clients get reassigned with the full conversation history. No awkward re-introductions.",用个人微信，客户多半会跟员工一起走。用企业微信就不会——客户关系归公司。销售离职后，客户可以直接重新分配，历史聊天记录完整保留，不用从头自我介绍。
Services: CRM & Private Domain / FAQ / Q7,How do you measure success?,效果怎么衡量？
Services: CRM & Private Domain / FAQ / A7,"Retention rate, repurchase rate, customer lifetime value, group engagement, CRM-triggered conversion rate, private domain share of total revenue. All tracked, reported monthly.",留存率、复购率、客户终身价值（LTV）、社群活跃度、CRM动作转化率，以及私域营收在总营收里的占比。每个月出一次报告。
Services: CRM & Private Domain / FAQ / Q8,Is this only for WeChat?,这一块只做微信吗？
Services: CRM & Private Domain / FAQ / A8,"Mostly. WeChat is the only platform with the full closed loop: Official Accounts, Mini Programs, WeCom, Groups, Channels, Pay. Some brands run lighter private domain efforts through Douyin fan groups or RedNote communities, but those tools are limited by comparison. A serious private domain strategy starts on WeChat.",基本上是的。微信是唯一一个能把公众号、小程序、企业微信、社群、视频号、微信支付全部串起来跑闭环的平台。有些品牌会在抖音粉丝群或小红书社区上做一点轻量运营，但这些工具的能力还差一截。真要认真做私域，都是从微信起手。
Services: Training & Consulting / Meta / Title,China Social Media Consulting & Training | TheRedScroll,中国社媒培训和咨询 | TheRedScroll
Services: Training & Consulting / Meta / Description,"Strategy consulting, AIGC workshops, social listening, competitor watch, KOL audits, crisis playbooks, campaign training. Team in Shanghai.",战略咨询、AIGC工作坊、社媒监测、竞品分析、KOL风险尽调、危机预案、投放培训。团队驻扎上海。
Services: Training & Consulting / Hero / Overline,Training and consulting,培训和咨询
Services: Training & Consulting / Hero / H1,Learn the market. Or let us solve a specific problem.,把市场吃透，或者，把一个具体的问题直接丢给我们处理。
Services: Training & Consulting / Hero / Subheadline,Consulting for specific challenges. Training for internal teams. Both delivered by people who work on Chinese social platforms every day.,咨询针对具体的问题给答案，培训帮你的团队把能力补起来。上课的，都是每天还在一线跑中国社媒的人。
Services: Training & Consulting / Hero / CTA Primary,Book a call,预约通话
Services: Training & Consulting / Hero / CTA Secondary,See consulting services,看看咨询服务
Services: Training & Consulting / Why this exists / Overline,Why this exists,为什么有这项服务
Services: Training & Consulting / Why this exists / H2,"Some brands need knowledge, not more hands.",有些品牌要的是经验，不是多雇一双手。
Services: Training & Consulting / Why this exists / Paragraph,Not every brand is ready to outsource everything. Some have internal teams. What they need is the knowledge layer.,不是每个品牌都想把活儿全包出去。有些品牌自己有团队，缺的只是那一层专业判断和经验。
Services: Training & Consulting / Why this exists / CTA,See what we do,了解我们的服务
Services: Training & Consulting / Why this exists / Card 1 Title,Platform knowledge gaps,平台实际怎么跑
Services: Training & Consulting / Why this exists / Card 1 Description,How the platforms work in practice. What formats actually perform versus what looks good in a pitch. How AI fits into a production workflow.,每个平台在现实里到底是怎么运作的。什么内容形式真正起作用——不是会议室里听着顺耳的那些。AI又该怎么塞进内容生产的流程里。
Services: Training & Consulting / Why this exists / Card 2 Title,Specific problems to solve,手上拿着一个具体问题
Services: Training & Consulting / Why this exists / Card 2 Description,Numbers flat after a year of posting. Parted ways with an agency. KOL spend might be bloated but you don't have the data to prove it.,发了整整一年的内容，数据毫无起色。刚跟代理商分手。KOL预算似乎砸太多了，但又拿不出数据来证明。
Services: Training & Consulting / Why this exists / Card 3 Title,Advice from practitioners,结论全部来自一线
Services: Training & Consulting / Why this exists / Card 3 Description,"Our team runs live campaigns daily. The advice comes from what's working this month, on the platforms we're in every day.",我们的团队每天都在一线跑投放。给你的建议，来自这个月还在起效的打法，来自我们自己每天都在操作的那些平台。
Services: Training & Consulting / Why this exists / Card 4 Title,Flexible engagement,合作方式很灵活
Services: Training & Consulting / Why this exists / Card 4 Description,A single strategy session or a multi-week project. Some brands move into monthly management after consulting. Others check in once a year. Whatever fits.,可以只开一次战略会议，也可以连着跑几周一个项目。有的品牌后来直接切成按月执行，也有的每年回来一两次。节奏你定，我们跟。
Services: Training & Consulting / Consulting / Overline,Consulting,咨询
Services: Training & Consulting / Consulting / Heading,Consulting services,咨询服务
Services: Training & Consulting / Consulting / Image Alt,Cyril Drouin consulting with clients in a conference room,Cyril Drouin 在会议室与客户进行咨询
Services: Training & Consulting / Consulting / Panel 1 Label,Strategy consulting,战略咨询
Services: Training & Consulting / Consulting / Panel 1 Heading,Strategy consulting,战略咨询
Services: Training & Consulting / Consulting / Panel 1 Description,"Platform selection, content planning, campaign architecture, KOL strategy, social commerce, competitive positioning. Single session or multi-week project. Every engagement ends with a document you can act on.",平台怎么选、内容怎么排、投放架构怎么搭、KOL策略怎么定、社交电商从哪儿切入、对手该怎么打。可以是一次性的战略会议，也可以是跑几周的项目。每次合作结束，都会交给你一份能直接上手的文档。
Services: Training & Consulting / Consulting / Panel 2 Label,Content and AIGC consulting,内容和AIGC咨询
Services: Training & Consulting / Consulting / Panel 2 Heading,Content and AIGC consulting,内容和AIGC咨询
Services: Training & Consulting / Consulting / Panel 2 Description,"We audit your production workflow and figure out where AI adds speed without losing quality. Prompt frameworks, custom model training, tool selection. The question isn't whether to adopt it. It's how.",把你现在的内容生产流程从头过一遍，找出哪些环节AI可以提速，但又不会把质量拉下来。提示词框架、定制模型训练、工具挑选。眼下的问题已经不是要不要用AI，而是该怎么用。
Services: Training & Consulting / Consulting / Panel 3 Label,Performance audits,效果审计
Services: Training & Consulting / Consulting / Panel 3 Heading,Performance audits,效果审计
Services: Training & Consulting / Consulting / Panel 3 Description,"Accounts, content, engagement, ad spend, KOL partnerships, competitive position. Written report: what's working, what isn't, what to change. Use it yourself or pass it to your agency.",账号表现、内容质量、互动率、广告投入、KOL合作、竞品对标——全部过一遍。最后一份书面报告白纸黑字写清楚：哪块有效、哪块没用、哪块得调。你的团队直接上手也行，转交给代理商也行。
Services: Training & Consulting / Consulting / Panel 4 Label,Social listening,社媒监测
Services: Training & Consulting / Consulting / Panel 4 Heading,Social listening,社媒监测
Services: Training & Consulting / Consulting / Panel 4 Description,"Brand mentions, sentiment, trending conversations, competitor activity across RedNote, Douyin, WeChat, Weibo, and Zhihu. Automated tools combined with manual checks from our Shanghai team.",品牌提及、舆情走向、热门话题、对手动作，覆盖小红书、抖音、微信、微博、知乎。自动化工具加上海团队的人工复核，两头一起跑。
Services: Training & Consulting / Consulting / Panel 5 Label,Competitor watch,竞品拆解
Services: Training & Consulting / Consulting / Panel 5 Heading,Competitor watch,竞品拆解
Services: Training & Consulting / Consulting / Panel 5 Description,"Monthly or quarterly reports on your top 5 to 10 competitors: content themes, posting cadence, engagement trends, KOL partnerships, ad activity, new launches.",按月或按季度出一份报告，覆盖你5到10家主要对手：内容打法、发布频率、互动走势、KOL合作、广告投放，最近上了什么新品——一项不落。
Services: Training & Consulting / Consulting / Panel 6 Label,KOL risk assessment,KOL风险尽调
Services: Training & Consulting / Consulting / Panel 6 Heading,KOL risk assessment,KOL风险尽调
Services: Training & Consulting / Consulting / Panel 6 Description,"Pre-collaboration due diligence on KOLs and celebrities. Past controversies, political sensitivities, brand conflicts, fake followers, audience quality.",在跟KOL或明星签约之前先做一轮尽调。历史争议、政治敏感度、品牌冲突、假粉、真实受众画像——一条一条过完再拍板。
Services: Training & Consulting / Crisis / Overline,Crisis planning,危机应对
Services: Training & Consulting / Crisis / H2,The best time to build a crisis plan is before you need one.,做危机预案，最好的时机就是还没出事的时候。
Services: Training & Consulting / Crisis / Paragraph 1,What to do if a KOL partnership backfires. How to respond if a product gets negative attention on RedNote. What the escalation path looks like if a cultural misstep goes viral on Weibo.,合作的KOL翻车了怎么办？产品在小红书上被带节奏，怎么接？一次文化失误开始在微博上蔓延，又该按哪一套流程走？
Services: Training & Consulting / Crisis / Paragraph 2,"Monitoring triggers, response templates, escalation protocols, platform-specific guidelines. Build it once, keep it on file, pull it out when something happens. If a situation goes beyond social, we connect you with crisis PR firms who deal with that full time.",监测触发机制、回应模板、升级流程、各平台对应的动作，我们提前帮你全部准备好放在手边。真出事那天直接启用，不用半夜再把人拉起来现拼方案。一旦事情已经超出社媒范围，我们还会帮你对接专业的危机公关团队。
Services: Training & Consulting / Training / Overline,Training,培训
Services: Training & Consulting / Training / Heading,Training programs,培训课程
Services: Training & Consulting / Training / Image Alt,Liyan Ye leading a training workshop,Liyan Ye 主持培训工作坊
Services: Training & Consulting / Training / Panel 1 Label,Social media landscape,中国社媒全景
Services: Training & Consulting / Training / Panel 1 Heading,Social media landscape,中国社媒全景
Services: Training & Consulting / Training / Panel 1 Description,"For teams new to the market or needing a structured overview. Major platforms, user demographics, content formats, ad ecosystems, how everything connects. Real case studies and competitive overview for your category.",适合刚进中国市场，或者想把现有认知系统性梳一遍的团队。主流平台、用户画像、内容形式、广告产品，以及这几样之间怎么互相带动。课上带实战案例，还会顺便把你所在行业的对手速览过一遍。
Services: Training & Consulting / Training / Panel 1 Format,"Half-day or full-day. In-person or remote. Best for marketing teams, C-suite, brand managers.",半天或一天，线下线上都行。适合：市场团队、管理层、品牌负责人。
Services: Training & Consulting / Training / Panel 2 Label,How to build and run campaigns,Campaign策划和执行
Services: Training & Consulting / Training / Panel 2 Heading,How to build and run campaigns,Campaign策划和执行
Services: Training & Consulting / Training / Panel 2 Description,"From brief to post-campaign report. Content calendars, platform-specific production, KOL selection, ad setup, performance measurement. Participants leave with a draft campaign plan for their brand.",从brief一直到最后复盘。内容日历、各平台的制作适配、KOL筛选、广告搭建、效果衡量。课程结束那天，每个学员手上都会带走一份自己品牌的Campaign方案初稿。
Services: Training & Consulting / Training / Panel 2 Format,"One to two days, hands-on. Best for social media managers, content teams, teams managing agency relationships.",一到两天，实操为主。适合：社媒运营、内容团队、代理商对接团队。
Services: Training & Consulting / Training / Panel 3 Label,Integrating AIGC into content production,AIGC融入内容生产
Services: Training & Consulting / Training / Panel 3 Heading,Integrating AIGC into content production,把AIGC接进内容生产流程
Services: Training & Consulting / Training / Panel 3 Description,"Current AI tools for text, image, and video. Prompt engineering. Custom model training. Workflow design for volume production. Quality control. Compliance with AI content labeling rules (in effect since September 2025).",目前主流的文字、图片、视频AI工具。提示词工程。定制模型训练。批量生产流程怎么搭，质量怎么控。还有AI生成内容的标注合规（2025年9月起生效的规定）。
Services: Training & Consulting / Training / Panel 3 Format,"Half-day to full-day with live demos. Best for content producers, creative directors, production leads.",半天到一天，带现场演示。适合：内容制作人、创意总监、制作负责人。
Services: Training & Consulting / Training / Panel 4 Label,Livestream commerce,直播带货
Services: Training & Consulting / Training / Panel 4 Heading,Livestream commerce,直播带货
Services: Training & Consulting / Training / Panel 4 Description,"How to sell through live streaming. Platform selection (Douyin, Taobao Live, WeChat Channels). Host training, scripting, product sequencing, flash sale mechanics, real-time engagement. We break down recent top-performing sessions and what made them work.",直播到底怎么做才能赚钱。平台怎么选（抖音、淘宝直播、微信视频号）。主播怎么培养、脚本怎么写、选品怎么排、限时促销怎么设、弹幕怎么接。我们会把当前跑得最好的直播案例一个个拆开讲，顺着数据去看，到底是什么在起作用。
Services: Training & Consulting / Training / Panel 4 Format,"Half-day with video cases and planning exercises. Best for e-commerce teams, brand managers, marketing directors.",半天，含视频案例拆解和策划练习。适合：电商团队、品牌负责人、市场总监。
Services: Training & Consulting / Case study / Overline,Case study,客户案例
Services: Training & Consulting / Case study / Heading,Langnese: repositioning Germany's top honey brand for growth in China,Langnese：替德国头号蜂蜜品牌重新定位，加速打入中国市场
Services: Training & Consulting / Case study / Description,"Germany's leading honey brand needed a sharper positioning for the Chinese market. A nine-pillar framework opened new channels, new audiences, and new growth.",这家德国头部蜂蜜品牌要在中国市场把定位重新磨一遍。一套围绕九大支柱展开的结构化方案，帮它打开了新渠道、触达了新人群，也把增长势头真正带了起来。
Services: Training & Consulting / Case study / CTA,View case study →,看案例 →
Services: Training & Consulting / Case study / Image Alt,Langnese honey product range for China,Langnese 蜂蜜中国市场产品线
Services: Training & Consulting / Getting Started / Heading,From first call to training delivery in two weeks.,从第一次通话，到培训正式交付，两周之内搞定。
Services: Training & Consulting / Getting Started / Step 1 Title,Discovery call.,先聊一聊
Services: Training & Consulting / Getting Started / Step 1 Description,"Your team, your knowledge gaps, and what you need to walk away with.",看看你的团队眼下卡在哪儿，这次合作具体想拿到什么。
Services: Training & Consulting / Getting Started / Step 2 Title,Custom proposal.,定制方案
Services: Training & Consulting / Getting Started / Step 2 Description,"Session format, topics, duration, and deliverables. Tailored to your team and goals.",形式、主题、时长、交付物，全部按你的团队和目标单独定。
Services: Training & Consulting / Getting Started / Step 3 Title,Sessions within 2 weeks.,两周开课
Services: Training & Consulting / Getting Started / Step 3 Description,"Briefing, preparation, and delivery. Your team walks away with actionable knowledge.",需求对接、课程准备、现场授课。学员带走的都是立刻能用上的东西。
Services: Training & Consulting / Getting Started / Cross-link 1,Strategy and campaigns,策略和Campaign执行
Services: Training & Consulting / Getting Started / Cross-link 2,Content production,内容制作
Services: Training & Consulting / Getting Started / Cross-link 3,Market entry,达人营销
Services: Training & Consulting / FAQ / Subtitle,Everything you need to know about training and consulting with TheRedScroll.,关于培训和咨询，客户问得最多的几个问题。
Services: Training & Consulting / FAQ / Q1,How much does it cost?,大概要花多少钱？
Services: Training & Consulting / FAQ / A1,Depends on scope. A single strategy session starts from a few thousand RMB. A multi-week project with deliverables runs higher. Training workshops are fixed-fee based on duration and customization. We always quote before starting. No open-ended billing.,看项目范围。一次性的咨询会议，几千元起步。持续数周、带交付物的项目费用更高。培训按固定价格算，看时长和定制程度。所有项目启动之前都会给出明确报价，不做开放式收费。
Services: Training & Consulting / FAQ / Q2,Remote training?,培训能不能线上做？
Services: Training & Consulting / FAQ / A2,"Works well for most formats. In-person is better for AIGC workshops where the hands-on part matters, but we can make remote work too.",大部分课程线上跑起来效果也不错。AIGC工作坊因为要动手，面授的效果会更好一些，但也可以按需要改成线上。
Services: Training & Consulting / FAQ / Q3,Group size?,培训一次多少人合适？
Services: Training & Consulting / FAQ / A3,"Sweet spot is 6 to 15. We've run sessions with 3 people and sessions with close to 40. The format changes depending on how many people are in the room, so it's worth discussing ahead of time.",最理想的是6到15人。我们做过3个人的小班，也做过接近40人的大班。形式会根据人数调整，建议开课前先对一下。
Services: Training & Consulting / FAQ / Q4,Is training customized?,课程都是定制的吗？
Services: Training & Consulting / FAQ / A4,"Always. Built around your category, platforms, competitors, and team skill level. We brief before every session.",每一次都是。我们会根据你的行业、主战平台、对手情况和团队水平重新设计。每次开课之前，都会做一次详细的需求沟通。
Services: Training & Consulting / FAQ / Q5,Can consulting become a retainer?,咨询能转成长期合作吗？
Services: Training & Consulting / FAQ / A5,Happens all the time. Some brands move into monthly campaign management after a consulting engagement. Others prefer to check in once or twice a year and handle the rest internally. Either way works for us.,这种情况挺常见的。有的品牌咨询完就直接切成按月的执行投放；也有的每年回来沟通一两次，其余时间自己跑。两种模式都行。
Services: Training & Consulting / FAQ / Q6,Platform-specific training?,你们有分平台的专项培训吗？
Services: Training & Consulting / FAQ / A6,Douyin ad formats and campaign setup. RedNote KOC seeding and search optimization. WeChat Official Account strategy and Mini Programs. Can be standalone sessions or part of something broader.,抖音广告投放和账户搭建；小红书KOC激活和搜索优化；微信公众号运营和小程序策略。这些可以单独开，也可以打包放进更大的培训项目里。
Services: Training & Consulting / FAQ / Q7,Social listening pricing?,社媒监测具体是怎么跑的？
Services: Training & Consulting / FAQ / A7,Monthly retainer. Typically starts with your brand plus 3 competitors across 2 platforms. Expand from there.,按月订阅。起步方案一般覆盖你自己的品牌加3个对手，跑2个平台，之后再按需要扩展。
Services: Training & Consulting / FAQ / Q8,Crisis playbook without ever having a crisis?,还没出过事，为什么要先做危机预案？
Services: Training & Consulting / FAQ / A8,That's honestly the best time to build one. Most brands wait until something breaks and then try to figure out what to do while the internet is already talking about them. Having the framework in place beforehand means you follow a plan instead of making one up on the spot at 11pm.,"还没出事的时候，正是做预案最好的时候。大多数品牌都是等事情已经发生了才开始想办法，那个时候舆论已经在往外蔓延。提前把框架备好，意味着真出事的那天你是在""执行预案""，而不是半夜把人拉起来现拼方案。"
Platforms index / Meta / Title,China Social Media Platforms | TheRedScroll,中国社媒平台 | TheRedScroll
Platforms index / Meta / Description,"WeChat, RedNote, Douyin, Weibo, and 14 more Chinese platforms. Platform guides, audience data, and what works for international brands.",微信、小红书、抖音、微博，再加14个以上的垂直平台。实战指南、用户画像，以及可以直接上手的运营策略。
Platforms index / Hero / Eyebrow,Platforms,平台
Platforms index / Hero / H1,The platforms where your audience already is.,你的用户，早就在这些平台上了。
Platforms index / Hero / Subhead,"Four major platforms. Fourteen more as add-ons. Each one works differently, and we know the rules for all of them.",四个核心平台，外加14个以上的主流和垂直平台。每一个都有自己的一套玩法，我们都很熟。
Platforms index / Hero / CTA primary,See pricing,查看报价
Platforms index / Hero / CTA secondary,Browse platforms,看看平台
Platforms index / Grid / Eyebrow,Where we operate,我们覆盖的平台
Platforms index / Grid / H2,Every platform your brand needs in China.,在中国做社媒会用到的平台，都在这里。
Platforms index / Grid / Intro,"Different audiences, different formats, different rules. We run campaigns on all of them.",不同的用户、不同的形式、不同的规则。每一个平台，我们都在一线跑。
Platforms index / Card 1 / Title,WeChat,微信
Platforms index / Card 1 / Stat label,1.4B+ monthly users,14亿+ 月活
Platforms index / Card 1 / Description,"Official Accounts, Mini Programs, Channels, WeCom, and WeChat Pay. The operating system for daily life in China.",公众号、小程序、视频号、企业微信、微信支付。一个App，渗透到中国人日常的每一个缝隙。
Platforms index / Card 2 / Title,RedNote / Xiaohongshu,小红书
Platforms index / Card 2 / Stat label,300M+ monthly users,3亿+ 月活
Platforms index / Card 2 / Description,"Reviews, shoppable posts, and lifestyle content. Where Chinese consumers research before they buy.",测评、带链接的笔记、生活方式内容。中国消费者下单之前，一定会先来这里翻一圈。
Platforms index / Card 3 / Title,Douyin,抖音
Platforms index / Card 3 / Stat label,800M+ daily users,8亿+ 日活
Platforms index / Card 3 / Description,"Short video, livestream commerce, and in-feed ads. The fastest path from discovery to purchase in China.",短视频、直播带货、信息流广告。从种草到下单，整条链路短得不能再短。
Platforms index / Card 4 / Title,Weibo,微博
Platforms index / Card 4 / Stat label,605M+ monthly users,6.05亿+ 月活
Platforms index / Card 4 / Description,"Mass reach, PR, trending topics, and influencer campaigns. China's public square for brand moments.",大众传播、公关、热搜、明星合作。想把品牌名在全国范围内迅速传开，微博到现在依然最灵。
Platforms index / Card 5 / Title,Additional platforms,其他平台
Platforms index / Card 5 / Stat label,14+ more platforms,14+ 个垂直平台
Platforms index / Card 5 / Description,"Bilibili, Kuaishou, Zhihu, Toutiao, Meituan, Dianping, Pinduoduo, QQ, and more. We cover the full landscape.",B站、快手、知乎、今日头条、美团、大众点评、拼多多、QQ等。该覆盖的，一个都不落。
Platforms index / Card / Link label,Learn more,查看详情
Platforms index / Getting started / Heading,From first call to live campaigns in two weeks.,从第一次通话，到内容正式上线，两周就够。
Platforms index / Getting started / Step 1 title,Discovery call.,先聊一聊
Platforms index / Getting started / Step 1 description,"Your brand, your goals, your China readiness. No pitch deck. Just the right questions.",聊聊你的品牌、目标和眼下的情况。我们不走销售话术，该问什么就问什么。
Platforms index / Getting started / Step 2 title,Proposal.,方案报价
Platforms index / Getting started / Step 2 description,Clear scope. Fixed price. Every deliverable listed out. You see what you are getting before you commit.,范围写得一清二楚，一口价。每一项交付物都白纸黑字列出来，签之前你就知道能拿到什么。
Platforms index / Getting started / Step 3 title,Live in 2 weeks.,两周上线
Platforms index / Getting started / Step 3 description,"Strategy delivered, campaigns configured, first content published. Two weeks from signed contract.",策略、账号、首批内容，合同签完两周内全部就位。
Platforms: WeChat / Meta / Title,WeChat Marketing Services for International Brands | TheRedScroll,微信营销服务 | TheRedScroll
Platforms: WeChat / Meta / Description,"We run WeChat accounts from Shanghai and Hong Kong. Official Accounts, Mini Programs, WeCom, Channels, and ads. Fixed scope, fixed price.",团队在上海和香港，每天都在跑微信账号。公众号、小程序、企微、视频号、广告投放。范围写死，固定报价。
Platforms: WeChat / Hero / Back link,← All platforms,← 返回全部平台
Platforms: WeChat / Hero / Eyebrow,WeChat marketing,微信营销
Platforms: WeChat / Hero / H1,"WeChat is where 1.4 billion people chat, pay, shop, and follow brands",14亿人，在微信上聊天、付钱、下单、认品牌。
Platforms: WeChat / Hero / Subhead,"We run WeChat accounts from Shanghai and Hong Kong. Every day. For brands that want more followers, more engagement, and more conversions in China.",我们团队在上海和香港，每天都在微信里实战。要涨粉、要互动、要转化，这事我们接。
Platforms: WeChat / Hero / CTA,Book a call,预约通话
Platforms: WeChat / Stats / H2,Not vanity numbers. Your Chinese audience is already here.,这些数据不是拿给董事会摆拍用的。你的中国用户，早就泡在这里。
Platforms: WeChat / Stats / Intro,WeChat by the numbers.,微信的事，数据自己会说话。
Platforms: WeChat / Stats / CTA,Book a call,预约通话
Platforms: WeChat / Stats / Label 1,Monthly active users,全球月活
Platforms: WeChat / Stats / Label 2,Users in China,国内用户
Platforms: WeChat / Stats / Label 3,Avg. daily time per user,日均使用时长
Platforms: WeChat / Stats / Label 4,Mini Program monthly users,小程序月活
Platforms: WeChat / Stats / Label 5,WeChat Pay active users,微信支付月活
Platforms: WeChat / Stats / Label 6,Messages sent daily,日均消息量
Platforms: WeChat / Stats / Label 7,Official Accounts,公众号总数
Platforms: WeChat / Stats / Label 8,Users opening 10+ times/day,一天打开10次以上的用户
Platforms: WeChat / Why WeChat / Overline,Why WeChat comes first,为什么微信要先跑
Platforms: WeChat / Why WeChat / Heading,"Your website, email list, CRM, and payment page. All in one app.",官网、邮件列表、CRM、收银台，全部塞进同一个App。
Platforms: WeChat / Why WeChat / Card 1 title,You own your audience,用户真的是你的
Platforms: WeChat / Why WeChat / Card 1 body,"Douyin and RedNote are algorithm-driven. WeChat is different. Your followers are yours. You message them, sort them by behavior, build the relationship month after month. People in China call this private domain traffic: a customer list no platform can take from you.",抖音、小红书都得看算法脸色，微信不这样。粉你的人就是你的人：你能推内容、分人群、一个月一个月把关系养厚。国内管这叫私域，一笔任何平台都带不走的用户资产。
Platforms: WeChat / Why WeChat / Card 2 title,"One app, full journey",一个App里走完全程
Platforms: WeChat / Why WeChat / Card 2 body,"Someone finds your brand, reads your article, opens your Mini Program store, pays with WeChat Pay, joins your loyalty group. No app switching, no broken links, no drop-off between steps.",认识你、读你的文章、进你的小程序商城、微信支付下单、入你的会员群，用户从头到尾都没离开微信。不跳App，不掉链子，不流失。
Platforms: WeChat / Why WeChat / Card 3 title,Verification matters,蓝V是真的有分量
Platforms: WeChat / Why WeChat / Card 3 body,"That blue checkmark on your Official Account carries real weight. It tells Chinese consumers you went through Tencent's verification, you're a legitimate business, and you're not just testing the waters.",公众号上那个蓝色认证标，在中国消费者眼里重得很。它代表你过了腾讯的审核，是一家正经公司，不是随便注册的草台号。
Platforms: WeChat / Why WeChat / Footer paragraph,"WeChat isn't just a messaging app. It's where people pay bills, shop, read the news, book taxis, and follow brands. Chinese consumers check WeChat before they buy. If there's no Official Account, there's no trust.",微信早就不只是一个聊天工具。用户在这里交水电费、购物、看新闻、叫车、关注品牌。中国消费者下单前，习惯先上微信翻一遍你的号。没有公众号，就过不了信任这一关。
Platforms: WeChat / Ecosystem / Overline,The WeChat ecosystem,微信矩阵
Platforms: WeChat / Ecosystem / Heading,Six connected products. Know how they fit together.,六个咬合在一起的产品。先看懂它们怎么配合。
Platforms: WeChat / Ecosystem / Item 1 name,Service Account,服务号
Platforms: WeChat / Ecosystem / Item 1 secondary name,服务号,Service Account
Platforms: WeChat / Ecosystem / Item 1 description,"Your brand's home base. Custom menus, WeChat Pay, CRM tools. 4 posts per month, up to 32 articles total. The only account type foreign companies can register on their own.",品牌在微信的主场。底部菜单、微信支付、CRM工具都能挂上去。每月推送4次，一次最多32篇。海外企业能直接开的，只有这一种。
Platforms: WeChat / Ecosystem / Item 2 name,Mini Programs,小程序
Platforms: WeChat / Ecosystem / Item 2 secondary name,小程序,Mini Programs
Platforms: WeChat / Ecosystem / Item 2 description,"Apps inside WeChat. No download needed. E-commerce, bookings, loyalty, games. 945M monthly users. Plugs straight into WeChat Pay.",藏在微信里的轻App，打开即用，不用下载。电商、预约、会员、小游戏都能跑。月活9.45亿，直连微信支付。
Platforms: WeChat / Ecosystem / Item 3 name,WeChat Channels,视频号
Platforms: WeChat / Ecosystem / Item 3 secondary name,视频号,WeChat Channels
Platforms: WeChat / Ecosystem / Item 3 description,"Short video and livestreaming. Links to your Official Account and Mini Program. Watch a video, tap through, buy. Stays inside WeChat.",短视频加直播，和公众号、小程序直接咬合。用户看完内容就下单付钱，全程不跳出微信。
Platforms: WeChat / Ecosystem / Item 4 name,WeChat Pay,微信支付
Platforms: WeChat / Ecosystem / Item 4 secondary name,微信支付,WeChat Pay
Platforms: WeChat / Ecosystem / Item 4 description,"Mobile payments. 935M+ active users. Street food to designer bags. If you sell anything in China, you need it.",国民级钱包，9.35亿+活跃用户。街边小摊到奢侈品专柜，付款码扫个遍。想在中国卖货，这一步跳不过去。
Platforms: WeChat / Ecosystem / Item 5 name,WeCom,企业微信
Platforms: WeChat / Ecosystem / Item 5 secondary name,企业微信,WeCom
Platforms: WeChat / Ecosystem / Item 5 description,"Enterprise CRM. Direct messaging, audience segments, automated outreach. Reaches 750M+ WeChat users. Most brands set it up way too late.",真正好用的私域工具。1对1聊天、人群分层、自动触达，直连7.5亿+微信用户。多数品牌都吃亏在动手太慢。
Platforms: WeChat / Ecosystem / Item 6 name,Moments,朋友圈
Platforms: WeChat / Ecosystem / Item 6 secondary name,朋友圈,Moments
Platforms: WeChat / Ecosystem / Item 6 description,Social feed where users share life updates. Brands place paid ads right in the feed. Best format for broad awareness.,每天十几亿人在这里刷熟人动态。品牌广告像朋友发的一条状态一样出现，做品牌曝光最快的一块地。
Platforms: WeChat / Ecosystem / Registration note,Registration note: Foreign companies need either a Chinese business license or a registered overseas entity to open a Service Account. Typically takes 1 to 2 weeks with the right documentation. We handle the full registration and verification process.,关于注册：开服务号，需要一张中国营业执照或者海外注册实体。材料齐的话，注册到认证大约1到2周跑完。整个流程我们全程替你跑。
Platforms: WeChat / Services / Overline,What we do on WeChat,我们在微信上干什么
Platforms: WeChat / Services / Heading,Six services. Each with a clear deliverable.,六项服务，每一项都有摆得出的交付物。
Platforms: WeChat / Services / Service 1 title,Account setup and verification,开号和认证
Platforms: WeChat / Services / Service 1 description,"We register your Service Account, push it through verification, set up menus, auto-replies, and brand assets. We deal with the paperwork so you're not waiting around.",服务号注册、蓝V认证、菜单排布、自动回复、品牌门面，全套我们接。和腾讯往返的每一份材料，你都不用碰。
Platforms: WeChat / Services / Service 1 result,"A live, verified WeChat account ready to publish.",一个认证到位、立刻可以发第一条内容的账号。
Platforms: WeChat / Services / Service 2 title,Content strategy and production,内容策略和出品
Platforms: WeChat / Services / Service 2 description,"We map your content pillars, build the calendar, and produce articles, graphics, and short videos. Native Chinese speakers write everything. HubStudio.ai keeps production moving fast.",从内容主轴、排期表，到图文、视觉、短视频一条龙出片。文案由本地中文写手从零起稿，HubStudio.ai在后面把产量顶起来。
Platforms: WeChat / Services / Service 2 result,Localized content your Chinese audience actually wants to read.,用户会一路滑到底的本土内容。
Platforms: WeChat / Services / Service 3 title,Mini Program development,小程序开发
Platforms: WeChat / Services / Service 3 description,"Online stores, lead capture, loyalty programs, booking tools. Built inside WeChat, connected to Pay.",线上商城、留资表单、会员体系、预约工具，全部在微信里搭好，直连微信支付。
Platforms: WeChat / Services / Service 3 result,A storefront that turns readers into buyers without sending them somewhere else.,一家把读者直接变成买家的店，用户不用跳App。
Platforms: WeChat / Services / Service 4 title,WeChat advertising,微信广告投放
Platforms: WeChat / Services / Service 4 description,"Media planning, creative, A/B tests, bid management, performance reports. Moments Ads, Banner Ads, Mini Program Ads. We bill ad spend at cost with no markup.",媒介排期、素材创作、AB测、出价、复盘，一条龙跑完。朋友圈广告、Banner、小程序广告都能投。广告费按平台原价走，我们一分不加。
Platforms: WeChat / Services / Service 4 result,Ads that reach the right audience with transparent spend reporting.,人群打得准，每一笔花销都能对账。
Platforms: WeChat / Services / Service 5 title,WeCom and CRM,企微和私域
Platforms: WeChat / Services / Service 5 description,"Private domain setup from the start. Segmentation, welcome sequences, one-on-one outreach, group chats. This is the part most agencies skip.",私域从第一天就跑起来。人群分层、欢迎SOP、1对1触达、社群运营全程落地。这一块，多数代理都做得不细。
Platforms: WeChat / Services / Service 5 result,A customer list that no platform can take from you.,一笔真正属于你、换个平台也带得走的用户资产。
Platforms: WeChat / Services / Service 6 title,Channels and KOL campaigns,视频号和KOL
Platforms: WeChat / Services / Service 6 description,"Short video production, livestreams on WeChat Channels, plus Key Opinion Leader sourcing, vetting, and campaign management. Verified engagement data only.",短视频制作、视频号直播，外加KOL选人、评估、执行、复盘。互动数据必须能查实，刷量的账号我们直接不用。
Platforms: WeChat / Services / Service 6 result,Content and influencer campaigns that connect back to your account and Mini Program.,内容和达人项目，都和你的公众号、小程序串成一条线。
Platforms: WeChat / Services / Mobile label,You get:,交付：
Platforms: WeChat / Best practices / Eyebrow,From our team on the ground,本地团队的一线心得
Platforms: WeChat / Best practices / H2,WeChat best practices,跑微信，几条硬经验
Platforms: WeChat / Best practices / Intro,"We run WeChat accounts from China, week in, week out. These come from doing the work.",我们每周都在实盘运营微信账号。下面这几条，全部从实战里跑出来。
Platforms: WeChat / Best practices / Item 1 title,"Quality beats frequency, every time.",质量永远压过频率
Platforms: WeChat / Best practices / Item 1 description,Service Accounts get 4 posts a month. One article that people share is worth more than four with 30 opens.,服务号一个月只有4次推送机会。一篇被疯狂转发的爆文，比四篇只有30次打开的稿子值钱太多。
Platforms: WeChat / Best practices / Item 2 title,Don't translate. Localize.,别翻译，要本地重写
Platforms: WeChat / Best practices / Item 2 description,"Taking your English content and running it through translation doesn't cut it. Start from a Chinese brief, written by someone who knows the platform.",英文稿丢给翻译，永远出不来能看的内容。brief直接用中文写，再交给真正在这个平台上混的人去做。
Platforms: WeChat / Best practices / Item 3 title,Build your Mini Program early.,小程序越早上越好
Platforms: WeChat / Best practices / Item 3 description,"You don't need to be selling yet. A product catalog, a brand quiz, an event sign-up form. Give readers a next step after your article.",不用一开张就卖货。一本产品手册、一个品牌小测试、一张报名表都行。关键是让读者读完文章还有下一步可走。
Platforms: WeChat / Best practices / Item 4 title,Start WeCom on day one.,企微第一天就要开
Platforms: WeChat / Best practices / Item 4 description,"Every follower should become a WeCom contact. Six months in, brands with a strong private domain are playing a different game.",每一个新关注，都要顺手沉到企微里。半年下来，有私域和没私域的品牌，根本不是一盘棋。
Platforms: WeChat / Best practices / Item 5 title,Paid and organic together.,付费和自然流量要一起跑
Platforms: WeChat / Best practices / Item 5 description,"Moments Ads grow your follower count fast. But if there's nothing worth reading when they land, they unfollow within weeks.",朋友圈广告能把粉丝数迅速拉起来。但粉丝来了发现账号一片空，几周之内就走光。
Platforms: WeChat / Best practices / Item 6 title,"Think in systems, not channels.",把矩阵当一盘棋来下
Platforms: WeChat / Best practices / Item 6 description,"Connect your Official Account to a Mini Program, tie in WeCom for retention, use Channels for discovery. Each piece feeds the others.",公众号带小程序，企微管留存，视频号管拉新。每一环都在给别的环输血。单独看一个账号，看不出门道。
Platforms: WeChat / FAQ / Eyebrow,FAQ,FAQ
Platforms: WeChat / FAQ / H2,Frequently asked questions,常见问题
Platforms: WeChat / FAQ / Intro,Everything you need to know about running WeChat with TheRedScroll.,找TheRedScroll跑微信之前，大家大概率会问的几件事。
Platforms: WeChat / FAQ / Q1,Who actually runs my WeChat account?,实际是谁在跑我的微信账号？
Platforms: WeChat / FAQ / A1,"Our team in Shanghai and Hong Kong. Native Chinese speakers who use the platform every day. You'll have a dedicated account manager, and behind them sits a full team: copywriters, designers, video producers, strategists. Everyone is in China. We're not outsourcing to freelancers or managing your account remotely from another continent.",我们自己的人，就坐在上海和香港。本地中文写手，每天都在这个平台上混。你会对接一位专属客户经理，背后是一整支完整团队：文案、设计、视频、策略，全在中国本地。我们不外包给自由职业者，也不会隔着大半个地球远程操盘你的号。
Platforms: WeChat / FAQ / Q2,Can you set up a WeChat Official Account for a foreign company?,海外公司也能开公众号吗？
Platforms: WeChat / FAQ / A2,"Yes. Foreign companies can register a Service Account with an overseas business license. Takes about 1 to 2 weeks. We handle the whole process: registration, verification, configuration, so you don't get bogged down in Tencent's paperwork.",能。拿海外营业执照就可以申请服务号，整个流程1到2周跑完。注册、认证、后台配置都由我们接手，你不用去啃那一堆腾讯表单。
Platforms: WeChat / FAQ / Q3,Do we need a Chinese business entity?,必须在中国有公司吗？
Platforms: WeChat / FAQ / A3,"Short answer: no, not to get started. Foreign companies can open a Service Account directly. That said, a few things work better with a Chinese entity, like WeChat Pay merchant acceptance and certain ad formats. We'll map out what you can and can't do with your current setup before anything kicks off.",简单答：起步阶段不用。海外公司可以直接开服务号。但有些功能走国内主体更顺手，比如微信支付收款、某些广告位。我们会先把你手上的主体盘一遍，再告诉你能走多远、哪一步需要换档。
Platforms: WeChat / FAQ / Q4,How does pricing work?,收费怎么算？
Platforms: WeChat / FAQ / A4,"Fixed scope, fixed price. Before we begin, we spell out every deliverable: articles, videos, campaigns, reports. You pay one monthly fee. No hourly rates, no scope creep charges, no invoices you weren't expecting. Ad spend is always billed separately at cost. No markup.",范围写死，价格锁定。启动前每一项交付都列明白：推文几篇、视频几条、项目几个、报告几份。按月走固定费用，不按工时跳表，也没有临时加项。广告预算永远单独走，按平台原价结算，我们不从里面抽一分。
Platforms: WeChat / FAQ / Q5,We already have a WeChat account but it's not going anywhere. Can you help?,我们已经有账号，但一直没起色，能接手吗？
Platforms: WeChat / FAQ / A5,"That's pretty common. We audit the account, look at what's working and what isn't, and rebuild from there. Sometimes the content just doesn't land. Sometimes there's no Mini Program, so followers read an article and then have nowhere to go. We diagnose first, then fix.",这种情况见得太多了。先做一次账号审计，哪里跑通了、哪里卡住了，一条条看清楚，再重新搭框架。有时是内容没打到对的人，有时是缺一个小程序，用户读完一篇就没下一步可走。先诊断，再动手。
Platforms: WeChat / FAQ / Q6,How fast can we go live?,多久能上线？
Platforms: WeChat / FAQ / A6,"Most clients go from zero to a live, publishing account in under two weeks. That covers registration, verification, setup, and first content. If you've already got a verified account, we can start producing content within a few days.",从零开始的客户，大多数两周内就能走到认证通过、开始发第一批内容。注册、认证、后台配置、首批稿件都包含在内。如果你已经有认证过的号，几天内就能开工。
Platforms: WeChat / FAQ / Q7,Do you only work with international brands?,你们只接国际品牌吗？
Platforms: WeChat / FAQ / A7,"No. We work with three types of clients: international brands entering China, international brands already here, and Chinese domestic brands growing their social presence. Services are the same. Strategy changes based on where you are and what you're after.",不只。客户大致分三类：刚进中国的国际品牌、已经落地中国的国际品牌，以及跑国内社媒的本土品牌。能做的服务是同一套，策略按你所处的阶段和目标来调。
Platforms: WeChat / FAQ / Q8,What makes your content production different from other agencies?,你们出内容的方式和别家代理哪里不一样？
Platforms: WeChat / FAQ / A8,"Our copywriters are native Chinese speakers who write for WeChat specifically, not translators working off an English doc. On the production side, we use HubStudio.ai for visuals and video, which speeds things up and brings costs down. But creative direction and strategy are always human-led.",文案是本地中文写手，专门为微信下笔，不是拿着英文稿做翻译。视觉和视频产能由HubStudio.ai顶起来，速度和成本都能压下来。但创意方向和策略，始终是人在拍板。
Platforms: WeChat / FAQ / Q9,How do you handle KOL campaigns on WeChat?,微信上的KOL项目怎么跑？
Platforms: WeChat / FAQ / A9,"We run the whole thing from sourcing to reporting. Finding the right Key Opinion Leaders, writing briefs, co-creating content, coordinating posts, tracking results. We only use verified engagement data. If a KOL's follower count looks inflated, we pass.",全程我们接：选人、写brief、共创内容、协调排期、追效果。互动数据必须经得起查。粉丝数有水分的KOL，我们直接不用。
Platforms: WeChat / FAQ / Q10,How do you report on results?,效果怎么汇报？
Platforms: WeChat / FAQ / A10,"Monthly reports. Follower growth, article open rates, Mini Program traffic, ad performance, conversions. Real numbers, plain language. If something's underperforming, we tell you what's off and what we're changing.",每月一份报告。涨粉、打开率、小程序流量、广告ROI、转化率都列清楚。数据说得具体，话讲得直接。哪一环没跑通，我们会点明卡在哪、下个月怎么改。
Platforms: WeChat / Getting started / Eyebrow,Getting started,合作流程
Platforms: WeChat / Getting started / H2,From zero to a live WeChat account in two weeks.,从零起步，两周跑出一个能打的微信账号。
Platforms: WeChat / Getting started / Step 1 title,Discovery call.,先聊一次。
Platforms: WeChat / Getting started / Step 1 description,"Tell us about your brand, your goals, and where you stand with China right now. No pitch deck. Just the right questions.",聊你的品牌、你的目标、你当下卡在哪一步。不用准备PPT，也没有流程话术，把该问的问清楚。
Platforms: WeChat / Getting started / Step 2 title,Proposal.,报方案。
Platforms: WeChat / Getting started / Step 2 description,Clear SOW. Fixed price. Every deliverable listed out. You see what you're getting and what it costs before you commit.,SOW写明白，固定价格，交付物一条一条列齐。签合同之前你就看清楚，拿到的是什么、要花多少钱。
Platforms: WeChat / Getting started / Step 3 title,Live in 2 weeks.,两周上线。
Platforms: WeChat / Getting started / Step 3 description,"Onboarding, accounts set up, first content published. Fourteen days from signed contract to first post going live.",对接、开户、搭账号、出首篇内容。从合同签字到第一条推文发出去，大概14天。
Platforms: WeChat / Getting started / CTA,Book a call,预约通话
Platforms: WeChat / Cross-links / Label,See also,顺便看看
Platforms: WeChat / Cross-links / Douyin,Douyin marketing →,抖音营销 →
Platforms: WeChat / Cross-links / RedNote,RedNote marketing →,小红书营销 →
Platforms: WeChat / Cross-links / Weibo,Weibo marketing →,微博营销 →
Platforms: WeChat / Cross-links / Others,Additional platforms →,更多平台 →
Platforms: RedNote / Meta / Title,RedNote / Xiaohongshu Marketing Services | TheRedScroll,小红书营销服务 | TheRedScroll
Platforms: RedNote / Meta / Description,"We run RedNote accounts from Shanghai. Content strategy, KOL campaigns, paid ads, e-commerce, and analytics. Fixed scope, fixed price.",上海本地团队实操小红书账号。内容策略、达人投放、付费广告、电商、数据分析。范围写死，一口价。
Platforms: RedNote / Hero / Back link,← All platforms,← 全部平台
Platforms: RedNote / Hero / Overline,RedNote marketing,小红书营销
Platforms: RedNote / Hero / H1,China's product discovery platform. 350M+ users. The first place consumers go before they buy.,中国消费者的第一站。3.5亿用户。买东西之前，先来这里翻一翻。
Platforms: RedNote / Hero / Subheading,We don't talk about RedNote. We post on it. Every day. From Shanghai.,我们不只聊小红书，我们每天都在上面发笔记。人就在上海。
Platforms: RedNote / Hero / CTA,Book a call,预约通话
Platforms: RedNote / Stats / H2,Not vanity numbers. This is where buying decisions happen.,这不是贴在董事会PPT上的数字。消费决策真实发生在这里。
Platforms: RedNote / Stats / Subheading,RedNote by the numbers.,小红书的数据，自己会说话。
Platforms: RedNote / Stats / CTA,Book a call,预约通话
Platforms: RedNote / Stats / Stat 1 label,Monthly active users,月活用户
Platforms: RedNote / Stats / Stat 2 label,Daily post views,日均笔记浏览量
Platforms: RedNote / Stats / Stat 3 label,Monthly search queries,月均搜索量
Platforms: RedNote / Stats / Stat 4 label,Users aged 18 to 35,18到35岁用户占比
Platforms: RedNote / Stats / Stat 5 label,Content that is user-generated,UGC内容占比
Platforms: RedNote / Stats / Stat 6 label,Conversion rate for global brands,国际品牌平均转化率
Platforms: RedNote / Stats / Stat 7 label,Avg. daily time per user,人均日使用时长
Platforms: RedNote / Stats / Stat 8 label,Users seeking purchase advice monthly,月均购物决策搜索用户
Platforms: RedNote / Why essential / Overline,Why RedNote is essential,为什么小红书是必选项
Platforms: RedNote / Why essential / Heading,"If your brand isn't on RedNote, you're invisible at the moment people decide what to buy.",品牌不在小红书，消费者做决定的那一刻，你就等于不存在。
Platforms: RedNote / Why essential / Card 1 title,It's China's purchase decision engine,消费决策从这里开始
Platforms: RedNote / Why essential / Card 1 description,"60%+ of users start with the search bar, looking for reviews and recommendations. RedNote is the first stop before buying.",六成以上用户打开小红书第一件事，就是搜测评、翻攻略。买东西之前先上小红书，已经是一种肌肉反应。
Platforms: RedNote / Why essential / Card 2 title,Trust drives distribution,真实感换曝光
Platforms: RedNote / Why essential / Card 2 description,The algorithm rewards authentic content and buries ads. Saves and comments matter more than likes.,算法奖励真诚，压制硬广。一条评论的权重，远超十个点赞。
Platforms: RedNote / Why essential / Card 3 title,The audience has spending power,真正愿意花钱的人
Platforms: RedNote / Why essential / Card 3 description,"Young, urban, affluent. Tier-1 and tier-2 cities. Willing to spend on quality.",主力是一二线城市的年轻人，对价格敏感度低，对品质敏感度高。
Platforms: RedNote / Why essential / Card 4 title,Social commerce is built in,发现到成交，一站完成
Platforms: RedNote / Why essential / Card 4 description,"Find, review, demo, buy. All without leaving the app.",看到、种草、下单、复购，全链路都留在App里，不用跳出去。
Platforms: RedNote / Why essential / Closing paragraph,"RedNote (Xiaohongshu) is where Chinese consumers research products, compare brands, and make buying decisions. Social content, community trust, and in-app shopping in one platform.",中国消费者在小红书做产品调研、比品牌、拍板下单。社交内容、社区信任、站内电商，一个App全部跑通。
Platforms: RedNote / Algorithm / Overline,How the algorithm works,算法是怎么跑的
Platforms: RedNote / Algorithm / Heading,"Understanding distribution is the difference between 300 views and 300,000.",吃透分发逻辑，就是300次播放和30万次播放之间的那道坎。
Platforms: RedNote / Algorithm / Card 1 title,Staged distribution,分级流量池
Platforms: RedNote / Algorithm / Card 1 description,"New posts reach 100 to 500 test users first. Strong engagement in the first 24 hours pushes it to thousands, then hundreds of thousands.",新笔记先丢给100到500个测试用户。24小时内互动跑得动，下一层就是几千、几万、甚至几十万的曝光。
Platforms: RedNote / Algorithm / Card 2 title,CES scoring,CES评分机制
Platforms: RedNote / Algorithm / Card 2 description,"Follows (8 pts), comments and shares (4 pts each), likes and saves (1 pt each). Deep engagement moves you up. Likes alone don't.",关注8分，评论和转发各4分，点赞和收藏各1分。起量靠的是深度互动，点赞再多也没用。
Platforms: RedNote / Algorithm / Card 3 title,Authenticity enforced,真实感是硬门槛
Platforms: RedNote / Algorithm / Card 3 description,"Hard-sell content, fake reviews, and bot behavior get suppressed. Consistent quality posting earns higher visibility over time.",过度商业化、刷评、机刷，一碰就被限流。踏实产出真内容，曝光会自己滚雪球。
Platforms: RedNote / Algorithm / Card 4 title,Dual engine,双引擎分发
Platforms: RedNote / Algorithm / Card 4 description,Every note competes for Explore feed traffic (recommendations) and Search traffic (intent). Optimize for both.,每条笔记同时跑两条赛道：发现页的算法推荐，和搜索结果页。两头都得抢，缺一不可。
Platforms: RedNote / Services / Overline,What we do on RedNote,我们在小红书上做什么
Platforms: RedNote / Services / Heading,Six services. Each with a clear deliverable.,六项服务，每一项都有写死的交付物。
Platforms: RedNote / Services / Service 1 title,Account setup and verification,开户和认证
Platforms: RedNote / Services / Service 1 description,"Professional Account (Blue V) registration, overseas license translation, trademark documentation, platform compliance. We deal with the paperwork so you're not waiting around.",专业号（蓝V）注册、营业执照翻译、品牌资质、平台合规。所有文书和沟通，我们全程包办。
Platforms: RedNote / Services / Service 1 result,"A live, verified RedNote account ready to publish.",一个认证好、随时可以开干的小红书专业号。
Platforms: RedNote / Services / Service 2 title,Content strategy and production,内容策略和制作
Platforms: RedNote / Services / Service 2 description,"Content pillars, editorial calendar, platform-specific formats. AIGC visuals powered by HubStudio.ai. Real-life shoots in China. Native Chinese copywriting and cultural adaptation.",内容主线、发布排期、小红书原生格式。HubStudio.ai出AIGC视觉，本地团队拍实景，中文写手写文案、做文化适配。
Platforms: RedNote / Services / Service 2 result,"Content built for how RedNote actually works, not repurposed from Instagram.",专为小红书生产的内容，不是Instagram素材改一改就搬过来。
Platforms: RedNote / Services / Service 3 title,KOL and KOC campaigns,达人和KOC投放
Platforms: RedNote / Services / Service 3 description,"Full-service via RedNote's official Pugongying platform. Influencer sourcing, fake follower detection, content co-creation, ROI reporting.",全程走蒲公英官方平台：选人、查假粉、共创内容、结案复盘，一步都不跳。
Platforms: RedNote / Services / Service 3 result,Verified influencer partnerships with transparent performance data.,每一次达人合作都可追溯，数据一目了然。
Platforms: RedNote / Services / Service 4 title,Paid advertising,付费投放
Platforms: RedNote / Services / Service 4 description,"In-Feed Ads, Search Ads, Juguang full management, Juguang Lite, Chengfeng for e-commerce. Creative testing, bid optimization, real-time adjustments. Ad spend billed separately. No markups.",信息流、搜索广告，聚光、聚光Lite、乘风（电商）全链路代投。素材A/B测试、出价优化、实时调整。媒介采买按原价走账，我们不抽点。
Platforms: RedNote / Services / Service 4 result,Ads that reach the right audience with transparent spend reporting.,钱精准打到目标人群，每一分花在哪儿都看得见。
Platforms: RedNote / Services / Service 5 title,E-commerce and live commerce,电商和直播带货
Platforms: RedNote / Services / Service 5 description,"In-app store setup, shoppable notes, live-streaming production. Live sessions drive 90% of RedNote's in-platform sales.",站内店铺搭建、带货笔记挂链、直播场次执行。小红书九成的直接成交，都在直播间里完成。
Platforms: RedNote / Services / Service 5 result,A storefront inside RedNote where content leads directly to purchase.,一个从内容直接跑到成交的品牌阵地。
Platforms: RedNote / Services / Service 6 title,Analytics and social listening,数据分析和舆情监测
Platforms: RedNote / Services / Service 6 description,"Growth, engagement, search ranking, campaign ROI dashboards. Brand monitoring, sentiment analysis, trend detection, competitor tracking.",涨粉、互动、搜索排名、ROI看板。品牌口碑监测、情绪分析、趋势识别、竞品追踪，全方位盯住。
Platforms: RedNote / Services / Service 6 result,Clear reporting on what's working and what needs adjustment.,一份直接讲清楚什么跑通了、什么要调整的月报。
Platforms: RedNote / Services / Mobile label,You get:,交付物：
Platforms: RedNote / Best practices / Overline,From our team on the ground,本地团队经验
Platforms: RedNote / Best practices / Heading,RedNote best practices,跑小红书的几条硬规矩
Platforms: RedNote / Best practices / Subheading,"We post on RedNote from China, every day. These come from doing the work.",我们每天都在国内发小红书。下面这些，都是一线真刀真枪跑出来的经验。
Platforms: RedNote / Best practices / Practice 1 title,"Write for RedNote, not Instagram.",为小红书写，不是为Instagram写
Platforms: RedNote / Best practices / Practice 1 description,"Detailed, practical, experience-based notes win. Tutorials, honest reviews, and step-by-step guides outperform polished brand campaigns.",够细、够实用、基于真实体验的笔记跑得最稳。教程、实测、分步攻略，永远赢过光鲜的品牌大片。
Platforms: RedNote / Best practices / Practice 2 title,Nail the cover image and title.,封面和标题决定点击
Platforms: RedNote / Best practices / Practice 2 description,"They determine whether users click. Clear, benefit-driven titles with relevant keywords. Clean, text-overlaid cover images.",用户点不点，就看这两样。标题直白、讲清价值、带关键词。封面要清、要亮，最好加粗文字直接甩在脸上。
Platforms: RedNote / Best practices / Practice 3 title,Optimize for search.,按搜索逻辑下笔
Platforms: RedNote / Best practices / Practice 3 description,"RedNote is a search engine. Use trending keywords, write titles that match what users type, and use the platform's built-in hashtag recommendation tool.",小红书骨子里是个搜索引擎。用当下热的词、对上用户的真实搜索意图，善用平台话题推荐工具。
Platforms: RedNote / Best practices / Practice 4 title,Encourage saves and comments.,引导收藏和评论
Platforms: RedNote / Best practices / Practice 4 description,End notes with a question or a reason to bookmark. Saves and comments drive the CES score that controls distribution.,结尾留一个问题，或给用户一个必须收藏的理由。收藏和评论是CES评分的核心，直接决定能否起量。
Platforms: RedNote / Best practices / Practice 5 title,Stay in the platform.,把用户留在站内
Platforms: RedNote / Best practices / Practice 5 description,RedNote penalizes external links. Keep users engaged within the app. In-app stores and internal funnels outperform redirects.,小红书会压外链。尽可能让用户留在App里。站内店铺、站内跳转的转化，远高于导流外站。
Platforms: RedNote / Best practices / Practice 6 title,Post consistently.,保持稳定更新
Platforms: RedNote / Best practices / Practice 6 description,Accounts with 180+ days of consistent activity get bonus exposure. Pick your content pillars. Stick to them.,连续活跃超过180天的账号，会拿到额外曝光加成。定好内容主线，稳稳地发下去。
Platforms: RedNote / Industries / Overline,Industries we serve on RedNote,我们在小红书上服务的行业
Platforms: RedNote / Industries / Heading,From beauty to B2B. Each vertical has its own playbook.,从美妆到B2B，每个行业有自己的玩法。
Platforms: RedNote / Industries / Industry 1 title,Beauty and cosmetics,美妆
Platforms: RedNote / Industries / Industry 1 description,"The most popular category. Reviews, tutorials, ingredient breakdowns.",小红书的王牌品类。测评、教程、成分党深度内容，一条比一条硬。
Platforms: RedNote / Industries / Industry 2 title,Fashion and apparel,时尚服饰
Platforms: RedNote / Industries / Industry 2 description,"Styling, trends, seasonal lookbooks, KOC seeding.",穿搭、趋势、换季look book、KOC大面积铺量。
Platforms: RedNote / Industries / Industry 3 title,Luxury,奢侈品
Platforms: RedNote / Industries / Industry 3 description,"Storytelling-led content for a high-intent, affluent audience.",针对高客单价人群的故事化内容，讲得动人心。
Platforms: RedNote / Industries / Industry 4 title,Food and beverage,食品饮料
Platforms: RedNote / Industries / Industry 4 description,"Restaurant reviews, recipes, product tastings.",餐厅打卡、食谱分享、新品试吃，场景感拉满。
Platforms: RedNote / Industries / Industry 5 title,Travel and hospitality,旅游酒店
Platforms: RedNote / Industries / Industry 5 description,"Destination guides, hotel reviews. 64% of Chinese travelers use RedNote for trip planning.",目的地攻略、酒店实测。64%的国内游客用小红书做行程规划。
Platforms: RedNote / Industries / Industry 6 title,Health and wellness,健康养生
Platforms: RedNote / Industries / Industry 6 description,"Fitness, supplements, wellness tips. Fast-growing vertical.",健身、膳食补充、健康知识。一条正在高速起量的赛道。
Platforms: RedNote / Industries / Industry 7 title,B2B,B2B
Platforms: RedNote / Industries / Industry 7 description,RedNote covers 100+ professional verticals. Decision-makers research suppliers and vendors on the platform.,小红书覆盖100多个专业行业。决策者也在这里找供应商。
Platforms: RedNote / FAQ / Heading,Frequently asked questions,常见问题
Platforms: RedNote / FAQ / Subheading,Everything you need to know about running RedNote with TheRedScroll.,跟TheRedScroll合作做小红书，你可能想先问清楚的几件事。
Platforms: RedNote / FAQ / Q1,Where is your team based?,你们团队在哪里？
Platforms: RedNote / FAQ / A1,"Shanghai and Hong Kong. Native Chinese speakers with real-time access to every major platform. We post on RedNote daily, run ad accounts from inside the ecosystem, and work directly with KOLs across the country. This isn't remote consulting. We're on the ground.",上海和香港。本地中文写手，主流平台全部实时在手。我们每天在小红书发内容、在平台里跑广告账户、跟全国各地的达人直接对接。这不是远程咨询，人就在一线。
Platforms: RedNote / FAQ / Q2,Can my brand get on RedNote without a Chinese company?,没有中国实体，海外品牌也能开小红书吗？
Platforms: RedNote / FAQ / A2,"Yes. RedNote lets overseas businesses open a Professional Account (Blue V) using a translated business license and trademark docs. We take care of the paperwork, the platform submission, and the back-and-forth with RedNote's review team. Most accounts are live within two weeks.",可以。海外企业凭翻译版营业执照和品牌资质就能开专业号（蓝V）。文书准备、资料递交、跟审核团队来回沟通，全由我们负责。大多数账号两周内跑起来。
Platforms: RedNote / FAQ / Q3,How long until we see results?,多久能看到效果？
Platforms: RedNote / FAQ / A3,"RedNote doesn't reward impatience. New accounts go through an algorithm observation window, so the first 2 to 3 months are really about building your content library and training the algorithm on your category. Paid ads and KOL campaigns can bring traffic from week one while the organic side catches up.",小红书不奖励心急。新账号要先过一段算法观察期。前2到3个月的重点是搭内容库、让算法认清你属于哪个品类。付费投放和达人合作第一周就能带量，给自然流量争取时间。
Platforms: RedNote / FAQ / Q4,What exactly do we get each month?,每个月到底能拿到什么？
Platforms: RedNote / FAQ / A4,"Everything is spelled out before you sign. Posts, videos, ad campaigns, KOL activations, reports. You review and approve content before it goes live. No gray areas. No surprise invoices showing up at month end.",合同里全部写死：多少条笔记、多少条视频、多少轮投放、多少次达人合作、什么报告。每一条发布前你先看、先批。没有灰色地带，月底不会冒出一张意外账单。
Platforms: RedNote / FAQ / Q5,How does pricing work?,价格怎么算？
Platforms: RedNote / FAQ / A5,"One fixed monthly fee covers everything in your scope. Ad spend gets billed separately at cost, and you see every line item. We don't take commissions on media. The number in the proposal is the number you pay. That's it.",一笔月度固定费用，覆盖约定范围内的全部工作。广告预算单独按原价走账，每一笔花销都看得见。媒介采买我们不抽点。方案里写多少，你就付多少，一分不多。
Platforms: RedNote / FAQ / Q6,"Who creates the content, and who checks it?",谁来做内容、谁来审？
Platforms: RedNote / FAQ / A6,"Strategy and copy come from our Shanghai team. AI-generated visuals are produced through HubStudio.ai, trained specifically on your brand guidelines. Photo and video shoots happen on location in China. Before anything goes live, a native Chinese editor reviews for tone, cultural fit, and platform compliance.",策略和文案由上海团队负责。AI视觉走HubStudio.ai生成，基于你的品牌规范专门训练。实拍照片和视频在本地完成。发布前每一条都由本地中文编辑过审，语气、文化、平台规则全部过一遍。
Platforms: RedNote / FAQ / Q7,How do you find the right KOLs for our brand?,怎么帮我们挑到对的达人？
Platforms: RedNote / FAQ / A7,"Through RedNote's official Pugongying platform. Over 100,000 verified influencers. Every KOL we shortlist goes through audience authenticity checks, fake follower detection, engagement-quality scoring. Then we match on niche, content style, and your budget.",我们走官方蒲公英平台，里面有10万多个已认证博主。每一个备选都要过三道关：受众真实性、假粉识别、互动质量评估。再按细分赛道、内容风格和预算逐个匹配。
Platforms: RedNote / FAQ / Q8,Can you run RedNote ads for a company based outside China?,海外企业可以在小红书投广告吗？
Platforms: RedNote / FAQ / A8,"Yes, though there's a catch. RedNote's Juguang ad platform needs a Chinese entity to open an account. We set up and run ad accounts on behalf of overseas clients through our local structure, and you get weekly spend reports with full visibility into performance.",可以，但有个前提：聚光广告平台要求境内实体才能开户。海外客户我们用自己的本地主体搭建和管理广告账户。每周一份投放报告直接给你，数据完全透明。
Platforms: RedNote / FAQ / Q9,Do we need to commit for a long time?,合同要签多久？
Platforms: RedNote / FAQ / A9,Shortest engagement is 3 months. That's the minimum to get past RedNote's algorithm ramp-up and collect enough performance data to know what's working. Most clients stay longer once the numbers start moving.,最短3个月起。这是小红书算法跑完起量期的最短时间，也够攒够数据判断哪些打法真正奏效。大部分客户看到数据开始动之后，都会续约。
Platforms: RedNote / FAQ / Q10,We don't speak Chinese. Is that a problem?,我们团队不懂中文，会是障碍吗？
Platforms: RedNote / FAQ / A10,"No. All client communication happens in English. Strategy calls, monthly reports, content approvals, everything. The team is fully bilingual. You focus on your brand, we handle the platform side in Chinese.",完全不会。跟客户的所有沟通都走英文：策略会、月度报告、内容审核，全程英文。团队是双语的。你专注品牌本身，中文那一头交给我们。
Platforms: RedNote / Getting started / Overline,Getting started,合作流程
Platforms: RedNote / Getting started / Heading,From zero to a live RedNote account in two weeks.,从零到一个能起量的小红书账号，两周搞定
Platforms: RedNote / Getting started / Step 1 title,Discovery call.,先聊一聊
Platforms: RedNote / Getting started / Step 1 description,"Your brand, your goals, your China readiness. No pitch deck. Just the right questions.",聊品牌、聊目标、聊你对中国市场的准备度。不用PPT，我们只问关键问题。
Platforms: RedNote / Getting started / Step 2 title,Proposal.,方案和报价
Platforms: RedNote / Getting started / Step 2 description,Clear scope. Fixed price. Every deliverable listed out. You see what you're getting and what it costs before you commit.,SOW白纸黑字，一口价，每项交付物列得清清楚楚。签字前你就心里有数，拿到什么、付多少钱。
Platforms: RedNote / Getting started / Step 3 title,Live in 2 weeks.,两周内上线
Platforms: RedNote / Getting started / Step 3 description,"Account setup, content strategy, first notes live. Fourteen days from signed contract to first post going live.",账号搭建、内容策略定稿、首批笔记发布。合同生效到第一条笔记上线，14天。
Platforms: RedNote / Getting started / CTA,Book a call,预约通话
Platforms: RedNote / Cross-links / Label,See also,也可以看看
Platforms: RedNote / Cross-links / Link 1,WeChat marketing →,微信营销 →
Platforms: RedNote / Cross-links / Link 2,Douyin marketing →,抖音营销 →
Platforms: RedNote / Cross-links / Link 3,Weibo marketing →,微博营销 →
Platforms: RedNote / Cross-links / Link 4,Additional platforms →,更多平台 →
Platforms: Douyin / Meta / Title,Douyin Marketing Agency | TheRedScroll,抖音营销服务 | TheRedScroll
Platforms: Douyin / Meta / Description,"Douyin marketing services from Shanghai. Content, ads, KOL campaigns, live commerce, and Douyin Shop setup. Fixed scope, fixed price. Book a call.",上海本地团队的抖音营销服务。内容制作、广告投放、达人项目、直播带货、小店搭建。范围写死，固定报价。约个时间聊聊。
Platforms: Douyin / Hero / Back link,← All platforms,← 回到全部平台
Platforms: Douyin / Hero / Overline,Douyin marketing,抖音营销
Platforms: Douyin / Hero / H1,750 million daily users. One platform. We post on it every day.,7.5亿日活，一个抖音。我们天天在这上面打仗。
Platforms: Douyin / Hero / Subheading,"Douyin marketing services from our team in China. Content production, advertising, KOL campaigns, live commerce, and Douyin Shop. Fixed scope, fixed price.",本地团队的抖音营销服务：内容制作、广告投放、KOL项目、直播带货、抖音小店。范围写死，固定报价。
Platforms: Douyin / Hero / CTA,Book a call,预约通话
Platforms: Douyin / Stats / H2,Not vanity numbers. Your Chinese audience is already here.,不是糊弄董事会的数字。你的用户，早就挤在这里了。
Platforms: Douyin / Stats / Subheading,Douyin by the numbers.,抖音这盘棋，直接看数据。
Platforms: Douyin / Stats / CTA,Book a call,预约通话
Platforms: Douyin / Stats / Stat 1 label,Daily active users,日活用户
Platforms: Douyin / Stats / Stat 2 label,Monthly active users,月活用户
Platforms: Douyin / Stats / Stat 3 label,Avg. daily time per user,人均日使用时长
Platforms: Douyin / Stats / Stat 4 label,E-commerce sales (2024),电商GMV（2024）
Platforms: Douyin / Stats / Stat 5 label,Year-on-year sales growth,电商同比增速
Platforms: Douyin / Stats / Stat 6 label,Live commerce sessions daily,日均直播场次
Platforms: Douyin / Stats / Stat 7 label,Content categories,内容品类数
Platforms: Douyin / Stats / Stat 8 label,Creator accounts,创作者账号数
Platforms: Douyin / Why Douyin matters / Overline,Why Douyin matters,为什么抖音非做不可
Platforms: Douyin / Why Douyin matters / Heading,Algorithm-driven reach. Full-funnel commerce. Built-in live selling.,算法给流量。原生做电商。直播卖现货。
Platforms: Douyin / Why Douyin matters / Card 1 title,The algorithm levels the playing field,算法面前人人平等
Platforms: Douyin / Why Douyin matters / Card 1 description,Douyin's algorithm does not care about follower count. It cares about content quality. A brand-new account can reach millions with the right video. Newcomers compete from day one.,抖音只看内容，不看粉丝数。新号第一天，一条对的视频就能冲几百万播放。和大号同台PK，没有门槛。
Platforms: Douyin / Why Douyin matters / Card 2 title,"Discover, decide, buy. One app.",发现、心动、下单，一个App全包
Platforms: Douyin / Why Douyin matters / Card 2 description,"Users discover products, make decisions, and check out without ever leaving the app. No redirects, no separate website. The path from content to sale is as short as it gets.",用户在抖音里刷到产品、心动、付钱，全程不出App。不跳转、不外链。从内容到成交的距离，短到不能再短。
Platforms: Douyin / Why Douyin matters / Card 3 title,Live commerce is built right in,直播带货是原生能力
Platforms: Douyin / Why Douyin matters / Card 3 description,"Some brand livestreams pull millions of viewers in a single session. Live selling works for product launches, seasonal campaigns, and brands that want a steady sales channel on the platform.",头部品牌一场直播拉几百万人同时在线。新品发布、节日大促、日常销售通路，全都能跑。
Platforms: Douyin / Why Douyin matters / Closing paragraph,"Whether your customers are 22 or 52, first-tier city or fifth, they are spending more time on Douyin than on any other app in China. Douyin works for beauty, fashion, food, consumer electronics, home goods, hospitality, automotive, health, and B2B.",22岁还是52岁，一线还是五线，中国人花在抖音上的时间，比任何一个App都多。美妆、时尚、食品、消费电子、家居、酒旅、汽车、健康、B2B，哪个品类都跑得起来。
Platforms: Douyin / Ecosystem / Overline,The Douyin ecosystem,抖音矩阵
Platforms: Douyin / Ecosystem / Heading,"Six tools that drive content, commerce, and growth.",六个互相咬合的齿轮，把内容、电商、增长一起带动。
Platforms: Douyin / Ecosystem / Item 1 name (EN) / Chinese name (ZH),For You Feed,推荐页
Platforms: Douyin / Ecosystem / Item 1 secondary name,推荐页,For You Feed
Platforms: Douyin / Ecosystem / Item 1 description,The algorithm-driven feed where users discover content. It does not care about follower count. A brand-new account can reach millions with the right video.,算法说了算，粉丝数不重要。一条内容踩中算法口味，新号一夜冲几百万播放。
Platforms: Douyin / Ecosystem / Item 2 name,Live Commerce,直播电商
Platforms: Douyin / Ecosystem / Item 2 secondary name,直播电商,Live Commerce
Platforms: Douyin / Ecosystem / Item 2 description,"Live selling built right into the app. Host selection, product scripting, real-time audience engagement. Some brand livestreams pull millions of viewers in a single session.",直播带货原生长在App里。选主播、磨脚本、刷弹幕，头部品牌一场直播几百万人在线。
Platforms: Douyin / Ecosystem / Item 3 name,Douyin Shop,抖音商城
Platforms: Douyin / Ecosystem / Item 3 secondary name,抖音商城,Douyin Shop
Platforms: Douyin / Ecosystem / Item 3 description,"In-app storefront where users search, browse, and buy your products. Every video and livestream drives traffic to the shop. No redirects needed.",抖音App里的原生店铺。搜索、浏览、下单一条龙。视频和直播都能往店里灌流量，不跳外链。
Platforms: Douyin / Ecosystem / Item 4 name,Ocean Engine,巨量引擎
Platforms: Douyin / Ecosystem / Item 4 secondary name,巨量引擎,Ocean Engine
Platforms: Douyin / Ecosystem / Item 4 description,"ByteDance's ad platform. TopView for big launches. In-Feed Ads for clicks. Search Ads for high-intent buyers. DOU+ for testing content. Ad spend billed separately, no markups.",字节跳动的广告中台。TopView砸新品，信息流拉量，搜索广告抓高意向人群，DOU+先跑内容测款。预算走你自己账户，我们一分不加。
Platforms: Douyin / Ecosystem / Item 5 name,Xingtu,星图
Platforms: Douyin / Ecosystem / Item 5 secondary name,星图,Xingtu
Platforms: Douyin / Ecosystem / Item 5 description,"Douyin's official KOL marketplace. We find creators, vet them for fake followers, check past campaign results and audience fit. You approve the final list before we move.",抖音官方的达人交易平台。我们在上面挑人、查水号、扒历史案例、核粉丝画像，每一个都过一遍。最终名单你点头我们才动手。
Platforms: Douyin / Ecosystem / Item 6 name,DOU+,DOU+（抖加）
Platforms: Douyin / Ecosystem / Item 6 secondary name,抖加,DOU+
Platforms: Douyin / Ecosystem / Item 6 description,"Content boosting tool for testing which videos resonate. Put a small budget behind a post, see how it performs with a wider audience, then scale what works.",单条内容的加热器。小预算先推一条看反应，数据亮眼就直接放量，跑不动就换下一条。
Platforms: Douyin / Ecosystem / Registration note,Registration note: Foreign companies need either a Chinese business license or an authorized agency partner to open an enterprise account. We handle both paths so you can start posting and running ads without setting up a local entity.,关于注册：海外企业开企业号，要么自己拿一张中国营业执照，要么走授权代理商。两条路我们都能接，不在本地落户，一样发内容、跑广告。
Platforms: Douyin / Services / Overline,What we do on Douyin,我们在抖音上做什么
Platforms: Douyin / Services / Heading,Six services. Each with a clear deliverable.,六项服务，每一项都有看得见、数得清的交付。
Platforms: Douyin / Services / Service 1 title,Setup and strategy,开户和策略
Platforms: Douyin / Services / Service 1 description,"We register and verify your enterprise account, handle the compliance paperwork, and build your content strategy from scratch. Content pillars, posting schedule, editorial calendar, KPI targets.",企业号注册、蓝V认证、合规手续全套我们包办。内容主线、发布日历、排期节奏、KPI目标，一条一条写清楚。
Platforms: Douyin / Services / Service 1 result,"A live, verified Douyin account with a clear content roadmap.",一个认证通过、立刻能发内容的抖音账号，配一份路线图。
Platforms: Douyin / Services / Service 2 title,Content production,内容制作
Platforms: Douyin / Services / Service 2 description,"Douyin-native videos produced by our China team. Product demos, lifestyle shoots, educational clips, behind-the-scenes footage, trend-driven formats, and mini-dramas. HubStudio.ai for visuals and copy drafts. Native Mandarin speakers edit every piece.",本地团队拍原生短视频。产品演示、生活方式、教程、幕后、热点跟风、小剧情都能拍。HubStudio.ai出视觉和初稿，本地中文写手每条必过一遍。
Platforms: Douyin / Services / Service 2 result,Localized short-form video content that performs on Douyin.,
Platforms: Douyin / Services / Service 3 title,Live commerce,直播带货
Platforms: Douyin / Services / Service 3 description,"We plan and run live selling sessions. Host selection, product scripting, real-time audience engagement, post-session performance review. Works for product launches, seasonal campaigns, and steady sales channels.",一场直播从策划到落地全包。选主播、定选品、磨脚本、实时刷弹幕、播后复盘数据。新品发布、节日大促、常态销售通路都能跑。
Platforms: Douyin / Services / Service 3 result,Revenue-generating livestreams that convert viewers into buyers.,真能跑出GMV的直播，把看客变成买家。
Platforms: Douyin / Services / Service 4 title,KOL and KOC campaigns,KOL和KOC项目
Platforms: Douyin / Services / Service 4 description,"We find creators through Xingtu and our own network built over years on the ground. Every creator gets vetted for fake followers, past campaign results, and audience fit. You approve the final list before we move.",星图加上我们自己多年积累的达人池两条腿走路。每个博主都过筛：查水号、扒历史数据、核粉丝画像、判断品牌契合度。最终名单你点头再动。
Platforms: Douyin / Services / Service 4 result,Influencer campaigns with verified engagement and real results.,互动数据真实可核的达人项目，结果看得见。
Platforms: Douyin / Services / Service 5 title,Advertising,广告投放
Platforms: Douyin / Services / Service 5 description,"Paid campaigns through Ocean Engine. TopView for big launches. In-Feed Ads for clicks and traffic. Search Ads for high-intent buyers. DOU+ for testing. Branded Effects for user participation. Ad spend billed separately, no markups.",走巨量引擎跑投放。TopView砸新品，信息流拉量和点击，搜索广告抓高意向人群，DOU+先测款，品牌贴纸拉互动。预算走你自己账户，我们一分不加。
Platforms: Douyin / Services / Service 5 result,Ads that reach the right audience with transparent spend reporting.,目标人群精准触达，每一分钱落在哪一清二楚。
Platforms: Douyin / Services / Service 6 title,Douyin Shop,抖音小店
Platforms: Douyin / Services / Service 6 description,"In-app storefront where users search, browse, and buy your products. We handle setup, listings, pricing, and optimization. Every video and livestream we produce drives traffic to the shop.",抖音App里的原生店铺。用户直接搜、直接看、直接下单。从开店、商品详情、定价到持续优化我们全包。我们做的每条视频、每场直播都往店里灌流量。
Platforms: Douyin / Services / Service 6 result,A storefront that turns viewers into customers without leaving the app.,看视频的人直接在抖音里下单，不用跳去别处。
Platforms: Douyin / Services / Mobile label,You get:,拿到手的：
Platforms: Douyin / Best practices / Overline,From our team on the ground,本地团队的一线实战
Platforms: Douyin / Best practices / Heading,How we create Douyin content,做抖音内容，几条我们不碰红线的规矩
Platforms: Douyin / Best practices / Subheading,These are the rules our team follows on every account we run.,下面这几条，是团队在每一个客户账号上雷打不动的铁律。
Platforms: Douyin / Best practices / Practice 1 title,First second wins or loses.,前一秒决定一切
Platforms: Douyin / Best practices / Practice 1 description,"Start with motion, a question, something visual. Never open with a logo. You'll lose them before they even know what the video is about.",开头直接上动作、抛问题、砸冲击画面。别拿logo开场，用户还没反应过来就已经划走了。
Platforms: Douyin / Best practices / Practice 2 title,Vertical only. 9:16.,只拍竖屏，9:16
Platforms: Douyin / Best practices / Practice 2 description,"If it looks like a repurposed TV ad, it's going to underperform. Douyin is vertical-first, always.",从TVC横屏切出来的二次利用内容，用户一眼就看穿，数据一定难看。抖音只认竖屏。
Platforms: Douyin / Best practices / Practice 3 title,"Three to five posts per week, minimum.",一周最少3到5条
Platforms: Douyin / Best practices / Practice 3 description,"The algorithm rewards consistency. Go quiet for a week, your reach drops. Simple as that.",算法只喂稳定更新的账号。停更一周，曝光直接腰斩。现实就这么残酷。
Platforms: Douyin / Best practices / Practice 4 title,Watch-through rate is everything.,完播率压倒一切
Platforms: Douyin / Best practices / Practice 4 description,The algorithm's top signal is how many people make it to the end of your video. Cut anything that doesn't earn the next second.,算法最看重的信号，就是多少人把视频看到最后一帧。剪每一秒都要自问一句：此刻还有没有理由让人继续看？
Platforms: Douyin / Best practices / Practice 5 title,Trends move fast.,热点过得飞快
Platforms: Douyin / Best practices / Practice 5 description,"We track trending sounds, hashtags, and formats daily. Catching a wave early can dramatically multiply reach on a single video.",我们每天盯着正在起势的BGM、话题、玩法。早一步踩中一个趋势，单条视频的曝光能翻几倍。
Platforms: Douyin / Best practices / Practice 6 title,Sell softly.,种草要软，别硬推
Platforms: Douyin / Best practices / Practice 6 description,Hard sells die on Douyin. Content that actually performs educates or entertains first. Product comes second.,硬广在抖音上根本吃不开。跑得出来的内容，都是先给价值或娱乐，产品摆在第二位。
Platforms: Douyin / Best practices / Practice 7 title,Sound on.,声音和画面同等分量
Platforms: Douyin / Best practices / Practice 7 description,"Douyin is not a silent-scroll platform. Music, voiceover, audio cues. They matter as much as what's on screen.",抖音不是静音刷的平台。BGM、旁白、音效，和画面享受同一个优先级。
Platforms: Douyin / Best practices / Practice 8 title,Mandarin from scratch.,从第一稿就是中文
Platforms: Douyin / Best practices / Practice 8 description,Translated content underperforms badly on the platform. Our team writes all copy natively.,翻译腔在抖音上绝对跑不出来。我们团队的文案，全部本地中文写手从零落笔。
Platforms: Douyin / FAQ / Heading,Frequently asked questions,常见问题
Platforms: Douyin / FAQ / Subheading,Everything you need to know about running Douyin with TheRedScroll.,找TheRedScroll跑抖音，你八成会想问的几件事。
Platforms: Douyin / FAQ / Q1,Who runs my account?,到底是谁在帮我们运营账号？
Platforms: Douyin / FAQ / A1,Our team in China. Native Mandarin speakers who create content and run ads on Douyin every day. You get a dedicated account manager who knows your brand.,我们自己的团队，人在中国。本地中文写手，天天在抖音上跑内容、跑广告。你有一位专属客户经理对接，他对你的品牌熟门熟路。
Platforms: Douyin / FAQ / Q2,Do I need a Chinese business license?,一定得有中国营业执照吗？
Platforms: Douyin / FAQ / A2,"Enterprise accounts need one, or an authorized agency partner. We handle both paths. You can start posting and running ads without setting up a local entity.",企业号要么你自己拿一张中国营业执照，要么走授权代理商。两条路我们都能接。没在本地落户，照样发内容、跑广告。
Platforms: Douyin / FAQ / Q3,How is TheRedScroll different?,TheRedScroll跟别家区别在哪？
Platforms: Douyin / FAQ / A3,"Fixed scope, fixed price. Team on the ground in China. AI-powered production. We benchmarked 37 agencies in this space and not a single one offers fixed-price packages.",范围写死、固定报价。团队常驻中国。AI辅助制作。我们把行业里37家同行都看过一遍，没有一家做真正的固定套餐。
Platforms: Douyin / FAQ / Q4,How long before results?,多久看得到效果？
Platforms: Douyin / FAQ / A4,Most brands see traction in 8 to 12 weeks. Paid campaigns can show results within days. It depends on the category and how aggressive you want to go.,大部分品牌8到12周就能看到起势。付费广告几天之内就有数据反馈。具体快慢，看品类，也看你敢打多激进。
Platforms: Douyin / FAQ / Q5,How much does it cost?,钱怎么算？
Platforms: Douyin / FAQ / A5,"Fixed-price packages that spell out exactly what you get. Ad spend billed at cost, separately. No markups. Book a call and we'll recommend a fit.",固定套餐报价，每项交付白纸黑字写在合同里。广告预算走你自己账户，按实际花费结算，一分不加。先聊一下，我们给你匹配合适的套餐。
Platforms: Douyin / FAQ / Q6,Can you run ads without a Chinese entity?,没中国公司也能投广告吗？
Platforms: Douyin / FAQ / A6,Foreign brands advertise on Douyin through us as an authorized agency. No local incorporation needed.,能。海外品牌借我们这边的授权代理资质，就能在抖音上开账户、跑广告，不用在本地注册实体。
Platforms: Douyin / FAQ / Q7,What content do you produce?,你们能拍哪些类型的内容？
Platforms: Douyin / FAQ / A7,"Product demos, lifestyle videos, tutorials, mini-dramas, KOL collaborations, livestreams. All in Mandarin, by our China team. AI tools for speed, human editing on every piece.",产品演示、生活方式、教程、小剧情、KOL合作、直播。全部中文，全部由我们中国团队操刀。AI跑产能，但每一条都要人工过一遍才上线。
Platforms: Douyin / FAQ / Q8,How do you pick KOLs?,KOL怎么挑？
Platforms: Douyin / FAQ / A8,"Xingtu plus our own network. Every creator checked for fake followers, engagement quality, demographics, and brand fit. You approve the final list.",走星图加我们自己的达人池。每一个人都查水号、看互动真实度、核粉丝画像、判断品牌契合度。最终名单你点头之后才执行。
Platforms: Douyin / FAQ / Q9,Can you set up a Douyin Shop?,你们能帮我们开抖音小店吗？
Platforms: Douyin / FAQ / A9,"Yes. Setup, listings, pricing, optimization. Connected to your content strategy so every video drives buyers to your products.",能。开店、商品详情、定价、持续优化全套都做。和你的内容策略咬在一起，每条视频都往店里导流量。
Platforms: Douyin / FAQ / Q10,What do reports look like?,报告长什么样？
Platforms: Douyin / FAQ / A10,"Monthly. Clear numbers. Follower growth, views, engagement, ad efficiency, conversions. What worked, what didn't, what's changing next.",每月一份报告，数据干净利落。涨粉、播放、互动、广告效率、转化率一条不漏。哪条跑出来了、哪条没跑通、下个月动哪里，我们直接告诉你。
Platforms: Douyin / Getting started / Overline,Getting started,合作流程
Platforms: Douyin / Getting started / Heading,From zero to a live Douyin account in two weeks.,从零起号，两周做出一个能跑的抖音账号。
Platforms: Douyin / Getting started / Step 1 title,Discovery call.,先聊一聊。
Platforms: Douyin / Getting started / Step 1 description,"Tell us about your brand, your goals, and where you stand with China right now. No pitch deck. Just the right questions.",聊你的品牌、你的目标、你现在在中国市场的位置。不用准备PPT，把想问的问题问清楚就好。
Platforms: Douyin / Getting started / Step 2 title,Proposal.,方案报价。
Platforms: Douyin / Getting started / Step 2 description,Clear SOW. Fixed price. Every deliverable listed out. You see what you're getting and what it costs before you commit.,SOW一条一条写死，固定价格，每项交付逐条列清。合同还没签，你就看得到自己拿什么、花多少。
Platforms: Douyin / Getting started / Step 3 title,Live in 2 weeks.,两周内上线。
Platforms: Douyin / Getting started / Step 3 description,"Onboarding, accounts set up, first content published. Fourteen days from signed contract to first post going live.",对接、开户、搭账号、发首条内容。从合同落笔到第一条视频上线，约14天。
Platforms: Douyin / Getting started / CTA,Book a call,预约通话
Platforms: Douyin / Cross-links / Label,See also,顺便看看
Platforms: Douyin / Cross-links / Link 1,WeChat marketing →,微信营销 →
Platforms: Douyin / Cross-links / Link 2,RedNote marketing →,小红书营销 →
Platforms: Douyin / Cross-links / Link 3,Weibo marketing →,微博营销 →
Platforms: Douyin / Cross-links / Link 4,Additional platforms →,更多平台 →
Platforms: Weibo / Meta / Title,Weibo Marketing Services | TheRedScroll,微博营销服务 | TheRedScroll
Platforms: Weibo / Meta / Description,"Weibo marketing services from Shanghai. Account setup, content, ads, KOL campaigns, and analytics. Fixed scope. Fixed price. 567M monthly active users.",上海本地团队跑微博。开户、内容、广告、KOL合作、舆情分析。范围写死，一口价。5.67亿月活。
Platforms: Weibo / Hero / Back link,← All platforms,← 全部平台
Platforms: Weibo / Hero / Overline,Weibo marketing,微博营销
Platforms: Weibo / Hero / Heading,We don't talk about Weibo strategy. We post on Weibo. Every day. From Shanghai.,我们不光讲微博打法。我们人在上海，每天都在发博。
Platforms: Weibo / Hero / Subheading,"Weibo marketing from Shanghai. Account setup, content, ads, KOL campaigns, analytics. 567 million monthly users. Fixed scope. Fixed price. Team on the ground.",上海本地团队跑微博：开户、内容、广告、KOL、舆情分析。5.67亿月活。范围写死，一口价，人就在一线。
Platforms: Weibo / Hero / CTA,Book a call,预约通话
Platforms: Weibo / Stats / Heading,"China's open public square. 567 million people, every month.",中国的公共广场。每个月5.67亿人同时在场。
Platforms: Weibo / Stats / Subheading,Weibo by the numbers.,微博的体量，数据自己讲得比谁都清楚。
Platforms: Weibo / Stats / CTA,Book a call,预约通话
Platforms: Weibo / Stats / Label 1,Monthly active users,月活用户
Platforms: Weibo / Stats / Label 2,Daily active users,日活用户
Platforms: Weibo / Stats / Label 3,Mobile usage,移动端占比
Platforms: Weibo / Stats / Label 4,Ad revenue (FY2025),广告收入（2025）
Platforms: Weibo / Stats / Label 5,Biggest age group (25–34),25至34岁用户
Platforms: Weibo / Stats / Label 6,Daily posts,日均发博量
Platforms: Weibo / Stats / Label 7,Gender split (women),女性用户占比
Platforms: Weibo / Why Weibo matters / Overline,Why Weibo matters,微博为什么还重要
Platforms: Weibo / Why Weibo matters / Heading,Trends start here. News breaks here. Public opinion takes shape here.,潮流从这里起，新闻在这里炸，舆论在这里定型。
Platforms: Weibo / Why Weibo matters / Card 1 Title,Everything is public,一切都是公开的
Platforms: Weibo / Why Weibo matters / Card 1 Body,"WeChat content stays locked inside friend circles. On Weibo, anyone can see your posts. A single product launch or a well-timed comment on a trending topic can reach millions of people who have never followed your account.",微信的内容锁在熟人圈。微博不一样，每条博文所有人都能看到。一次新品首发、一条蹭准的热点评论，就能触达几百万从没听过你品牌的人。
Platforms: Weibo / Why Weibo matters / Card 2 Title,The Hot Search list drives the platform,热搜带着整个平台跑
Platforms: Weibo / Why Weibo matters / Card 2 Body,It refreshes every minute. Topics that hit the top 50 get seen by hundreds of millions of users within hours. Brands that create content around those moments get organic reach that paid ads alone can't match.,热搜榜每分钟都在换血。挤进前50的话题，几小时之内就能被几亿人刷到。会围着热搜做内容的品牌，拿到的自然曝光是纯付费广告砸多少钱都换不来的。
Platforms: Weibo / Why Weibo matters / Card 3 Title,Consumers research brands here,消费者买之前先来搜你
Platforms: Weibo / Why Weibo matters / Card 3 Body,Chinese shoppers search for brand names and scroll through what real users are saying. Strong presence builds trust. No presence raises red flags. Negative comments left unanswered do real damage.,下单之前，消费者会搜品牌名、翻真实用户怎么说。日常运营扎实的账号有人信，空白账号只会让人起疑。没人理的差评，杀伤力是实打实的。
Platforms: Weibo / Why Weibo matters / Closing,Weibo covers the full funnel. Mass awareness through trending topics at the top. Direct sales through Tmall and Taobao Live integrations at the bottom. Few Chinese platforms do both well. Weibo does.,微博一头连着热搜带来的全民曝光，一头连着跟天猫、淘宝直播直通的下单入口。国内能把两头同时吃下的平台不多，微博是其中一个。
Platforms: Weibo / Ecosystem / Overline,How Weibo helps brands grow,微博怎么帮品牌起量
Platforms: Weibo / Ecosystem / Heading,Six ways to turn attention into revenue.,六个杠杆，把注意力一路推到成交。
Platforms: Weibo / Ecosystem / Card 1 Name,Mass awareness and PR,全民曝光和公关
Platforms: Weibo / Ecosystem / Card 1 Chinese tag,品牌曝光,品牌曝光
Platforms: Weibo / Ecosystem / Card 1 Description,"Nothing in China generates national attention faster than a Weibo trend. Product launches, press amplification, event campaigns, crisis response.",一条热搜，半天之内把全国人的眼球都拉过来。新品首发、媒体接力、事件引爆、危机灭火，微博是唯一能扛下这几件事的地方。
Platforms: Weibo / Ecosystem / Card 2 Name,Trending topic campaigns,热搜营销
Platforms: Weibo / Ecosystem / Card 2 Chinese tag,热搜营销,Hot Search
Platforms: Weibo / Ecosystem / Card 2 Description,"Ride organic trends with fast content, or run paid hashtag promotions to place your brand inside the national conversation at the right moment.",蹭一个正在飞的自然热搜，或直接砸一个付费话题。当全国人都在聊同一件事，你的品牌要么在场，要么缺席。
Platforms: Weibo / Ecosystem / Card 3 Name,KOL and celebrity partnerships,KOL和明星合作
Platforms: Weibo / Ecosystem / Card 3 Chinese tag,KOL合作,KOL合作
Platforms: Weibo / Ecosystem / Card 3 Description,"Top Weibo KOLs have tens of millions of followers. One post from the right influencer shifts awareness, credibility, and sales all at once.",微博头部大V动辄千万粉丝。挑对人，一条博文就能同时把认知、信任、销量三件事一起拉起来。
Platforms: Weibo / Ecosystem / Card 4 Name,Community building,超话社群
Platforms: Weibo / Ecosystem / Card 4 Chinese tag,超级话题,超级话题
Platforms: Weibo / Ecosystem / Card 4 Description,"Weibo Super Topics create branded hubs where followers post their own content, discuss products, and engage with the brand directly.",超话是品牌的专属主场。粉丝在里面发内容、聊产品、晒同款，也能直接跟官方对话。
Platforms: Weibo / Ecosystem / Card 5 Name,Social commerce,社交电商
Platforms: Weibo / Ecosystem / Card 5 Chinese tag,社交电商,Social Commerce
Platforms: Weibo / Ecosystem / Card 5 Description,Shoppable posts link to Tmall and Taobao. Live streams sync with Taobao Live for real-time selling. The distance between a Weibo post and a purchase is very short.,博文挂链直跳天猫、淘宝。直播接入淘宝直播，边看边下单。从刷到博文到点击付款，中间几乎没有断点。
Platforms: Weibo / Ecosystem / Card 6 Name,Reputation management,舆情管理
Platforms: Weibo / Ecosystem / Card 6 Chinese tag,舆情管理,Reputation
Platforms: Weibo / Ecosystem / Card 6 Description,"People share opinions on Weibo publicly. Monitoring brand mentions, tracking competitors, and catching sentiment shifts early is not optional.",微博用户说话从来不客气。盯住每一次品牌提及、每一个情绪拐点、每一个对手动作，这件事没得商量。
Platforms: Weibo / Ecosystem / Verification note,"Verification note: Foreign companies can get a verified corporate account with a Blue V badge. You will need business registration documents translated into Chinese and a one-time $1,000 fee paid to Weibo. Approval takes 2 to 4 weeks. We handle the full process.",关于蓝V认证：海外企业可以申请企业蓝V。营业执照翻成中文，向微博一次性支付1000美元认证费，审批2到4周。整套流程我们全包。
Platforms: Weibo / Services / Overline,What we do on Weibo,我们在微博上做什么
Platforms: Weibo / Services / Heading,Six services. Each with a clear deliverable.,六项服务，每一项都写死交付。
Platforms: Weibo / Services / Card 1 Title,Account setup and verification,开户和蓝V认证
Platforms: Weibo / Services / Card 1 Description,"We register your Blue V corporate account end to end. Document prep, Chinese translation, submission, full profile buildout. International companies pay a one-time $1,000 verification fee. Approval takes 2 to 4 weeks. We handle everything.",从零把你的企业蓝V账号搭起来。材料整理、中文翻译、资料递交、主页完整搭建，一条龙。海外企业向微博一次性支付1000美元认证费，审批2到4周。中间所有脏活我们全包。
Platforms: Weibo / Services / Card 1 Result,"A live, verified Weibo corporate account ready to publish.",一个已认证、随时能发第一条博文的微博企业号。
Platforms: Weibo / Services / Card 2 Title,Content strategy and production,内容策略和制作
Platforms: Weibo / Services / Card 2 Description,"Monthly content plans with brand posts, trending topic tie-ins, interactive formats, and campaign assets. Native Chinese content by native Chinese speakers. Short posts, 9-grid carousels, short video, live stream assets.",月度内容排期一次讲清楚：品牌日常博文、蹭热搜的快反内容、互动玩法、活动物料。全部由上海本地写手亲手做，交付短博文、九宫格、短视频、直播素材。
Platforms: Weibo / Services / Card 2 Result,Localized content built for how Weibo's algorithm works today.,踩准当月微博算法、一看就是国内人写的内容。
Platforms: Weibo / Services / Card 3 Title,Paid advertising,付费投放
Platforms: Weibo / Services / Card 3 Description,"Fan Headlines, Fan Tunnels, in-feed display, splash page ads, search promotion, hashtag promotion. Targeting by demographics, interests, behavior, and lookalike audiences. Weekly reporting on CPM, CPC, CPA, ROAS. Ad spend billed separately. No markups.",粉丝头条、粉丝通、信息流、开屏、搜索广告、话题推广都会打。定向可以按人群画像、兴趣、行为、Lookalike走。CPM、CPC、CPA、ROAS每周一份报告。预算全部按原价走账，不加点。
Platforms: Weibo / Services / Card 3 Result,Ads that reach the right audience with transparent spend reporting.,精准打到该看到的人，每一块钱都交代得一清二楚。
Platforms: Weibo / Services / Card 4 Title,KOL and KOC campaigns,KOL和KOC合作
Platforms: Weibo / Services / Card 4 Description,"We find, vet, negotiate, and brief influencers. Selection based on verified engagement, audience authenticity checks, niche fit, and budget. Full campaign management from creative brief to ROI report.",选人、查假粉、谈价、写brief，全部我们来。挑人看四件事：真实互动率、粉丝真实度、行业匹配、预算。从创意brief到结案报告一口气跑完。
Platforms: Weibo / Services / Card 4 Result,"Influencer campaigns backed by verified data, not follower counts.",按真实数据挑出来的达人组合，不是看粉丝数凑出来的名单。
Platforms: Weibo / Services / Card 5 Title,Hot Search and topic campaigns,热搜和话题营销
Platforms: Weibo / Services / Card 5 Description,"Topic creation, content seeding, KOL amplification, community activation, paid promotion. Built to put your brand in the national conversation when it matters most.",话题策划、内容铺垫、KOL接力、社群发酵、付费加热，五件事一起推。目标就一条：在对的时间点，把品牌塞进全国人都在聊的那场讨论里。
Platforms: Weibo / Services / Card 5 Result,Your brand inside China's most-watched trending list.,品牌词冲上全国热搜榜。
Platforms: Weibo / Services / Card 6 Title,Social listening and analytics,舆情和数据分析
Platforms: Weibo / Services / Card 6 Description,"Daily monitoring of brand mentions, competitor moves, sentiment shifts, and trending conversations. Monthly reports on follower growth, engagement, content performance, ad results, KOL returns, and competitive benchmarks.",每天盯四件事：品牌提及、对手动作、情绪波动、热点走向。月报把涨粉、互动、内容表现、广告数据、KOL ROI、竞品对照全部装进一份文档。
Platforms: Weibo / Services / Card 6 Result,Actionable reports with specific recommendations for next month.,一份下个月照着打就能跑的实战报告。
Platforms: Weibo / Services / Mobile result label,You get:,交付成果：
Platforms: Weibo / Best practices / Overline,From our team on the ground,一线团队心得
Platforms: Weibo / Best practices / Heading,Weibo best practices,跑微博的几条硬规矩
Platforms: Weibo / Best practices / Subheading,"We post on Weibo from China, every single day. These come from doing the work.",人在国内，每天都在发博，一天没断过。下面这几条都是亲手跑出来的经验，不是书上抄的。
Platforms: Weibo / Best practices / 1 Title,Post every day.,发博别停
Platforms: Weibo / Best practices / 1 Body,Once a day minimum. Three to five in growth mode. The algorithm rewards consistency.,至少一天一条。大活动期间每天3到5条。微博算法只认勤快的账号，懒一天掉一天权重。
Platforms: Weibo / Best practices / 2 Title,Lead with visuals.,画面先行
Platforms: Weibo / Best practices / 2 Body,Use all 9 image slots. Center image gets the most attention. Short video outperforms static posts consistently.,九宫格九个位子要塞满，C位那张最抢眼。短视频的数据永远比纯图文漂亮。
Platforms: Weibo / Best practices / 3 Title,React fast to trends.,蹭热搜要快
Platforms: Weibo / Best practices / 3 Body,Check the Hot Search list every morning. Publish within the hour when something relevant breaks.,每天上班第一件事：刷热搜榜。相关话题一露头，一小时内内容必须上线。慢了就是别人的。
Platforms: Weibo / Best practices / 4 Title,Write tight.,博文写短
Platforms: Weibo / Best practices / 4 Body,Posts fold after 140 characters. Strong first sentence. Clear call to action above the fold.,超过140字就被折叠。第一句话要能勾住人。CTA必须卡在折叠线之前。
Platforms: Weibo / Best practices / 5 Title,Actually reply to people.,评论区必须回
Platforms: Weibo / Best practices / 5 Body,The comment section is where real conversations happen. Brands that engage build loyalty much faster than brands that just broadcast.,真正的戏都在评论区。愿意接梗、认真回复的品牌，粘性起得比那些只管自己发博的品牌快得多。
Platforms: Weibo / Best practices / 6 Title,Verify early.,蓝V越早越好
Platforms: Weibo / Best practices / 6 Body,"The Blue V badge builds trust, improves reach, unlocks ad tools, and protects against copycat accounts.",蓝V一认，信任背书到位、曝光权重拉起、广告后台解锁，顺带堵住山寨号冒名。
Platforms: Weibo / FAQ / Overline,FAQ,FAQ
Platforms: Weibo / FAQ / Heading,Frequently asked questions,常见问题
Platforms: Weibo / FAQ / Subheading,Everything you need to know about running Weibo with TheRedScroll.,找TheRedScroll做微博，签合同之前你会想先弄清楚的几件事。
Platforms: Weibo / FAQ / Q1,Who actually runs our Weibo account?,到底是谁在帮我们运营微博？
Platforms: Weibo / FAQ / A1,"Our team in Shanghai and Hong Kong. Native Chinese speakers write your content, buy the ads, and deal with KOLs directly. We are not a remote agency sitting in London or New York guessing what is trending in China. We log into Weibo every morning, same timezone as your audience.",我们自己，在上海和香港的团队。本地写手负责写内容、跑广告、直接对KOL。不是那种坐在伦敦或纽约猜国内热点的远程代运营。每天早上打开微博，我们跟你的用户在同一个时区。
Platforms: Weibo / FAQ / Q2,Can a company registered outside China open a Weibo account?,境外注册的公司也能开微博账号吗？
Platforms: Weibo / FAQ / A2,"Yes, and we do this regularly. Foreign companies can get a verified corporate account with a Blue V badge. You will need business registration documents translated into Chinese and a one-time $1,000 fee paid to Weibo for verification. Takes about 2 to 4 weeks to get approved. We handle the documents, translation, and back-and-forth with Weibo's team so you don't have to.",可以，我们手上天天在做。海外企业走企业蓝V通道：营业执照翻成中文，向微博支付1000美元一次性认证费，审批2到4周。材料、翻译、跟微博审核团队打电话，我们一条龙包办。
Platforms: Weibo / FAQ / Q3,How does pricing work?,价格怎么算？
Platforms: Weibo / FAQ / A3,"Fixed scope. Fixed price. We define every deliverable before the project starts. How many posts, how many videos, which campaigns, what reporting. You see the full picture and the total cost upfront. No vague custom quotes. No hidden fees that show up three months in.",范围白纸黑字，一口价。项目启动前把每一项都写死：多少条博文、多少条视频、哪些campaign、出哪几份报告。第一天就看到总价。没有模糊报价，三个月后也不会突然冒出隐性账单。
Platforms: Weibo / FAQ / Q4,What makes you different from other agencies doing Weibo?,你们做微博跟其他代理有什么不一样？
Platforms: Weibo / FAQ / A4,"We are physically based in China with direct access to every platform, not running things remotely from overseas. We use AI tools (HubStudio.ai) for content production, which means faster turnaround and lower costs without cutting corners on quality. And we are the only agency we have found that offers fixed-price packages. We looked at 37 competitors. None of them do this.",人在中国，每个平台都是我们自己第一手在跑，不做远程遥控。内容用自研AI工具HubStudio.ai，交付更快、成本更低，质量不打折。我们把市面上37家同类代理排了一遍，愿意给固定一口价套餐的，只有我们。
Platforms: Weibo / FAQ / Q5,How fast can we get going?,多久能跑起来？
Platforms: Weibo / FAQ / A5,"About two weeks from signing. Account registration, profile setup, first content live, first campaign launched. Weibo's own verification process takes 2 to 4 weeks on their end, but we don't sit around waiting. We start building and posting while the Blue V badge is being processed.",合同签完两周左右。账号注册、主页配齐、首批内容上线、第一场campaign启动。蓝V审核微博那边要2到4周，我们不干等。审核在走的同时，内容同步搭起来、发起来。
Platforms: Weibo / FAQ / Q6,Is all the content written in Chinese?,所有内容都是中文写的吗？
Platforms: Weibo / FAQ / A6,"Yes. Everything we publish on Weibo is written in Chinese by native speakers, then proofread by a second native speaker for tone and cultural accuracy. You will receive English summaries of content plans and monthly reports. If you want to review individual posts before they go live, we build that into the workflow.",是。发到微博的每一条都由本地写手直接写，再由另一位本地写手校对语气和文化梗。我们会给你英文版的内容排期和月报摘要。想在发布前每条都过目一次，也可以在流程里加上这一步。
Platforms: Weibo / FAQ / Q7,Do we really need Weibo if we already use WeChat and RedNote?,我们已经在做微信和小红书了，还要不要做微博？
Platforms: Weibo / FAQ / A7,"Short answer: yes. WeChat keeps content inside closed circles. RedNote is strong for product discovery. But neither lets your brand reach a mass public audience or participate in national trending conversations. If a crisis breaks, a cultural moment is blowing up, or you simply need millions of people to learn your brand name quickly, Weibo is the only platform in China that does that.",一句话：要。微信被锁在熟人圈里。小红书擅长产品种草。这两个都没法让品牌直接面向大众，也接不住全国性的热点讨论。一旦出危机、文化事件发酵，或者你要在几天内让几百万人记住品牌名，国内只有微博扛得住这件事。
Platforms: Weibo / FAQ / Q8,How do you choose which KOLs to work with?,你们怎么挑KOL？
Platforms: Weibo / FAQ / A8,"Not by follower count. We audit real engagement rates, run fake-follower checks, analyze audience demographics, and review each KOL's content style against your brand. We also compare their pricing against market rates so you know you're getting a fair deal. Every KOL we recommend comes with the data behind the recommendation.",不看粉丝数。我们查真实互动率、假粉比例、粉丝画像，再把每个人的内容调性跟你的品牌对照一遍。价格拿市场价对标，让你知道这笔钱花得不冤。每一个推荐的KOL背后都有数据支撑。
Platforms: Weibo / FAQ / Q9,What does reporting look like?,报告长什么样？
Platforms: Weibo / FAQ / A9,"Monthly. Each report covers follower growth, engagement rates, content performance broken down by format, ad campaign results (CPM, CPC, CPA, ROAS), KOL campaign returns, and competitive benchmarks. We end every report with clear recommendations for the following month. You also get a mid-month check-in if you're running active campaigns.",每月一份。涨粉、互动率、按形式拆分的内容效果、广告数据（CPM、CPC、CPA、ROAS）、KOL项目ROI、竞品对照，一次讲完。结尾直接给下个月该怎么打的具体建议。有campaign在跑时，中途会多加一次阶段性复盘。
Platforms: Weibo / FAQ / Q10,What if we want more than just Weibo?,如果我们想做的不止微博一个平台呢？
Platforms: Weibo / FAQ / A10,"Most of our clients do. Weibo is one of over 18 platforms we work on. We build and run campaigns across Weibo, WeChat, RedNote, Douyin, and others like Bilibili, Zhihu, or Kuaishou depending on your industry. Everything is coordinated by one team, delivered under one scope of work, and billed at one fixed price.",大部分客户都是这样。微博只是我们服务的18个平台之一。微博、微信、小红书、抖音是主战场，B站、知乎、快手这些按行业选打。一个团队统一协调，一份SOW，一个一口价。
Platforms: Weibo / Getting started / Overline,Getting started,合作流程
Platforms: Weibo / Getting started / Heading,From zero to a live Weibo account in two weeks.,从零到一个真正在跑的微博账号，两周拿下
Platforms: Weibo / Getting started / Step 1 Title,Discovery call.,先聊一次
Platforms: Weibo / Getting started / Step 1 Body,"Tell us about your brand, your goals, and how ready you are for China. No pitch deck. Just the right questions.",聊品牌、聊目标、聊你对中国市场到底准备了多少。不用做PPT，我们只问该问的问题。
Platforms: Weibo / Getting started / Step 2 Title,Proposal.,方案和报价
Platforms: Weibo / Getting started / Step 2 Body,Clear scope. Fixed price. Every deliverable listed out. No surprises.,范围白纸黑字，一口价，每一项交付逐条列清。过程里不会冒出任何额外账单。
Platforms: Weibo / Getting started / Step 3 Title,Live in 2 weeks.,两周内跑起来
Platforms: Weibo / Getting started / Step 3 Body,"Account live, first content published, first campaign running. Fourteen days from signed contract to first post.",账号搭完、首批内容上线、第一场campaign启动。合同签完到第一条博文发出去，14天。
Platforms: Weibo / Getting started / CTA,Book a call,预约通话
Platforms: Weibo / Cross-links / Label,See also,你可能也想看
Platforms: Weibo / Cross-links / 1,WeChat marketing →,微信营销 →
Platforms: Weibo / Cross-links / 2,RedNote marketing →,小红书营销 →
Platforms: Weibo / Cross-links / 3,Douyin marketing →,抖音营销 →
Platforms: Weibo / Cross-links / 4,Additional platforms →,更多平台 →
Platforms: Others / Meta / Title,"Additional Platforms: Bilibili, Kuaishou, Zhihu, and More | TheRedScroll",更多平台：B站、快手、知乎 | TheRedScroll
Platforms: Others / Meta / Description,"14 platforms most agencies skip. Bilibili, Kuaishou, Zhihu, Toutiao, Meituan, Pinduoduo, and more. Fixed scope, fixed price. Team on the ground in China.",14个大多数代理都懒得碰的平台：B站、快手、知乎、今日头条、美团、拼多多等等。范围白纸黑字，一口价。团队人在中国。
Platforms: Others / Hero / Overline,Beyond the big four,四大平台之外
Platforms: Others / Hero / Heading,14 platforms most agencies skip,14个大多数代理都懒得碰的平台
Platforms: Others / Hero / Subheading,"Your customers watch Bilibili for two hours straight. They check Dianping before picking a restaurant. They trust Zhihu answers over ads. They shop live on Kuaishou during the commute home. We post on all of them. Every day, from Shanghai and Hong Kong.",你的用户在B站一坐就是两个小时。选餐厅前先翻大众点评。买东西先去知乎查一轮回答。通勤路上在快手直接下单。这些平台，我们每天都在发。人就在上海和香港。
Platforms: Others / Hero / CTA,Book a call,预约通话
Platforms: Others / Stats / Heading,Over 1.1 billion people in China use social media. They don't stick to four apps.,11亿中国用户玩社媒，从来就不止那四个App。
Platforms: Others / Stats / Subheading,The numbers across 9 additional platforms.,9个被低估的平台，硬核数据摆这里。
Platforms: Others / Stats / CTA,Book a call,预约通话
Platforms: Others / Stats / Label 1,Bilibili daily session,B站人均日使用
Platforms: Others / Stats / Label 2,Kuaishou MAU,快手月活
Platforms: Others / Stats / Label 3,Pinduoduo MAU,拼多多月活
Platforms: Others / Stats / Label 4,Meituan annual users,美团年活跃用户
Platforms: Others / Stats / Label 5,QQ monthly users,QQ月活
Platforms: Others / Stats / Label 6,Toutiao MAU,今日头条月活
Platforms: Others / Stats / Label 7,Bilibili MAU,B站月活
Platforms: Others / Stats / Label 8,Baidu Tieba MAU,百度贴吧月活
Platforms: Others / Stats / Label 9,Zhihu MAU,知乎月活
Platforms: Others / Stats / Label 10,Lemon8 users,Lemon8用户
Platforms: Others / Why these platforms matter / Overline,Why these platforms matter,这些平台为什么重要
Platforms: Others / Why these platforms matter / Heading,Most agencies stop at four. Going further takes a team on the ground.,大多数代理做完四大就收工了。再往下走一步，得要一支扎根一线的团队。
Platforms: Others / Why these platforms matter / Card 1 Title,"Focused attention, not quick scrolls",专注时长，不是随手划两下
Platforms: Others / Why these platforms matter / Card 1 Body,Bilibili users spend 107 minutes a day on the platform. Nearly two hours of focused attention from educated consumers under 35. That's not a quick scroll. That's a captive audience.,B站用户每天在平台上待107分钟。接近两小时的专注注意力，全部来自35岁以下的高学历人群。这不是随便刷的用户，是真的会坐下来看完的人。
Platforms: Others / Why these platforms matter / Card 2 Title,"Real commerce, real volume",真实的电商，真金白银的成交
Platforms: Others / Why these platforms matter / Card 2 Body,Kuaishou processed RMB 385 billion in e-commerce sales in Q3 2025. In one quarter. These platforms move product at a scale that most brands haven't even considered.,快手2025年Q3做了3850亿人民币电商GMV，只是一个季度。这些平台能跑出来的量，大多数品牌根本没想象过。
Platforms: Others / Why these platforms matter / Card 3 Title,Content that compounds,一条内容，吃好几年红利
Platforms: Others / Why these platforms matter / Card 3 Body,"Zhihu answers rank in Baidu search results for months. Sometimes years. On Douyin, a post disappears in 48 hours. On Zhihu, it keeps pulling traffic long after you publish.",一条知乎回答能在百度搜索结果里挂几个月，好的甚至能排上几年。抖音视频48小时就沉底，知乎回答发出去之后，会持续很久地给你带量。
Platforms: Others / Why these platforms matter / Closing,"Going further than four platforms takes native speakers, daily platform access, and a team that operates in the market full-time. That's us.",要跑通四大平台之外的渠道，你需要本地中文写手、每天真人操作平台的运营、以及一支全职扎在中国市场里的团队。这正好就是我们。
Platforms: Others / Video and community / Overline,Video and community,视频和社区
Platforms: Others / Video and community / Heading,"Long-form video, live commerce, and loyal audiences",长视频、直播带货、铁杆粉丝
Platforms: Others / Platform card / Bilibili Name,Bilibili,B站
Platforms: Others / Platform card / Bilibili Chinese tag,B站,B站
Platforms: Others / Platform card / Bilibili Audience,"Gen Z, urban, educated. 78% under 35",Gen Z、城市高知人群。78%在35岁以下
Platforms: Others / Platform card / Bilibili Description,"China's home for long-form video. Started in anime and gaming, now covers tech, education, beauty, automotive and just about everything else. Close to 70% of Chinese Gen Z are active here. Users don't scroll through quick clips. They sit down and watch. Average session: 107 minutes.",中国年轻人的精神家园。起家于二次元和游戏，如今科技、教育、美妆、汽车各个分区都有自己的常客。中国近七成Gen Z泡在这里。B站用户不划走，点进一条视频就坐下来看完。日均单次107分钟。
Platforms: Others / Platform card / Bilibili Detail,Bilibili turned profitable for the first time in 2025. Ad revenue grew 27% year over year. The danmu feature (bullet comments that scroll across the video while you watch) turns passive viewing into something closer to a shared experience.,2025年B站首次扭亏为盈，广告收入同比增27%。弹幕把看视频变成了集体观影，一条线贯穿所有人。
Platforms: Others / Platform card / Bilibili Best for,"Tech, gaming, education, beauty, automotive. Top formats: deep-dives, tutorials, unboxing series, collabs with UP主 (Bilibili creators).",科技、游戏、教育、美妆、汽车。玩法：深度解析、教程、开箱系列、与UP主联合共创。
Platforms: Others / Platform card / Kuaishou Name,Kuaishou,快手
Platforms: Others / Platform card / Kuaishou Chinese tag,快手,快手
Platforms: Others / Platform card / Kuaishou Audience,Broad. Strong in tier 3-4 cities,覆盖广，下沉市场的绝对主场
Platforms: Others / Platform card / Kuaishou Description,"731 million monthly users. The audience skews tier 3-5 cities and values real content over polished brand videos. The ""Laotie"" culture (roughly: trusted friend) rewards creators who show up week after week and talk straight.",月活7.31亿。主场在三到五线，用户认真实感，不吃精致大片那一套。老铁文化只认一种人：更新稳、说话直、愿意掏心窝。
Platforms: Others / Platform card / Kuaishou Detail,One detail most brands miss: users over 40 drive more than 47% of total e-commerce spending on the platform. That's a demographic most companies aren't even thinking about.,一个大多数品牌忽略的事实：40岁以上用户贡献了平台电商47%以上的支出。这群人，没几家外资品牌真正算进过预算。
Platforms: Others / Platform card / Kuaishou Best for,"FMCG, food and beverage, agriculture, brands selling outside tier 1-2 cities. Top formats: live commerce, product demos, factory tours.",快消、农产品、主打下沉市场的品牌。玩法：直播带货、产品实测、工厂探店。
Platforms: Others / Text and knowledge / Overline,Text and knowledge,文字和知识
Platforms: Others / Text and knowledge / Heading,"Q&A, news, forums. Content that ranks and compounds.",问答、资讯、论坛。能被搜索引擎收录、能长期带量的内容。
Platforms: Others / Platform card / Zhihu Name,Zhihu,知乎
Platforms: Others / Platform card / Zhihu Chinese tag,知乎,知乎
Platforms: Others / Platform card / Zhihu Audience,Professionals. 80%+ bachelor's degree,高知高收入人群，八成以上本科及以上
Platforms: Others / Platform card / Zhihu Description,"China's leading Q&A platform. Over 80% of users hold a bachelor's degree. 59% female as of Q2 2025. Content gets indexed by Baidu and keeps pulling traffic for months. On Douyin, a post disappears in 48 hours. On Zhihu, it compounds.",中国决策型用户的第一站。买车、换手机、选大学，都先翻知乎回答。八成以上用户本科及以上学历，2025年Q2女性用户占59%。回答会被百度收录，一条好答案能吃几个月红利。抖音视频48小时就沉，知乎回答能陪你跑一整年。
Platforms: Others / Platform card / Zhihu Detail,"About 83 million monthly users. Smaller audience, but these are high-intent buyers who do their homework before purchasing. And 14.2 million of them pay for premium content.",月活约8300万。体量不大，却全是查完作业才下单的高意向买家。其中1420万人愿意为内容付费。
Platforms: Others / Platform card / Zhihu Best for,"B2B, professional services, education, tech, healthcare, luxury. Top formats: expert answers, industry analysis, case studies.",B2B、专业服务、教育、科技、健康、奢侈品。玩法：专家长答、行业拆解、真实案例。
Platforms: Others / Platform card / Toutiao Name,Toutiao,Toutiao
Platforms: Others / Platform card / Toutiao Chinese tag,今日头条,今日头条
Platforms: Others / Platform card / Toutiao Audience,News readers. Ages 25-35,爱看资讯的25到35岁人群
Platforms: Others / Platform card / Toutiao Description,"ByteDance's news platform. 410 million monthly users. Distributes content by interest, not follower count. A brand with zero followers can reach millions on day one if the article gets traction.",字节跳动的资讯主力。月活4.1亿。算法只看内容不看粉丝数。一条跑起来的文章，零粉账号首日也能触达几百万人。
Platforms: Others / Platform card / Toutiao Detail,Account setup is painful and bans come fast. You need a team that already knows the rules.,开户流程繁琐，封号说来就来。只有懂规矩的团队才玩得转。
Platforms: Others / Platform card / Toutiao Best for,"B2B, manufacturing, tech, product launches.",B2B、工业、科技、新品发布。
Platforms: Others / Platform card / Baidu Tieba Name,Baidu Tieba,Baidu Tieba
Platforms: Others / Platform card / Baidu Tieba Chinese tag,百度贴吧,百度贴吧
Platforms: Others / Platform card / Baidu Tieba Audience,Interest-based communities,兴趣导向的老牌话题社区
Platforms: Others / Platform card / Baidu Tieba Description,"China's original forum platform. Organized by keyword, like Reddit. 300 million monthly users. Posts get indexed by Baidu, so active participation builds community trust and search rankings at the same time.",中国最老的论坛。按关键词建吧，很像Reddit。月活3亿。所有帖子都被百度收录，认真运营的吧既攒社区信任，又顺带做SEO。
Platforms: Others / Platform card / Baidu Tieba Best for,"Consumer electronics, gaming, automotive, brands with niche fan communities.",消费电子、游戏、汽车，以及有垂直粉丝圈的品牌。
Platforms: Others / Commerce and lifestyle / Overline,Commerce and lifestyle,电商和生活方式
Platforms: Others / Commerce and lifestyle / Heading,"Reviews, shopping, local services, and visual content",测评、购物、本地生活、视觉种草。
Platforms: Others / Platform card / Meituan Name,Meituan/Dianping,Meituan/Dianping
Platforms: Others / Platform card / Meituan Chinese tag,美团/大众点评,美团/大众点评
Platforms: Others / Platform card / Meituan Audience,"Food, travel, local services",本地生活的全量人群
Platforms: Others / Platform card / Meituan Description,"China's biggest local services platform. 770M+ annual users, 14.5M merchants. Dianping is where consumers check reviews before visiting any physical business. A strong profile drives foot traffic. A neglected one pushes people to the competition.",中国本地生活的超级入口。年活7.7亿，入驻商家1450万。吃饭、订酒店之前，中国消费者习惯先来大众点评翻评价。用心做的商家页能带来真实到店客流，没人管的页面只会把客人拱手让给对手。
Platforms: Others / Platform card / Meituan Best for,"Hospitality, F&B, beauty, wellness, tourism, retail with physical stores.",酒旅、餐饮、美业、养生、旅游、实体门店。
Platforms: Others / Platform card / Pinduoduo Name,Pinduoduo,Pinduoduo
Platforms: Others / Platform card / Pinduoduo Chinese tag,拼多多,拼多多
Platforms: Others / Platform card / Pinduoduo Audience,Value shoppers. Tier 3-4 cities,价格敏感型买家，主力在三四线
Platforms: Others / Platform card / Pinduoduo Description,"Third-largest e-commerce platform in China. Parent company also runs Temu. 880M+ monthly users, mostly in tier 3-4 cities. Built on group buying and steep discounts. Also supports cross-border e-commerce and live commerce.",中国第三大电商，母公司同时跑Temu。月活8.8亿，主力人群在三四线。靠拼团和极致折扣起家，如今跨境电商和直播带货也齐活。
Platforms: Others / Platform card / Pinduoduo Best for,"FMCG, consumer goods, health and beauty, cross-border. Not the right platform for luxury-first brands.",快消、日用百货、健康美妆、跨境。高端定位请绕行。
Platforms: Others / Platform card / Lemon8 Name,Lemon8,Lemon8
Platforms: Others / Platform card / Lemon8 Chinese tag,柠檬8,柠檬8
Platforms: Others / Platform card / Lemon8 Audience,"Lifestyle, visual content",吃审美的生活方式人群
Platforms: Others / Platform card / Lemon8 Description,"ByteDance's visual lifestyle platform. 23M users and the number keeps climbing. Think Pinterest meets RedNote, built around curated aesthetic content. The platform is newer but gaining traction fast, especially in beauty and travel verticals.",字节跳动的生活方式视觉平台。用户2300万，还在往上冲。可以把它想成Pinterest加小红书的结合体，围着好看的审美内容打转。平台还年轻，涨势很猛，美妆和旅游尤其快。
Platforms: Others / Platform card / Lemon8 Best for,"Beauty, fashion, food, travel, home decor. Photo-first content, carousels, product styling.",美妆、时尚、美食、旅游、家居。以图为主，轮播图和产品场景拍摄。
Platforms: Others / Platform card / QQ Name,QQ,QQ
Platforms: Others / Platform card / QQ Chinese tag,腾讯QQ,腾讯QQ
Platforms: Others / Platform card / QQ Audience,91% of users aged 15-24,15到24岁的用户，91%都在用
Platforms: Others / Platform card / QQ Description,"534M monthly users. 91% of users aged 15-24 are on it. Communities function kind of like Discord servers for the youngest slice of Chinese Gen Z. The platform also integrates gaming and music features, which keeps engagement high among students.",月活5.34亿。15到24岁的Z世代里，91%都在用QQ。对他们来说，QQ群就是中国版Discord。游戏、音乐一体化打包，学生群体的粘性高得离谱。
Platforms: Others / Platform card / QQ Detail,"QQ is not WeChat. Different audience, different rules entirely.",QQ不是微信。用户不同，规则也不同，别把一套打法硬搬过来。
Platforms: Others / Platform card / QQ Best for,"Gaming, education, entertainment, youth brands.",游戏、教育、娱乐、年轻化品牌。
Platforms: Others / Platform card / Best for label,Best for:,适合：
Platforms: Others / Services / Overline,Our services,我们的服务
Platforms: Others / Services / Heading,Same model on every platform. Clear scope. Fixed price.,每个平台按同一套打法跑。范围白纸黑字，一口价。
Platforms: Others / Services / Card 1 Title,Account setup and verification,开户和认证
Platforms: Others / Services / Card 1 Description,"Registration, verification, profile optimization. Full platform compliance. We handle the paperwork on every platform so you don't get stuck on forms written in Chinese.",注册、认证、主页调优。每个平台的合规流程，我们从头到尾跑一遍。所有中文表单和政府手续，我们替你扛，你一步都不用卡。
Platforms: Others / Services / Card 1 Result,"Live, verified accounts ready to publish.",账号已认证，随时开播。
Platforms: Others / Services / Card 2 Title,Content production,内容制作
Platforms: Others / Services / Card 2 Description,AI-powered visuals via HubStudio.ai plus native Chinese copywriting. Strategy is human-led. Every post reviewed and approved by native speakers in China. Content gets adapted to each platform's format and audience.,HubStudio.ai出AI视觉，本地中文写手写文案。策略永远是人做的。每一条上线前都要本地写手过一遍，语气、文化、平台规则一个都不漏。每个平台单独适配格式和调性。
Platforms: Others / Services / Card 2 Result,Platform-native content your audience wants to engage with.,用户愿意停下来看完的本土内容。
Platforms: Others / Services / Card 3 Title,Publishing and community management,发布和社群运营
Platforms: Others / Services / Card 3 Description,"Scheduled posting at platform-optimal times, comment moderation, community engagement, audience growth. Posting frequency is agreed upfront in your scope of work.",按每个平台的最佳时段定时发，回复评论，盘社群，拉新粉。发布节奏白纸黑字写进合同。
Platforms: Others / Services / Card 3 Result,Consistent presence with active community engagement.,稳定的日常曝光，加上活的社群互动。
Platforms: Others / Services / Card 4 Title,Advertising,广告投放
Platforms: Others / Services / Card 4 Description,"Ad account setup, campaign management, creative production, performance reporting. We bill ad spend at cost with no markup.",开户、跑campaign、出素材、做效果报告。广告预算按实际成本走账，一分不加。
Platforms: Others / Services / Card 4 Result,Ads that reach the right audience with transparent spend.,精准触达目标人群，每一分钱花去哪里都看得见。
Platforms: Others / Services / Card 5 Title,KOL and KOC campaigns,KOL和KOC合作
Platforms: Others / Services / Card 5 Description,"Influencer sourcing, vetting, campaign management and ROI reporting across all platforms. UP主 on Bilibili, 达人 on Kuaishou, 大V on Zhihu. We source, vet, manage and report. Verified engagement data only.",跨平台选人、核数据、跑项目、出ROI报告。B站UP主、快手达人、知乎大V，选人、审号、执行、复盘一条龙。只用能核到的真实互动数据。
Platforms: Others / Services / Card 5 Result,Influencer campaigns with transparent ROI reporting.,ROI数据透明的达人合作。
Platforms: Others / Services / Card 6 Title,Analytics and reporting,数据和报告
Platforms: Others / Services / Card 6 Description,"Monthly reports on growth, engagement, content performance and business-relevant KPIs. All reporting delivered in English with Chinese-language data attached for your local teams.",月报覆盖涨粉、互动、内容表现，以及和你业务直接挂钩的KPI。正式报告出英文版，中文原始数据一并附上，方便你的本地团队核对。
Platforms: Others / Services / Card 6 Result,Clear monthly reports with actionable insights.,一份直接指导下个月打法的干净报告。
Platforms: Others / Services / Mobile result label,You get:,交付：
Platforms: Others / Recommendations / Overline,Platform recommendations,按目标推荐平台
Platforms: Others / Recommendations / Heading,Which platforms fit your brand?,你的品牌该做哪些平台？
Platforms: Others / Recommendations / Subheading,"These platforms work best alongside WeChat, Douyin, RedNote and Weibo. We help you build the full stack.",这些平台最好和微信、抖音、小红书、微博搭配着跑。整套组合怎么搭，我们替你拼起来。
Platforms: Others / Recommendations / 1 Goal,Reach Gen Z with in-depth video,用长视频拿下Gen Z
Platforms: Others / Recommendations / 1 Platforms,Bilibili,B站
Platforms: Others / Recommendations / 2 Goal,Sell to value-conscious buyers in smaller cities,打进下沉市场的价格敏感人群
Platforms: Others / Recommendations / 2 Platforms,"Kuaishou, Pinduoduo",快手、拼多多
Platforms: Others / Recommendations / 3 Goal,Build long-term search visibility,吃搜索长尾流量
Platforms: Others / Recommendations / 3 Platforms,"Zhihu, Baidu Tieba",知乎、百度贴吧
Platforms: Others / Recommendations / 4 Goal,Drive foot traffic to physical locations,给线下门店导客流
Platforms: Others / Recommendations / 4 Platforms,Meituan/Dianping,美团/大众点评
Platforms: Others / Recommendations / 5 Goal,Reach mass audiences with news content,走新闻资讯大众传播
Platforms: Others / Recommendations / 5 Platforms,Toutiao,今日头条
Platforms: Others / Recommendations / 6 Goal,Connect with students and gamers,拿下学生和游戏玩家
Platforms: Others / Recommendations / 6 Platforms,QQ,QQ
Platforms: Others / Recommendations / 7 Goal,Build a visual lifestyle presence,立生活方式视觉调性
Platforms: Others / Recommendations / 7 Platforms,Lemon8,Lemon8
Platforms: Others / FAQ / Overline,FAQ,FAQ
Platforms: Others / FAQ / Heading,Frequently asked questions,常见问题
Platforms: Others / FAQ / Subheading,Everything you need to know about working with TheRedScroll on these platforms.,跟TheRedScroll一起做这些平台，你八成想先弄清楚的几件事。
Platforms: Others / FAQ / Q1,Who creates the content for these platforms?,这些平台的内容由谁来做？
Platforms: Others / FAQ / A1,"Native Chinese speakers in Shanghai and Hong Kong. HubStudio.ai speeds up visual production, but a human strategist builds the content plan and a native editor reviews every piece for cultural fit, tone and compliance. No post goes live without a real person signing off.",本地中文写手操刀，人在上海和香港。HubStudio.ai帮我们提速视觉产出，但内容策略始终是人在定。每一条都要经本地写手复核文化、语气、合规。没有一条是没过人眼就发出去的。
Platforms: Others / FAQ / Q2,Do you have actual access to all 14 platforms?,你们真的能上这14个平台吗？
Platforms: Others / FAQ / A2,Yes. We log into these platforms from China every single day. Several platforms restrict features from overseas IPs. Agencies working remotely from other countries run into access issues they can't fix. We don't have that problem.,能。我们每天从国内登录这些平台实操。有几个平台对海外IP卡得死，海外远程代理经常连登录都过不去。这个问题在我们这里不存在。
Platforms: Others / FAQ / Q3,How do you pick which platforms are right for my brand?,你们怎么帮我们选平台？
Platforms: Others / FAQ / A3,"We look at your industry, audience and goals. A hospitality brand needs Meituan/Dianping. A B2B tech company gets more from Zhihu and Toutiao. We recommend what fits your business, not what pads a proposal.",从你的行业、用户、目标倒推。酒旅绕不开美团和大众点评，B2B科技类在知乎和今日头条上跑得更快。我们只推能真正推业务的那几个，不会为了让方案看起来厚就硬塞。
Platforms: Others / FAQ / Q4,Can I add platforms to an existing package?,签了合同之后还能再加平台吗？
Platforms: Others / FAQ / A4,"Yes. Any platform, any time. We add it to your scope with clear deliverables and a fixed price.",可以。任何时间、任何平台都能加。我们把它并入你的服务范围，交付物和价格白纸黑字。
Platforms: Others / FAQ / Q5,"What does ""AI-powered content"" actually mean?","你们说的""AI辅助内容""到底是什么意思？"
Platforms: Others / FAQ / A5,"Strategy and editorial direction are 100% human. HubStudio.ai handles the visual side of production: product imagery, social assets, video drafts. A native editor then goes through every piece for accuracy, platform rules and brand voice. The AI makes production faster. The people on our team make sure everything is right.",策略和方向100%由人做。HubStudio.ai出视觉产出，产品图、社媒素材、视频草稿。之后由本地写手逐条过一遍，核准确度、平台规则、品牌调性。AI管提速，人管对错。
Platforms: Others / FAQ / Q6,How do you handle content moderation rules?,各平台的审核规则你们怎么处理？
Platforms: Others / FAQ / A6,Every platform runs its own moderation system and they're all different. Bilibili flags certain keywords that Zhihu wouldn't care about. Toutiao bans accounts faster than most platforms. We know what gets approved and what gets your account suspended because we deal with this stuff daily.,每个平台一套审核系统，差距非常大。B站会标红的关键词，知乎完全不在意。今日头条的封号速度比大多数平台都快。什么能发、什么踩线，我们每天都在过，心里有谱。
Platforms: Others / FAQ / Q7,How long to get set up on a new platform?,开一个新平台要多久？
Platforms: Others / FAQ / A7,"One to three weeks depending on the platform. We handle registration, verification, profile setup and first content. Most clients see their first post go live within two to three weeks.",看平台，大约1到3周。注册、认证、主页配置、首批内容全部我们来。大多数客户两到三周就能看到第一条内容上线。
Platforms: Others / FAQ / Q8,Do you run influencer campaigns on these platforms?,这些平台上你们也做达人合作吗？
Platforms: Others / FAQ / A8,"Yes. UP主 on Bilibili, 达人 on Kuaishou, 大V on Zhihu. We source, vet, manage and report. Influencer fees quoted separately and transparently.",做。B站UP主、快手达人、知乎大V都做。选人、核号、执行、复盘全程跟进。达人费用单独走账，完全透明。
Platforms: Others / FAQ / Q9,How do you measure results?,效果怎么衡量？
Platforms: Others / FAQ / A9,"We pull data from platform backends directly, not third-party tools. Reports cover follower growth, engagement, content performance and platform-specific KPIs. For Zhihu that might mean Baidu search impressions. For Meituan, review volume and rating trends. For Kuaishou, live commerce conversions. We report on what actually moves the needle for your business.",数据直接从每个平台的后台拉，不走第三方工具。报告覆盖涨粉、互动、内容表现，以及每个平台自己的核心KPI。知乎盯百度搜索结果里的展现量，美团盯评论量和评分变化，快手盯直播间转化。我们只汇报真正能推业务的那些数据。
Platforms: Others / FAQ / Q10,How does pricing work?,价格怎么算？
Platforms: Others / FAQ / A10,"Fixed scope, fixed price. Every deliverable spelled out before we begin. You pay one monthly fee per platform. No hourly rates, no scope creep charges. Ad spend is always billed separately at cost.",范围白纸黑字，一口价。每一项交付物在项目启动前就敲死。每个平台一份月度固定费用，不按小时计费，也不会因为工作量冒出隐性账单。广告预算永远单独结算，按实际成本走账。
Platforms: Others / Getting started / Overline,Getting started,合作流程
Platforms: Others / Getting started / Heading,From zero to live on any platform in two weeks.,任何一个平台，从零到开播，两周搞定
Platforms: Others / Getting started / Step 1 Title,Book a call.,先聊一聊
Platforms: Others / Getting started / Step 1 Body,"30 minutes. Your brand, your audience, your China goals. No pitch deck. Just the right questions.",30分钟。聊你的品牌、用户、中国目标。不讲销售话术，只问该问的问题。
Platforms: Others / Getting started / Step 2 Title,Get a recommendation.,平台推荐
Platforms: Others / Getting started / Step 2 Body,We identify which platforms fit and build them into your package. Clear scope. Fixed price.,我们帮你挑出最对路的平台，打包成一份方案。范围白纸黑字，一口价。
Platforms: Others / Getting started / Step 3 Title,Launch.,启动
Platforms: Others / Getting started / Step 3 Body,"Account setup, first content, ongoing management. Usually within two weeks.",开户、首批内容上线、日常运营开跑。通常两周内搞定。
Platforms: Others / Getting started / CTA,Book a call,预约通话
Platforms: Others / Cross-links / Label,See also,顺便看看
Platforms: Others / Cross-links / 1,WeChat marketing →,微信营销 →
Platforms: Others / Cross-links / 2,Douyin marketing →,抖音营销 →
Platforms: Others / Cross-links / 3,RedNote marketing →,小红书营销 →
Platforms: Others / Cross-links / 4,Weibo marketing →,微博营销 →
Work index / Meta / Title,Work | TheRedScroll,客户案例 | TheRedScroll
Work index / Meta / Description,"Case studies from TheRedScroll. Real results for international brands on WeChat, RedNote, Douyin, Weibo, and more.",TheRedScroll的客户案例。国际品牌在微信、小红书、抖音、微博上跑出来的真实结果。
Work index / Hero / Overline,Case studies,客户案例
Work index / Hero / Headline,The work speaks for itself.,结果说话。
Work index / Hero / Subhead,Real campaigns. Real platforms. Real results for international brands growing in China.,真实的战役，真实的平台运营。国际品牌在中国市场跑出来的具体结果。
Work index / Filters / Service label,Service,服务类型
Work index / Filters / Platform label,Platform,平台
Work index / Filters / All,All,全部
Work index / Card 1 / Title,Viessmann: how social drove eCommerce growth in China,Viessmann：社媒直接变成线上销量
Work index / Card 1 / Category,eCommerce & Social,电商与社交
Work index / Card 1 / Result,Consistent month-over-month online revenue growth,线上营收每月稳定往上走
Work index / Card 2 / Title,Jaguar Land Rover: reaching younger consumers through social,捷豹路虎：在年轻人里把品牌重新立起来
Work index / Card 2 / Category,Content & UGC,内容与UGC
Work index / Card 2 / Result,Brand relevance shift with younger luxury consumers,在年轻高消费人群里重新立住品牌形象
Work index / Card 3 / Title,JAC Motors: building a social community for a Chinese auto giant,JAC江淮：国产车企怎么把品牌社群做起来
Work index / Card 3 / Category,Community & AI Content,社群与AI内容
Work index / Card 3 / Result,AI-powered Olympic campaign crossed over to global markets,一场AI驱动的奥运战役，声量一路传到海外
Work index / Card 4 / Title,iGuzzini: how social built a luxury lighting brand in China,iGuzzini：高端照明品牌怎么在中国破圈
Work index / Card 4 / Category,Luxury & eCommerce,奢侈品与电商
Work index / Card 4 / Result,B2B brand became a consumer luxury name in 24 months,24个月，从B2B品牌做成了消费者认的高端品牌
Work index / Card 5 / Title,Camper: growing a design brand in China,Camper：一个设计师鞋履品牌在中国怎么做起来
Work index / Card 5 / Category,Brand & Content,品牌与内容
Work index / Card 5 / Result,"43K to 187K followers, +31% same-store sales in 18 months",粉丝从4.3万涨到18.7万，18个月门店销售涨31%
Work index / Card 6 / Title,Mission Foods: launching corn chips in China through social,Mission Foods：用社媒把玉米片带进中国市场
Work index / Card 6 / Category,Campaign & Social,营销与社交
Work index / Card 6 / Result,Unknown snack category to growing community via always-on content,从零认知，做出一个每天都活跃的品牌社群
Work index / Card 7 / Title,Marriott: a Super Brand Day campaign that drove millions,万豪：一场跑出千万GMV的天猫超级品牌日
Work index / Card 7 / Category,Campaign & eCommerce,营销与电商
Work index / Card 7 / Result,Millions in Tmall sales and hundreds of thousands of new Bonvoy members,天猫GMV数千万，Bonvoy一次新增几十万会员
Work index / Card 8 / Title,Master Martini: building a chef community across Asia,Master Martini：在亚洲做一个专业烘焙师圈子
Work index / Card 8 / Category,Community & Social,社群与社交
Work index / Card 8 / Result,B2B brand became a go-to community for professional chefs in 5 markets,从B2B品牌做成5个市场烘焙师愿意回来的圈子
Work index / Card 9 / Title,Blue Insurance: digital launch for Hong Kong's first online insurer,Blue Insurance：香港第一家纯线上保险公司上线
Work index / Card 9 / Category,Website & Campaign,网站与营销
Work index / Card 9 / Platform / Web,Web,网站
Work index / Card 9 / Platform / Social Media,Social Media,社媒
Work index / Card 9 / Result,"10,000 followers in month one, 3,000+ newsletter signups in week one",首月1万粉丝，首周3000+邮件订阅
Work index / Card 10 / Title,AGE 20's: the Little Milk Brick campaign in China,AGE 20's：小奶砖的中国上市战役
Work index / Card 10 / Category,Campaign & Content,营销与内容
Work index / Card 10 / Result,"3.87M Douyin impressions (4x over target), nickname went organic",抖音曝光387万，超目标4倍，昵称自己在用户里传开
Work index / Card 11 / Title,Langnese: repositioning Germany's top honey brand for growth in China,Langnese：德国第一蜂蜜品牌在中国重新找位置
Work index / Card 11 / Category,Consulting & Strategy,咨询与策略
Work index / Card 11 / Result,Nine-pillar repositioning framework opened new channels and new audiences,九条增长主线，打开了新渠道和新人群
Work index / Platforms / Douyin,Douyin,抖音
Work index / Platforms / RedNote,RedNote,小红书
Work index / Platforms / WeCom,WeCom,企微
Work index / Platforms / WeChat,WeChat,微信
Work index / Platforms / Weibo,Weibo,微博
Work index / Platforms / Tmall,Tmall,天猫
Work index / Empty state,No case studies match the selected filters.,当前筛选条件下没有匹配的案例。
Work index / CTA / Overline,Ready to start?,下一个就是你
Work index / CTA / Headline,Your brand could be the next case study.,下一个跑出结果的品牌，可能就是你。
Work index / CTA / Body,Fixed scope. Fixed price. Results you can measure.,范围固定，一口价，结果看得见。
Work index / CTA / Button,Book a call,预约通话
Work / Viessmann / Meta / Title,Viessmann China Social Commerce Case Study | TheRedScroll,Viessmann：中国社交电商案例 | TheRedScroll
Work / Viessmann / Meta / Description,"How Viessmann used Douyin, RedNote, and WeCom to drive eCommerce sales in China. Social media strategy, KOL campaigns, and livestream results.",Viessmann怎么靠抖音、小红书、企微把中国线上销量做起来。社媒打法、KOL项目、直播带货的真实结果。
Work / Viessmann / Hero / Overline,Case study,客户案例
Work / Viessmann / Hero / Headline,Viessmann: how social drove eCommerce growth in China.,Viessmann：社媒怎么把中国线上销量做起来。
Work / Viessmann / Hero / Subhead,"Viessmann needed social media in China to drive eCommerce sales. We built a system across Douyin, RedNote, and WeCom that delivered steady growth.",Viessmann想靠社媒把国内线上销量拉起来。我们在抖音、小红书和企微上搭了一整套运营，每个月都在稳定增长。
Work / Viessmann / Hero / Button primary,Book a call,预约通话
Work / Viessmann / Hero / Button secondary,Read the case study,看完整案例
Work / Viessmann / Meta bar / Client label,Client,客户背景
Work / Viessmann / Meta bar / Industry label,Industry,行业
Work / Viessmann / Meta bar / Industry value,Climate systems,暖通空调
Work / Viessmann / Meta bar / Services label,Services,服务内容
Work / Viessmann / Meta bar / Services list,"Campaign, eCommerce, Influencer / KOL, Livestream, Media, Social","Campaign, 电商, KOL项目, 直播, 媒介, 社媒"
Work / Viessmann / Meta bar / Platforms label,Platforms,平台
Work / Viessmann / Meta bar / Platforms list,"Douyin, RedNote, WeCom, Tmall, JD","抖音, 小红书, 企微, 天猫, 京东"
Work / Viessmann / The Client / Overline,The client,客户背景
Work / Viessmann / The Client / Heading,Heating technology since 1917. China was the hard part.,百年暖通品牌，中国市场始终是一块没啃下来的硬骨头。
Work / Viessmann / The Client / Paragraph 1,"Viessmann has been building heating technology since 1917. Now part of Carrier, they sell climate systems across dozens of markets. Heating, water, air quality, renewable energy.",Viessmann从1917年开始做暖通系统，现在归在Carrier旗下，产品卖到全球几十个市场，涵盖供暖、热水、空气净化和新能源。
Work / Viessmann / The Client / Paragraph 2,"China was the hard part. They had Tmall and JD stores already, products listed, storefronts live. But traffic was thin. And in China, that's really a social media problem. Consumers find brands on social first. Then they buy. Viessmann needed content that actually got people to the store.",中国市场一直是块硬骨头。天猫和京东旗舰店早就开好了，产品齐全，店铺也一直在跑。问题是没流量。在中国，这说到底是社媒的事。消费者要先在社媒上认识一个品牌，才会去下单。Viessmann缺的，是能把人带去店铺的那种内容。
Work / Viessmann / Image caption 1,"Viessmann's Tmall flagship store. Products were listed, but traffic was thin.",Viessmann天猫旗舰店。产品都上架了，但流量远远不够。
Work / Viessmann / What we did / Overline,What we did,服务内容
Work / Viessmann / What we did / Heading,"Three platforms, each with a different job.",三个平台，各干各的活。
Work / Viessmann / What we did / Intro,"We built a system connecting social platforms to Viessmann's eCommerce stores. Three platforms, each with a different job.",我们搭了一整套从社媒直接通到Viessmann电商店铺的运营。三个平台，每个平台都有自己的活要干。
Work / Viessmann / Douyin / Heading,Douyin: where the traffic came from,抖音：负责引流
Work / Viessmann / Douyin / Paragraph 1,"We produced short videos about heating, but not the way an engineer would explain it. We talked about warmer homes. Lower energy bills. A house that handles winter without turning into a money pit.",我们做暖通题材的短视频，但不用工程师的口吻。讲的是家里更暖、电费更省、冬天不用再省着过日子。
Work / Viessmann / Douyin / Paragraph 2,We ran product demos and livestream sessions that sent viewers straight to the Tmall store. It worked. Douyin quickly became one of Viessmann's biggest sources of new online buyers.,再加上产品演示和直播专场，直接把用户导到天猫旗舰店。效果很快就出来了。抖音很快成了Viessmann线上新客最主要的来源之一。
Work / Viessmann / RedNote / Heading,RedNote: where the research happened,小红书：做功课和拍板的地方
Work / Viessmann / RedNote / Paragraph 1,"Heating systems cost real money, and people in China do serious research before committing. So we made sure Viessmann showed up in that research. Product reviews, installation guides, homeowner stories.",暖通系统是大件消费，国内用户下手之前会做很多功课。所以Viessmann必须出现在搜索结果里。产品测评、安装攻略、真实业主的使用分享。
Work / Viessmann / RedNote / Paragraph 2,"We ran KOL campaigns and seeded KOC content across the platform. The goal was simple: when someone searched ""best heating system"" on RedNote, Viessmann should come up with proof. Not promises.","KOL合作和KOC笔记同时铺。逻辑很简单：有人在小红书搜""哪个暖通系统好""的时候，Viessmann得带着实证出现，不能只剩一句空话。"
Work / Viessmann / WeCom / Heading,WeCom: where conversations converted,企微：把聊天聊成成交
Work / Viessmann / WeCom / Paragraph 1,"Before buying, customers had all kinds of questions. What size system do I need? Will it work with my floor plan? Our team handled that through WeCom, in Chinese, in real time.",用户下单之前有一堆问题。家里要多大功率？和我的户型合不合适？我们的团队在企微上用中文实时回答。
Work / Viessmann / WeCom / Paragraph 2,"After the sale, that same thread became the service channel. Installation support, maintenance bookings, follow-ups. One conversation from first question to long-term client.",成交之后，同一个聊天窗口直接变成售后通道。安装跟进、维保预约、定期回访。从第一条咨询到老客户，整条线都在同一个窗口里跑。
Work / Viessmann / Image caption 2,Viessmann's Tmall store: brand story and membership service flow.,Viessmann天猫旗舰店：品牌故事和会员体系。
Work / Viessmann / Ground team callout,"None of this was managed from somewhere else. Our team ran it from China. Native speakers on every platform, adjusting content week by week based on what was actually getting traction.",这些都不是远程遥控出来的。全部由国内本地团队自己跑。每个平台都有本地运营盯着，每周根据真实数据调内容。
Work / Viessmann / The Outcome / Overline,The outcome,项目成果
Work / Viessmann / The Outcome / Heading,"From new storefronts to real, consistent sales channels.",从展示橱窗，变成每天都在出货的销售渠道。
Work / Viessmann / The Outcome / Paragraph 1,"Within roughly two years, Viessmann's online revenue in China was growing month over month. Tmall and JD went from new storefronts to real, consistent sales channels.",两年，Viessmann在国内的线上营收每个月都在往上走。天猫和京东从一个挂着产品的展示橱窗，变成了真的每天都在出货的销售渠道。
Work / Viessmann / The Outcome / Paragraph 2,"But the revenue is only part of it. Look at what's running underneath. Douyin fills the top of the funnel. RedNote warms up serious buyers. WeCom converts them and keeps them around. And now offline retail, distributors, even the service partners are plugged into that same loop.",但营收只是一部分。更关键的是这套运营是怎么跑起来的。抖音负责把人引进来。小红书负责养有购买意向的用户。企微负责把人变成长期客户。到现在，线下门店、经销商和售后服务商都接进了这条链路。
Work / Viessmann / The Outcome / Paragraph 3,The brief was pretty straightforward. Don't just sell online. Make every channel push in the same direction. That's what got built.,一开始的需求很简单：不只是把线上销量做起来，还要让每个渠道往同一个方向使劲。我们干的就是这件事。
Work / Viessmann / Your turn / Overline,Your turn,下一个就是你
Work / Viessmann / Your turn / Headline,Want to build a social-to-commerce engine for your brand in China?,想给你的品牌在中国搭一套社交电商？
Work / Viessmann / Your turn / Body,Fixed scope. Fixed price. Team on the ground.,范围固定，一口价，团队就在国内。
Work / Viessmann / Your turn / Button,Book a call,预约通话
Work / Jaguar Land Rover / Meta / Title,JLR China Social Media Case Study | TheRedScroll,捷豹路虎 中国社媒案例 | TheRedScroll
Work / Jaguar Land Rover / Meta / Description,"How Jaguar Land Rover used Douyin, RedNote, and WeChat to reach younger Chinese consumers. Social content, KOL campaigns, and UGC results.",捷豹路虎怎么用抖音、小红书、微信打进国内更年轻的那群潜在车主。社媒内容、KOL合作、UGC跑出来的真实结果。
Work / Jaguar Land Rover / Hero / Overline,Case study,客户案例
Work / Jaguar Land Rover / Hero / Headline,Jaguar Land Rover: reaching younger consumers through social in China.,捷豹路虎：用社媒打动中国更年轻的那群买家。
Work / Jaguar Land Rover / Hero / Subhead,"Jaguar Land Rover needed to reach younger buyers in China. We built a social strategy across Douyin, RedNote, and WeChat that shifted brand relevance.",捷豹路虎要打进国内更年轻的那批潜在车主。我们在抖音、小红书、微信上搭起一套社媒打法，把品牌形象往另一个方向推。
Work / Jaguar Land Rover / Hero / Button primary,Book a call,预约通话
Work / Jaguar Land Rover / Hero / Button secondary,Read the case study,查看案例
Work / Jaguar Land Rover / Meta bar / Industry,Automotive / Luxury,汽车 / 奢侈品
Work / Jaguar Land Rover / Meta bar / Services list,"Campaign, eCommerce, Influencer / KOL, Livestream, Media, Social","Campaign, KOL项目, UGC, 内容制作, 社媒"
Work / Jaguar Land Rover / The Client / Overline,The client,客户背景
Work / Jaguar Land Rover / The Client / Heading,Over a century of British design. The problem in China was age.,百年英伦设计底蕴。在中国，问题卡在年龄层。
Work / Jaguar Land Rover / The Client / Paragraph 1,"Jaguar Land Rover makes some of the most recognizable vehicles in the world. Luxury SUVs, performance cars, over a century of British design behind them. The kind of brand people have opinions about.",捷豹路虎做过世界上辨识度最高的那批车。豪华SUV、跑车，一个多世纪的英伦设计底子。几乎人人都对这个品牌有印象。
Work / Jaguar Land Rover / The Client / Paragraph 2,"In China, the problem was age. JLR had good recognition with established, older buyers. But younger Chinese consumers, the ones who'll actually be buying luxury cars in the next five to ten years, just weren't paying attention. Not on social, not anywhere that mattered.",但在中国，问题卡在年龄层。在成熟、有钱的车主里，JLR的认知度不差。可年轻一代的国内消费者，也就是未来五到十年真正会买豪华车的那群人，对它没兴趣。社媒上没有，别的地方也没有。
Work / Jaguar Land Rover / The Client / Paragraph 3,JLR needed to show up where that audience lives. And the content had to feel native to how they actually consume it.,JLR得出现在这群人活跃的地方，说话的方式也得合他们的胃口。
Work / Jaguar Land Rover / Image caption 1,Social content produced for JLR's Chinese audience. Range Rover centenary series and Jaguar heritage calendar.,为JLR中国受众制作的社媒内容。Range Rover百年系列和Jaguar经典日历。
Work / Jaguar Land Rover / What we did / Overline,What we did,我们做的事
Work / Jaguar Land Rover / What we did / Heading,Getting Jaguar Land Rover into the feed of younger luxury consumers.,把捷豹路虎送进年轻奢侈品消费者的信息流。
Work / Jaguar Land Rover / What we did / Intro,"We ran social content across Douyin, RedNote, and WeChat. Everything aimed at one thing: getting Jaguar Land Rover into the feed of younger luxury consumers in China.",抖音、小红书、微信三个平台同时铺。只有一个目标，让捷豹路虎出现在国内年轻奢侈品消费者的信息流里。
Work / Jaguar Land Rover / Visual content / Heading,Visual content came first,视觉内容先走一步
Work / Jaguar Land Rover / Visual content / Paragraph 1,"Short videos and image series that showed off JLR's design and engineering, but produced specifically for how content performs on Douyin and RedNote. Cinematic, fast-paced, vertical.",短视频加图片系列，专门讲JLR的设计和工艺，全按抖音、小红书的节奏来。电影感，节奏快，竖屏。
Work / Jaguar Land Rover / Visual content / Paragraph 2,All shot and edited in China for the Chinese market. Not adapted global campaigns. This was made here.,所有内容都在国内拍、国内做，专门给中国市场用。不是拿全球素材二次剪辑，是从零开始的原创。
Work / Jaguar Land Rover / Image caption 2,"Douyin content: cinematic, vertical, made in China for the Chinese market.",抖音内容：电影质感、竖屏构图，在中国本地为中国市场制作。
Work / Jaguar Land Rover / Brand storytelling / Heading,Brand storytelling that resonated,品牌故事开始引起共鸣
Work / Jaguar Land Rover / Brand storytelling / Paragraph 1,"We built narrative content around innovation, adventure, and what modern luxury actually looks like to someone in their twenties or thirties. Mini-docs, behind-the-scenes series, lifestyle pieces that tied the vehicles to real experiences.",我们围绕几个主题做了一批叙事内容：创新、探索，还有当代奢华对二三十岁这一代到底意味着什么。微纪录片、制造工艺幕后，加上把车和真实生活连起来的日常画面。
Work / Jaguar Land Rover / Brand storytelling / Paragraph 2,We weren't trying to make JLR seem younger. The brand already fits how a new generation thinks about driving. We just had to show that.,我们不是要硬把JLR装嫩。这个品牌本身就配得上新一代人对驾驶的理解，只是这一层一直没被讲清楚。
Work / Jaguar Land Rover / UGC / Heading,UGC did the heaviest lifting,真正跑出圈的是UGC
Work / Jaguar Land Rover / UGC / Paragraph 1,"We set up hashtag challenges and contests to get real owners and fans making their own JLR content. Road trips, city drives, weekend stuff. The best posts weren't the polished ones. They were the genuine moments, slightly messy, clearly real.",我们发起话题挑战和征集活动，让真实车主和爱好者自己拍自己那台JLR。长途自驾、城市通勤、周末出门。跑得最好的不是做得最精致的那批视频，而是真实、有点粗糙、一看就不是摆拍的瞬间。
Work / Jaguar Land Rover / UGC / Paragraph 2,That kind of organic content outperforms anything a brand account can put out.,这类用户自己发的内容，数据一直都比官方账号发的要好。
Work / Jaguar Land Rover / Image caption 3,"Douyin short videos: product showcases, lifestyle content, and UGC from real owners.",抖音短视频：产品展示、生活方式内容，以及真实车主的UGC。
Work / Jaguar Land Rover / Ground team callout,"Our team ran all of this from China. Content production, community management, KOL coordination, weekly tweaks to what was running. Native speakers making calls on the ground.",整个项目从头到尾由我们中国本地团队把关。内容制作、社群运营、KOL对接，每周复盘真实数据。母语运营，第一线做判断。
Work / Jaguar Land Rover / The Outcome / Overline,The outcome,项目成果
Work / Jaguar Land Rover / The Outcome / Heading,From recognized to relevant with a whole new audience.,"从""听说过""到""真的开始在意""。"
Work / Jaguar Land Rover / The Outcome / Paragraph 1,"Engagement went up across all three platforms. Follower growth picked up, Douyin and RedNote especially. And the UGC campaigns brought a steady flow of organic content from younger consumers who were now talking about Jaguar Land Rover on their own.",三个平台的互动量整体都起来了。粉丝增速明显加快，抖音和小红书跑在最前面。UGC项目源源不断地带来原创内容，年轻用户开始自己聊起捷豹路虎。
Work / Jaguar Land Rover / The Outcome / Paragraph 2,The brand went from being recognized to being relevant with a whole new audience. That's not just a follower count. That's the kind of shift that turns future browsers into future buyers.,"品牌从""被认识""变成了在新人群里""真的有人在意""。这不只是粉丝数量的事。这一步走通之后，未来走进门店看车的人，更有可能真的坐进驾驶位。"
Work / Jaguar Land Rover / Your turn / Overline,Your turn,下一个就是你
Work / Jaguar Land Rover / Your turn / Headline,Want to grow your brand with China's next generation of consumers?,想把品牌打进中国新一代消费者的视野？
Work / Jaguar Land Rover / Your turn / Body,Fixed scope. Fixed price. Team on the ground.,范围明确，报价透明，本地团队执行。
Work / Jaguar Land Rover / Your turn / Button,Book a call,预约通话
Work / JAC Motors / Meta / Title,JAC Motors China Social Media Case Study | TheRedScroll,JAC江淮 中国社媒案例 | TheRedScroll
Work / JAC Motors / Meta / Description,"How JAC Motors built a real social community on WeChat, RedNote, and Weibo. AI-powered content, Olympic campaign, and global crossover results.",JAC江淮怎么在微信、小红书、微博搭起一个真正活跃的品牌社群。AI内容、奥运战役，以及从国内一路传到海外的影响力。
Work / JAC Motors / Hero / Overline,Case study,客户案例
Work / JAC Motors / Hero / Headline,JAC Motors: building a social community for a Chinese auto giant.,JAC江淮：帮一家国内车企把社群真正做起来。
Work / JAC Motors / Hero / Subhead,"JAC Motors needed more than posts. We built a community across WeChat, RedNote, and Weibo using AI-powered content that went global on its own.","JAC要的远不止""每天发帖""这件事。我们在微信、小红书、微博搭起了一个真正的品牌社群，再用AI驱动的内容把影响力带出了国门。"
Work / JAC Motors / Hero / Button primary,Book a call,预约通话
Work / JAC Motors / Hero / Button secondary,Read the case study,查看案例
Work / JAC Motors / Meta bar / Industry,Automotive / EV,汽车 / 新能源
Work / JAC Motors / Meta bar / Services list,"Campaign, Content Production, Social, AI-Powered Content","Campaign, 内容制作, 社媒, AI内容"
Work / JAC Motors / The Client / Overline,The client,客户背景
Work / JAC Motors / The Client / Heading,10 million vehicles sold. Social presence that didn't match.,累计销量1000万辆，社媒表现却差得远。
Work / JAC Motors / The Client / Paragraph 1,"JAC is one of China's biggest car manufacturers. More than 30 years in the business, over 10 million vehicles sold worldwide. They make passenger cars, EVs, commercial trucks. Big company, serious footprint.",JAC是中国最大的汽车制造商之一。三十多年的积累，全球累计销量超过1000万辆。乘用车、新能源车、商用车都有。规模大，底子厚。
Work / JAC Motors / The Client / Paragraph 2,"But their social media didn't reflect any of that. Content was going out on WeChat, RedNote, and Weibo regularly enough. The problem was nobody was really engaging with it. Low comments, low shares, no real sense of community.",可他们的社媒完全没把这些体现出来。微信、小红书、微博每天都在按时更新。问题是几乎没人真在互动。评论很少，转发更少，完全没有社群的感觉。
Work / JAC Motors / The Client / Paragraph 3,"For a company that size, the gap between their market position and their social presence was pretty hard to ignore.",一家这种体量的企业，市场地位和社媒表现之间的落差，已经大到没法再忽视。
Work / JAC Motors / Image caption 1,"WeChat content: product launches, Olympic campaign, and global expansion stories. Scroll to see more.",微信内容：新车发布、奥运Campaign和全球化叙事。左右滑动查看更多。
Work / JAC Motors / What we did / Overline,What we did,服务内容
Work / JAC Motors / What we did / Heading,Rebuild content from scratch. Build a community that feels real.,内容从零开始重做，让社群真的有归属感。
Work / JAC Motors / What we did / Paragraph 1,We took over content across all three platforms. JAC didn't just want more posts going out. They wanted to become a brand that people in the auto world actually follow. And they wanted the community around them to feel like something real. Built on trust and a shared identity.,我们接手了三个平台的内容运营。JAC要的不是多发几条帖子，而是要真正成为汽车圈愿意主动关注的品牌。他们想要的，是一个建立在信任和身份认同上的社群。
Work / JAC Motors / What we did / Paragraph 2,"So we rebuilt the content from scratch around three ideas: automotive knowledge, human stories from inside and around JAC, and actually talking with the audience instead of at them.",所以我们把内容从零重做，围绕三条主线：过硬的汽车专业知识，JAC内部和周边的人物故事，还有和用户真正的对话，不再是品牌自说自话。
Work / JAC Motors / AI / Heading,AI was central to how we produced,AI贯穿整个内容生产流程
Work / JAC Motors / AI / Paragraph 1,"We used HubStudio.ai to create personalized visual content at a pace that traditional production can't touch. AI also handled performance tracking across all three platforms, which meant we could see what was landing and adjust that same week.",我们用HubStudio.ai产出定制化视觉内容，速度比传统做法快很多。AI也负责三个平台的数据监测，让我们当下就能看出哪条内容跑得动，同一周内就能调好。
Work / JAC Motors / AI / Paragraph 2,"Our creative team built everything platform by platform. What went on WeChat looked different from what went on RedNote. Different format, different tone, different audience.",创意团队按平台分别做内容。微信上的内容和小红书上的完全是两回事。格式不同，语气不同，用户也不同。
Work / JAC Motors / Content strategy / Heading,Content that earns attention,让人愿意停下来看的内容
Work / JAC Motors / Content strategy / Paragraph 1,"We positioned JAC as a source of real automotive knowledge. Technical breakdowns, behind-the-scenes manufacturing stories, owner spotlights showing what JAC vehicles look like in daily life. The kind of content you'd actually stop scrolling for.",我们把JAC的定位重新做成一个真正的汽车知识输出者。技术解析、生产线幕后、车主真实用车故事。那种让人愿意停下来认真看完的内容。
Work / JAC Motors / Content strategy / Paragraph 2,It took a few months. But eventually the shift was obvious. Comments got longer. People started tagging friends. Shares climbed. The accounts went from feeling like a corporate broadcast to a place people came back to on their own.,头几个月得耐着性子做。但变化慢慢就看得出来了。评论越写越长。用户开始@自己的朋友。转发量也上来了。账号从一个只负责对外广播的企业号，变成了用户愿意主动回来看的地方。
Work / JAC Motors / Image caption 2,Global campaign content: E30X athlete collaboration and Iraq market launch.,全球化营销内容：E30X运动员联名，以及伊拉克市场发布。
Work / JAC Motors / J-Bot / Overline,The Olympic J-Bot campaign,J-Bot奥运Campaign
Work / JAC Motors / J-Bot / Heading,AI-designed mascot goes global without a global campaign.,一个AI生成的吉祥物，没有全球推广预算，却传到了全世界。
Work / JAC Motors / J-Bot / Paragraph 1,"The J-Bot campaign is where the community work paid off in a big way. We used AI to redesign JAC's mascot into six Olympic-themed versions. The J-Bot visuals went up across WeChat, RedNote, and Weibo. The response was immediate. High engagement, high shares, organic reach well beyond JAC's existing followers.",J-Bot这一波，是社群建设真正开始回本的那一刻。我们用AI把JAC的吉祥物重新设计成六个奥运主题版本。J-Bot的视觉在微信、小红书、微博同步发出去，反应立刻就来了。高互动、大量转发，自然流量早就超出JAC原有粉丝的范围。
Work / JAC Motors / J-Bot / Paragraph 2,What happened next wasn't part of the plan. JAC's international teams saw the J-Bot content and started reposting it on Facebook and Instagram on their own. Nobody briefed them. They just saw it working and grabbed it.,接下来的事完全没想到。JAC的海外团队看到J-Bot之后，自己直接把内容转到了Facebook和Instagram上。没人要求他们这么做，他们就是觉得效果好，拿去用了。
Work / JAC Motors / J-Bot / Paragraph 3,Content made for Chinese social platforms ended up going global without anyone planning a separate campaign for it. That doesn't happen with average creative.,一批专门给中国社媒做的内容，没有独立的海外推广计划，自己跑到了全球。普通内容做不到这一点。
Work / JAC Motors / Image caption 3,The J-Bot campaign crossed over from Chinese social to JAC's global Facebook page without a separate brief.,J-Bot Campaign从中国社媒一路传到了JAC的全球Facebook主页，全程没有单独策划海外版本。
Work / JAC Motors / Closing callout,"The campaign strengthened JAC's image as an innovative brand and connected their Chinese audience with their global one. Turns out, good community content doesn't need a passport.",这一波战役坐实了JAC的创新品牌形象，也在国内用户和海外用户之间搭起了一座桥。事实证明，真正好的社群内容，不需要护照。
Work / JAC Motors / Your turn / Overline,Your turn,下一个就是你
Work / JAC Motors / Your turn / Headline,Want to turn your social channels into a real community?,想把自己的社媒账号做成一个真正的品牌社群？
Work / JAC Motors / Your turn / Body,Fixed scope. Fixed price. Team on the ground.,范围明确，报价透明，本地团队执行。
Work / JAC Motors / Your turn / Button,Book a call,预约通话
Work / iGuzzini / Meta / Title,iGuzzini China Social Media Case Study | TheRedScroll,iGuzzini 中国社媒案例 | TheRedScroll
Work / iGuzzini / Meta / Description,"How iGuzzini used WeChat, RedNote, and Weibo to reach Chinese luxury consumers. Social strategy, KOL campaigns, and 24 months of steady growth.",iGuzzini怎么用微信、小红书、微博走进国内高端消费者的视野。社媒运营加KOL合作，24个月稳步增长。
Work / iGuzzini / Hero / Overline,Case study,客户案例
Work / iGuzzini / Hero / Headline,iGuzzini: how social built a luxury lighting brand in China.,iGuzzini：高端照明品牌在中国站稳脚跟。
Work / iGuzzini / Hero / Subhead,iGuzzini was known to architects in China but invisible to consumers. We built a social presence that turned a B2B brand into a luxury household name.,在国内建筑师圈子里，iGuzzini声名不小，普通消费者却很少听说。我们用社媒把这个B2B品牌做进了中国高端消费者的视野。
Work / iGuzzini / Hero / Button primary,Book a call,预约通话
Work / iGuzzini / Hero / Button secondary,Read the case study,查看案例
Work / iGuzzini / Meta bar / Industry,Luxury lighting / Design,高端照明 / 设计
Work / iGuzzini / Meta bar / Services list,"Brand Experience, Campaign, eCommerce, Influencer / KOL, Livestream, Media, Social","品牌体验, Campaign, 电商, KOL项目, 直播, 媒介, 社媒"
Work / iGuzzini / The Client / Overline,The client,客户背景
Work / iGuzzini / The Client / Heading,Architects knew iGuzzini. Consumers didn't.,建筑师都知道iGuzzini，普通消费者却不熟。
Work / iGuzzini / The Client / Paragraph 1,"iGuzzini has been making architectural lighting since 1959. Museums, hotels, public spaces, high-end homes. It's the kind of product architects specify by name on project drawings. In the design world, the brand carries serious weight.",iGuzzini从1959年开始做建筑照明，做的是博物馆、酒店、公共空间和高端住宅。建筑师画图纸时会直接点名要这个牌子。在设计圈子里，它的份量很重。
Work / iGuzzini / The Client / Paragraph 2,"In China, that reputation was narrow. Architects knew iGuzzini. Consumers didn't. The brand wanted to reach the people who actually buy premium lighting for their homes and projects. Not just specifiers. The decision-makers who care about design and are willing to pay for it.",但在中国，这层知名度只停在专业圈里。建筑师熟，消费者不熟。品牌想打动的，是那些会亲自为自家住宅挑灯的人。不只是指定型号的设计师，也包括愿意为好设计花钱的终端买家。
Work / iGuzzini / The Client / Paragraph 3,Here's what made this one tricky. Nobody scrolls RedNote looking for pendant lamps. Most people buy lighting through a contractor or a designer they trust. So we had to get people interested in buying something they didn't know they could buy directly.,"难就难在这里。没人会在小红书上专门搜""吊灯""。灯具一般是施工队或者设计师替业主拍板。我们得让消费者对一个自己从没想过要亲手挑的品类，开始有想法。"
Work / iGuzzini / Image caption 1,"Social product content: Sinolo wireless table lamp and Conero pendant, produced for WeChat and RedNote.",社媒产品内容：Sinolo无线台灯和Conero吊灯，专为微信、小红书定制。
Work / iGuzzini / What we did / Overline,What we did,服务内容
Work / iGuzzini / What we did / Heading,"Three platforms, each doing different work for the same brand.",三个平台，一个目标。
Work / iGuzzini / What we did / Intro,"We ran iGuzzini's social content across WeChat, RedNote, and Weibo. Everything produced and managed by our team in China.",微信、小红书、微博三个号都是我们在做。从策划到执行，全部由国内本地团队跑。
Work / iGuzzini / WeChat / Heading,WeChat was home base,微信作为品牌主阵地
Work / iGuzzini / WeChat / Paragraph,"Project showcases, designer collaborations, product launches. iGuzzini lighting shown in real settings. Hotels, galleries, private homes. Content that made people think about what good lighting does to a space, not what the fixture looks like in a catalog.","项目案例、设计师合作、新品发布。我们把iGuzzini的灯放回真实场景：酒店、画廊、私宅。让读者开始想""好灯光能让一个空间变成什么样""，而不是翻目录挑型号。"
Work / iGuzzini / RedNote / Heading,RedNote was the hardest and most important piece,小红书：最难做，也最关键
Work / iGuzzini / RedNote / Paragraph 1,"We worked with interior designers, architects, and renovation KOLs to feature iGuzzini in real projects. Posts that got saved, sent to contractors, used as references. KOC content with design-focused micro-influencers built organic credibility at volume.",我们找室内设计师、空间设计师和家装KOL合作，让iGuzzini出现在真实的装修项目里。用户把笔记一收藏，转头就发给施工方做选品参考。再加上大量设计类KOC的种草，真实口碑慢慢起来了。
Work / iGuzzini / RedNote / Paragraph 2,"Weibo gave us broader reach. Campaign launches, design events, trending architecture content. It put the name in front of people who hadn't been looking for a lighting brand.",微博负责更大面积的曝光。活动事件、设计行业动态、建筑话题。让品牌出现在那些本来不会主动搜照明品牌的人面前。
Work / iGuzzini / Livestream / Heading,Livestreams turned out to be the perfect format,直播是效果最好的内容形式
Work / iGuzzini / Livestream / Paragraph 1,"Lighting looks completely different installed than in a photo. Our sessions showed pieces in real rooms, walked through the design thinking, answered questions live. Seeing the light actually working in a space was what got people to pay attention.",灯装上墙之后的样子，和照片里完全是两回事。直播就在真实空间里点亮，把设计背后的考虑讲清楚，当场回答观众的问题。亲眼看灯光怎么把一个空间撑起来，这一点最能留住人。
Work / iGuzzini / Livestream / Paragraph 2,"HubStudio.ai kept the content pipeline full. Product visuals, lifestyle imagery, social assets. When you're making different content for three platforms at the same time, that matters.",HubStudio.ai让内容产出的节奏跟得上。产品图、场景图、社媒素材。三个平台同时供稿，每个平台风格还不一样，这一点很关键。
Work / iGuzzini / Image caption 2,eCommerce visuals and Tmall flagship store. Social did the heavy lifting before consumers reached the checkout.,电商视觉与天猫旗舰店。消费者点进来之前，种草工作早就在社媒上做完了。
Work / iGuzzini / The Outcome / Overline,The outcome,项目成果
Work / iGuzzini / The Outcome / Heading,From trade circles to luxury consumers in 24 months.,24个月，从专业小圈子走进高端消费者的视线。
Work / iGuzzini / The Outcome / Paragraph 1,"Over 24 months, iGuzzini went from a name known only in trade circles to a brand Chinese luxury consumers actually recognized. Engagement from designers and from consumers buying for their own spaces both went up, month over month.",24个月，iGuzzini从一个只在专业圈里被提起的名字，变成了国内高端消费者真正认得的品牌。设计师和终端消费者的互动，一月比一月多。
Work / iGuzzini / The Outcome / Paragraph 2,"Tmall sales backed it up. Good numbers, steady growth. But the store worked because the social channels had already done the heavy lifting. People bought because they'd been following on WeChat, or saved a post on RedNote weeks earlier, or watched a livestream that showed them exactly what the product looks like in an actual living room.",天猫的销售数据也能说明问题。增长稳扎稳打。店铺跑得起来，是因为社媒早就把种草做完了。消费者下单，是因为他们在微信上关注过这个品牌，几周前在小红书收藏过一条笔记，或者在某场直播里看见过这盏灯装在真实客厅里的样子。
Work / iGuzzini / Callout,The brand didn't just show up in a new market. It got Chinese luxury consumers to think differently about how they buy lighting. That's harder than it sounds.,品牌不只是在一个新市场露了个脸。它让国内高端消费者开始重新想，怎么挑灯具这件事。这一步比看上去难得多。
Work / iGuzzini / Your turn / Overline,Your turn,下一个就是你
Work / iGuzzini / Your turn / Headline,Want to build a luxury brand presence on China's social platforms?,想在中国社媒上做起一个高端品牌？
Work / iGuzzini / Your turn / Body,Fixed scope. Fixed price. Team on the ground.,范围明确，报价透明，本地团队执行。
Work / iGuzzini / Your turn / Button,Book a call,预约通话
Work / Camper / Meta / Title,Camper China Social Media Case Study | TheRedScroll,Camper 中国社媒案例 | TheRedScroll
Work / Camper / Meta / Description,"How Camper grew from 43K to 187K followers on WeChat, RedNote, and Weibo. Social strategy that drove 31% same-store sales growth in Chinese cities.",Camper怎么在微信、小红书、微博把粉丝从4.3万做到18.7万，同时带动门店销售同比涨31%。
Work / Camper / Hero / Overline,Case study,客户案例
Work / Camper / Hero / Headline,Camper: growing a design brand on China's social platforms.,Camper：一个设计师鞋履品牌，在中国社媒上做起来。
Work / Camper / Hero / Subhead,Camper needed social growth in China without losing its design identity. We grew followers 4x and drove 31% same-store sales growth in 18 months.,Camper想在中国社媒上做增长，又不想丢掉自己的设计底色。18个月里，我们把粉丝做到了原来的四倍多，门店销售同比涨了31%。
Work / Camper / Hero / Button primary,Book a call,预约通话
Work / Camper / Hero / Button secondary,Read the case study,查看案例
Work / Camper / Meta bar / Industry,Fashion / Footwear,时尚 / 鞋履
Work / Camper / Meta bar / Services list,"Campaign, Content Production, Influencer / KOL, Social","Campaign, 内容制作, KOL项目, 社媒"
Work / Camper / The Client / Overline,The client,客户背景
Work / Camper / The Client / Heading,Shoes from Mallorca since 1975. Social in China wasn't keeping up.,来自马略卡岛的鞋履品牌，1975年创立。在中国的社媒表现一直没起色。
Work / Camper / The Client / Paragraph 1,"Camper has been making shoes in Mallorca since 1975. Unconventional design, Mediterranean craftsmanship, comfort over trends.",Camper从1975年开始在马略卡岛做鞋。独特的设计语言、地中海的手工传统，舒服永远排在潮流前面。
Work / Camper / The Client / Paragraph 2,"In China, they had accounts on WeChat, Weibo, and RedNote with a combined 43,000 followers. Engagement at 1.2%. Stores in tier-one cities, but social wasn't driving people into them. The brand needed growth, but not at any cost. Camper's design identity had to come through in everything. No discount campaigns, no generic lifestyle posts.","在中国，品牌在微信、微博、小红书加起来43,000粉丝，互动率只有1.2%。一线城市有实体门店，社媒却完全没在给门店带客流。品牌需要增长，但不能靠牺牲格调换。Camper的设计基因必须落进每一条内容里，不能打促销，也不能发那种千篇一律的生活方式图。"
Work / Camper / Image caption 1,"Camper's social presence across RedNote and WeChat. KOL collaborations, brand stories, and designer partnerships.",Camper在小红书和微信上的内容。KOL合作、品牌故事、设计师联名。
Work / Camper / What we did / Overline,What we did,服务内容
Work / Camper / What we did / Heading,Content built around what makes Camper worth following.,从Camper本身的价值里找内容。
Work / Camper / What we did / Intro,"Camper's target in China is design-conscious professionals, roughly 28 to 45. Not the audience that responds to hard sells. So we built content around what makes Camper worth following: design stories, artist collaborations, and how real people in Chinese cities actually wear the shoes.",Camper在中国的目标人群是看重设计感的职场人，28到45岁。这群人不吃硬广那一套。所以我们从Camper本身值得讲的事情入手：设计故事、艺术联名，还有国内城市里真实穿着这双鞋的人。
Work / Camper / RedNote / Heading,RedNote: where we focused the most energy,小红书：我们投入最多的平台
Work / Camper / RedNote / Paragraph,"We partnered with micro-influencers in architecture, interiors, and creative fields. Content went deep on why the shoes are made the way they are. Materials, construction, design intent. It pulled in a smaller audience than a fashion influencer push would have, but engagement was significantly higher.",我们找的是建筑、家居、创意行业的小号KOC。内容认真讲每一双鞋的设计起点：用料、做工、理念。这么做带来的粉丝量比常规时尚KOL少，但每一条互动的质量都明显更高。
Work / Camper / WeChat / Heading,WeChat: the longer stories,微信：做长线的品牌故事
Work / Camper / WeChat / Paragraph,Mini-documentaries from the Mallorca workshops. Behind-the-scenes of how Camper designs and builds their shoes. Content with enough substance that people actually had a reason to stay subscribed.,在马略卡岛工坊拍的微纪录片。Camper设计和制造的幕后，内容够扎实，读者愿意一直跟下去。
Work / Camper / Weibo / Heading,Weibo: for conversation,微博：把话题聊起来
Work / Camper / Weibo / Paragraph,One thread about whether shoes should be designed for how they feel or how they look ran for three days and pulled in thousands of comments.,"一场""鞋子该为舒服设计，还是为好看设计""的讨论，连烧三天，几千条评论。"
Work / Camper / Ground team callout,"Our team handled all of this from China. Native speakers, platform-specific content, weekly reviews to see what was and wasn't landing.",整个项目从头到尾由我们中国本地团队操盘。母语运营，内容按平台单独做，每周复盘：哪些在跑通，哪些要调整。
Work / Camper / Stat 1 / Label,Followers in 18 months,18个月粉丝增长
Work / Camper / Stat 2 / Label,Engagement rate (from 1.2%),互动率，原先1.2%
Work / Camper / Stat 3 / Label,eCommerce traffic from RedNote,电商流量来自小红书
Work / Camper / Stat 4 / Label,Same-store sales YoY,门店同店同比销售
Work / Camper / The Outcome / Overline,The outcome,项目成果
Work / Camper / The Outcome / Heading,The first few months were slow. Then things picked up.,头几个月跑得慢，之后开始起量。
Work / Camper / The Outcome / Paragraph 1,"Over 18 months, followers grew from 43,000 to 187,000. Engagement went from 1.2% to 4.7%, well above footwear benchmarks.","18个月，粉丝从43,000涨到187,000。互动率从1.2%拉到4.7%，远高于鞋履行业平均。"
Work / Camper / The Outcome / Paragraph 2,"RedNote was the surprise. Despite the smallest follower count, it drove 38% of all eCommerce traffic. Smaller audience, higher intent.",小红书是最大的惊喜。粉丝基数最小，却贡献了38%的电商流量。用户更精准，下单意愿也更强。
Work / Camper / The Outcome / Paragraph 3,The effect showed up in stores too. Same-store sales grew 31% year over year. Retention improved 22%. Purchase frequency moved from 1.3 to 2.1 per customer annually.,线下门店也跟着动起来。同店同比销售涨31%。客户复购率涨22%。人均年购买次数从1.3次涨到2.1次。
Work / Camper / Organic callout,"Three RedNote collaborators kept posting about Camper after the paid campaigns were done. No contract, no brief. They just liked the shoes. That kind of thing doesn't come from a campaign brief.",有三位小红书博主在付费合作结束后，还在自己继续发Camper相关的笔记。没有合同，没有brief，就是真的喜欢这双鞋。这种事是计划不出来的。
Work / Camper / Your turn / Overline,Your turn,下一个就是你
Work / Camper / Your turn / Headline,Want to grow a premium brand on China's social platforms?,想在中国社媒上做一个高端品牌？
Work / Camper / Your turn / Body,Fixed scope. Fixed price. Team on the ground.,范围明确，报价透明，本地团队执行。
Work / Camper / Your turn / Button,Book a call,预约通话
Work / Mission Foods / Meta / Title,Mission Foods China Social Media Case Study | TheRedScroll,Mission Foods：中国社媒案例 | TheRedScroll
Work / Mission Foods / Meta / Description,"How Mission Foods launched corn chips in China using WeChat, RedNote, and Weibo. Gen Z social campaigns, food pairing content, and community growth.",Mission Foods怎么用微信、小红书和微博在中国推出玉米片。面向Z世代的社媒打法、美食搭配内容和社群增长。
Work / Mission Foods / Hero / Overline,Case study,客户案例
Work / Mission Foods / Hero / Headline,Mission Foods: launching corn chips in China through social.,Mission Foods：用社媒把玉米片带进中国市场。
Work / Mission Foods / Hero / Subhead,Mission Foods needed to introduce corn chips to Chinese consumers who had never tried them. We built a social strategy that made an unknown snack category stick.,Mission Foods要让一群从没吃过玉米片的国内消费者认识这个东西。我们做了一套社媒打法，硬是把一个全新的品类带了进来。
Work / Mission Foods / Hero / Button primary,Book a call,预约通话
Work / Mission Foods / Hero / Button secondary,Read the case study,看完整案例
Work / Mission Foods / Meta bar / Industry,Food / FMCG,食品 / 快消
Work / Mission Foods / Meta bar / Services list,"Campaign, eCommerce, Influencer / KOL, Livestream, Media, Social","Campaign, 电商, KOL项目, 直播, 媒介, 社媒"
Work / Mission Foods / The Client / Overline,The client,客户背景
Work / Mission Foods / The Client / Heading,A global brand launching an unknown snack category in China.,一个全球品牌，在中国从零推出一个陌生的零食品类。
Work / Mission Foods / The Client / Paragraph 1,"Mission Foods is a global Mexican food brand and one of the world's largest tortilla producers. In China, they were launching corn chips. Strong brand globally, but corn chips are not really a thing in China.",Mission Foods是全球知名的墨西哥食品品牌，也是全球最大的玉米饼生产商之一。这次在中国推的是玉米片。品牌在海外的底子很厚，但玉米片在国内的零食习惯里几乎不存在。
Work / Mission Foods / The Client / Paragraph 2,Most consumers had never tried them. Many had never heard of them. And the target was Gen Z.,大多数人没吃过，很多人甚至没听过。而目标人群是Z世代。
Work / Mission Foods / Image caption 1,"Mission Foods social content across WeChat, Weibo, and RedNote. Food pairing campaigns and Gen Z snacking moments.",Mission Foods在微信、微博和小红书上的社媒内容。美食搭配内容和Z世代的零食场景。
Work / Mission Foods / What we did / Overline,What we did,服务内容
Work / Mission Foods / What we did / Heading,"Making corn chips feel local, not foreign.","让玉米片变得本土，而不是""洋气""。"
Work / Mission Foods / What we did / Intro,"We ran social campaigns and always-on content across WeChat, Weibo, and RedNote. The whole strategy came down to one thing: corn chips would only work in China if they stopped feeling foreign.","微信、微博、小红书三个号同时开跑，战役内容和日常运营都做。整个打法只围绕一个判断：玉米片在中国要能成，必须先不再像""外国货""。"
Work / Mission Foods / Food pairing / Heading,Food pairing content that answered the real question,美食搭配内容，回答用户最想问的问题
Work / Mission Foods / Food pairing / Paragraph 1,"We showed corn chips alongside Chinese food. Dipping sauces, hotpot companions, recipes mixing corn chip crunch with familiar Chinese flavors. It answered the question every consumer was thinking: how do I actually eat these?",我们拍玉米片配中国菜的吃法。蘸酱、火锅搭子、把酥脆口感和国内熟悉的味道凑在一起的创意食谱。正好回答了每个消费者心里的那句话：这东西到底怎么吃？
Work / Mission Foods / Food pairing / Paragraph 2,The pairings felt natural and showed respect for local food culture. That is what made them work.,搭配方式既自然，又尊重本地的饮食习惯。这就是它能打动人的原因。
Work / Mission Foods / Gen Z / Heading,Built around Gen Z snacking moments,围绕Z世代的零食场景做内容
Work / Mission Foods / Gen Z / Paragraph,"Casual hangouts, late-night cravings, sharing food with friends. Playful, fast, visual. The kind of stuff Gen Z saves and sends to group chats. Not brand-first. Snack-first.",轻松的聚会、深夜嘴馋、和朋友一起分享的时刻。好玩、节奏快、视觉感强。是那种Z世代会自己收藏然后扔到群聊里的内容。重点不是品牌，是零食本身。
Work / Mission Foods / KOLs / Heading,RedNote KOLs showed the product in real life,小红书KOL展示真实的吃法
Work / Mission Foods / KOLs / Paragraph,"Real kitchens, real snacking situations, genuine reactions. KOC seeding added organic volume and helped normalize corn chips as something people actually buy.",真实的厨房、真实的吃零食瞬间、真实的反应。KOC笔记也带来大量原生传播，把玉米片从一个陌生品类，做成真的有人会下单的产品。
Work / Mission Foods / Halloween / Heading,The Halloween campaign was the standout,万圣节战役是全年最高光的节点
Work / Mission Foods / Halloween / Paragraph 1,"Themed content around corn chips as the party snack. Costume visuals, snack platters, party setups. The timing was right. Halloween has been growing fast among Gen Z in China, and corn chips fit naturally.",主题内容把玉米片做成了派对必备零食。变装造型、拼盘、聚会场景。时机也刚好。万圣节这几年在国内Z世代里越来越火，玉米片很自然地嵌进了这个场景。
Work / Mission Foods / Halloween / Paragraph 2,The campaign drove a sharp spike in followers and engagement across all three platforms.,这一波在三个平台同时拉动了粉丝量和互动，涨幅都很明显。
Work / Mission Foods / WeChat / Heading,WeChat held it all together between campaigns,微信在战役之间的空窗期把用户留住
Work / Mission Foods / WeChat / Paragraph,"Recipes, product updates, seasonal promotions. Steady content that keeps an audience engaged even when there is no big push running.",食谱、新品上架、季节优惠。没有大战役的时候，这些常规内容把用户的注意力一直留住。
Work / Mission Foods / Ground team callout,"All produced from China by our team. Native speakers, culturally adapted content, weekly reviews on what was performing.",所有内容都是我们国内团队自己做的。母语运营，贴本地文化，每周复盘真实数据。
Work / Mission Foods / The Outcome / Overline,The outcome,项目成果
Work / Mission Foods / The Outcome / Heading,The big moments mattered. What happened between them mattered more.,爆款时刻当然重要。爆款之间发生的事更重要。
Work / Mission Foods / The Outcome / Paragraph 1,"The Halloween campaign pulled in the biggest numbers, with follower growth and engagement jumping above previous benchmarks.",万圣节战役跑出了最好看的数据。粉丝增长和互动都超过了之前的所有基准。
Work / Mission Foods / The Outcome / Paragraph 2,"What mattered more was what happened between the big moments. The always-on content kept growing the audience week after week. Recipes, deals, snacking ideas. People kept following, kept engaging.",但更关键的是两次爆款之间发生的事。日常内容让用户每周都在涨。食谱、优惠、零食创意。用户一直在看，也一直在互动。
Work / Mission Foods / The Outcome / Paragraph 3,Mission Foods went from launching an unknown product to building a real community around it. That is what social does when the content actually fits the market.,Mission Foods从一个陌生品类的上市，做成了一个真正有自己社群的品牌。内容只要对味，社媒就能做成这件事。
Work / Mission Foods / Your turn / Overline,Your turn,下一个就是你
Work / Mission Foods / Your turn / Headline,Ready to launch a product on China's social platforms?,想在中国社媒上推一个新产品？
Work / Mission Foods / Your turn / Body,Fixed scope. Fixed price. Team on the ground.,范围固定，一口价，团队就在本地。
Work / Mission Foods / Your turn / Button,Book a call,预约通话
Work / Marriott / Meta / Title,Marriott China Super Brand Day Case Study | TheRedScroll,Marriott中国超级品牌日 | TheRedScroll
Work / Marriott / Meta / Description,"How Marriott ran its first Super Brand Day in China. Social, media, eCommerce, and KOL activation that drove millions in Tmall sales and Bonvoy signups.",Marriott怎么在中国办了第一场超级品牌日。社媒、媒介、电商和KOL一起发力，天猫跑出数千万销售额，Bonvoy新增几十万会员。
Work / Marriott / Hero / Eyebrow,Case study,客户案例
Work / Marriott / Hero / Heading,Marriott: a Super Brand Day campaign that drove millions in China.,万豪：一场跑出千万GMV的天猫超级品牌日。
Work / Marriott / Hero / Subheading,Marriott's first Super Brand Day in China needed everything to land at once. We ran the full campaign and delivered millions in sales on Tmall.,万豪在国内办的第一场天猫超级品牌日。整场战役由我们操盘，几天之内，天猫跑出了数千万销售额。
Work / Marriott / Hero / CTA primary,Book a call,预约通话
Work / Marriott / Hero / CTA secondary,Read the case study,看完整案例
Work / Marriott / Meta bar / Client label,Client,客户背景
Work / Marriott / Meta bar / Client value,Marriott International,Marriott International
Work / Marriott / Meta bar / Industry label,Industry,行业
Work / Marriott / Meta bar / Industry value,Hospitality / Travel,酒店 / 旅游
Work / Marriott / Meta bar / Services label,Services,服务内容
Work / Marriott / Meta bar / Services tag 1,Campaign,Campaign
Work / Marriott / Meta bar / Services tag 2,eCommerce,电商
Work / Marriott / Meta bar / Services tag 3,Influencer / KOL,KOL项目
Work / Marriott / Meta bar / Services tag 4,Media,媒介
Work / Marriott / Meta bar / Services tag 5,Social,社媒
Work / Marriott / Meta bar / Platforms label,Platforms,平台
Work / Marriott / Meta bar / Platforms tag 1,WeChat,微信
Work / Marriott / Meta bar / Platforms tag 2,Weibo,微博
Work / Marriott / Meta bar / Platforms tag 3,Tmall,天猫
Work / Marriott / The Client / Overline,The client,客户背景
Work / Marriott / The Client / Heading,"9,000 properties worldwide. First Super Brand Day in China.",全球9000家酒店，但中国是第一次做超级品牌日。
Work / Marriott / The Client / Paragraph 1,"Marriott runs over 9,000 properties across 30 brands. Big name, global footprint. In China, they are competing hard for affluent travelers alongside strong domestic hotel brands.",Marriott旗下30个品牌，超过9000家酒店，全球知名度高。但在国内，集团要和本土酒店连锁抢同一批高消费旅客。
Work / Marriott / The Client / Paragraph 2,"They wanted direct sales, Marriott Bonvoy loyalty enrollments, and a stronger position with high-spending Chinese consumers. The vehicle was Alibaba's Super Brand Day. Marriott had never run one. High visibility, high traffic, high pressure. There is no soft launch. Everything has to be ready on day one.",战役的目标很清楚：直接出单、Marriott Bonvoy会员拉新、在国内高端用户里把品牌定位再往上推一层。打法选了阿里巴巴的超级品牌日。Marriott从来没做过。曝光大、流量大、压力也大。没有试水期，第一天一切都要到位。
Work / Marriott / Campaign visuals / Caption,"Marriott Super Brand Day campaign creative. Black card offer, Tmall storefront, and social content.",Marriott超级品牌日主视觉。黑卡权益、天猫旗舰店和社媒内容。
Work / Marriott / What we did / Overline,What we did,服务内容
Work / Marriott / What we did / Heading,End-to-end campaign with one goal: sell on day one.,全链路操盘，只有一个目标：第一天就要卖出去。
Work / Marriott / What we did / Paragraph,We managed the campaign end to end.,整场战役从头到尾都由我们一手包办。
Work / Marriott / What we did / Black card heading,The black card made it sellable,一张黑卡，让这件事变得可买
Work / Marriott / What we did / Black card paragraph 1,"We built the campaign around an exclusive Marriott black card with global privileges. A limited edition added complimentary stays and dinners at top-tier properties. Instead of a brand awareness push, we gave people something to actually buy.",整场战役围绕一张Marriott专属黑卡展开，附带全球尊享权益。限量款包含集团旗下顶级酒店的住宿和餐饮礼遇。与其做一场常规的品牌曝光，不如直接给用户一个具体的、当场就能下单的东西。
Work / Marriott / What we did / Black card paragraph 2,"Inside Alibaba's ecosystem, exclusive media placements reached high-value consumers. Outside of it, celebrity endorsement, PR, and offline events drove buzz and credibility.",阿里站内，独家资源位直接打到高价值用户。站外靠明星背书、公关传播和线下活动把热度和信任感拉起来。
Work / Marriott / What we did / Social heading,Playing the long game around a short event,短周期事件，用长线内容铺垫
Work / Marriott / What we did / Social paragraph 1,"WeChat, Weibo, and travel KOLs built anticipation weeks before launch. Content focused on the black card's exclusivity and on what staying at a Marriott property actually feels like.",微信、微博和旅行类KOL从开售前几周就开始造势。内容只聚焦两件事：黑卡的稀缺感，和入住Marriott酒店的真实体验。
Work / Marriott / What we did / Social paragraph 2,"By the time Super Brand Day arrived, the audience was primed. Influencer content kept energy up through the campaign window.",超级品牌日那天，用户早就准备好了。KOL内容在整个营销周期里一直在发酵。
Work / Marriott / What we did / Tmall heading,The Tmall page closed the loop,天猫页面收口转化
Work / Marriott / What we did / Tmall paragraph,"Social, media, KOLs, PR. All pointed to one eCommerce page where people could buy the card and sign up for Bonvoy in the same transaction.",社媒、媒介、KOL、公关。所有流量都汇到同一个电商页面。用户一次下单，既能买到黑卡，也能直接注册成Bonvoy会员。
Work / Marriott / What we did / Ground team callout,"Our team coordinated everything from China. Creative, media buying, influencer management, real-time calls on launch day when things needed adjusting.",整个项目由我们国内团队操盘。创意制作、媒体采买、KOL对接，发售当天遇到要临时调整，现场拍板的也是本地团队。
Work / Marriott / Outcome / Overline,The outcome,项目成果
Work / Marriott / Outcome / Heading,Millions in sales. Hundreds of thousands of new Bonvoy members.,天猫销售数千万，Bonvoy新增几十万会员。
Work / Marriott / Outcome / Paragraph 1,Marriott's first Super Brand Day generated millions in sales on Tmall. Hundreds of thousands of new Bonvoy members signed up. The brand came out of it with noticeably stronger positioning among affluent Chinese travelers.,Marriott的第一场超级品牌日，天猫跑出数千万销售额。Bonvoy新增几十万会员。品牌在国内高端旅行用户里的定位，明显往上走了一档。
Work / Marriott / Outcome / Paragraph 2,"Those numbers speak for themselves. When media, social, eCommerce, and offline work are coordinated on the ground in China, a global hotel brand can move serious money in a matter of days.",数据说明了一切。媒介、社媒、电商和线下活动在国内真正一起发力的时候，一家国际酒店集团能在几天之内跑出可观的营收。
Work / Marriott / CTA / Overline,Your turn,下一个就是你
Work / Marriott / CTA / Heading,Want to run a major campaign in China?,想在中国做一场大型品牌战役？
Work / Marriott / CTA / Body,Fixed scope. Fixed price. Team on the ground.,范围固定，一口价，团队就在国内。
Work / Marriott / CTA / Button,Book a call,预约通话
Work / Master Martini / Meta / Title,Master Martini Asia Social Media Case Study | TheRedScroll,Master Martini亚洲社媒案例 | TheRedScroll
Work / Master Martini / Meta / Description,"How Master Martini built a professional chef community across five Asian markets on Instagram and Facebook. Recipe content, live demos, and UGC results.",Master Martini怎么用Instagram和Facebook在五个亚洲市场做起一个专业烘焙师圈子。食谱内容、直播示范、UGC活动。
Work / Master Martini / Hero / Eyebrow,Case study,客户案例
Work / Master Martini / Hero / Heading,Master Martini: building a chef community across Asia on social.,Master Martini：在亚洲社媒上做起一个专业烘焙师圈子。
Work / Master Martini / Hero / Subheading,Master Martini needed to reach professional chefs across five Asian markets. We turned their social accounts into a community that drove real product sales.,Master Martini要打进五个亚洲市场的专业烘焙师。我们把他们的社媒账号做成了一个真能带动销售的行业圈子。
Work / Master Martini / Hero / CTA primary,Book a call,预约通话
Work / Master Martini / Hero / CTA secondary,Read the case study,看完整案例
Work / Master Martini / Meta bar / Client label,Client,客户背景
Work / Master Martini / Meta bar / Client value,Master Martini,Master Martini
Work / Master Martini / Meta bar / Industry label,Industry,行业
Work / Master Martini / Meta bar / Industry value,Food / B2B Ingredients,食品 / B2B原料
Work / Master Martini / Meta bar / Services label,Services,服务内容
Work / Master Martini / Meta bar / Services tag 1,Campaign,Campaign
Work / Master Martini / Meta bar / Services tag 2,Design,设计
Work / Master Martini / Meta bar / Services tag 3,Influencer / KOL,KOL项目
Work / Master Martini / Meta bar / Services tag 4,Media,媒介
Work / Master Martini / Meta bar / Services tag 5,Social,社媒
Work / Master Martini / Meta bar / Platforms label,Platforms,平台
Work / Master Martini / Meta bar / Platforms tag 1,Instagram,Instagram
Work / Master Martini / Meta bar / Platforms tag 2,Facebook,Facebook
Work / Master Martini / Meta bar / Markets label,Markets,市场
Work / Master Martini / Meta bar / Markets value,"Malaysia, Hong Kong, Singapore, Indonesia, Thailand",马来西亚、香港、新加坡、印度尼西亚、泰国
Work / Master Martini / The Client / Overline,The client,客户背景
Work / Master Martini / The Client / Heading,Professional baking ingredients. Five markets. One social challenge.,专业烘焙原料、五个市场、一个社媒上的难题。
Work / Master Martini / The Client / Paragraph 1,"Master Martini has been supplying professional bakers and pastry chefs since 1982. Ingredients, semi-finished products, finished goods. The kind of stuff you find in commercial kitchens, not on grocery shelves.",Master Martini从1982年开始给专业烘焙师和甜点师供原料。原材料、半成品、成品。是那种只会出现在专业后厨里，不会摆上超市货架的产品。
Work / Master Martini / The Client / Paragraph 2,"They had social accounts across five markets: Malaysia, Hong Kong, Singapore, Indonesia, and Thailand. But growing a social audience for B2B baking ingredients is a specific challenge. Professional chefs are not browsing social media looking for ingredient brands. And when they do follow one, they expect substance. Real technique, not polished ads.",品牌在马来西亚、香港、新加坡、印度尼西亚和泰国都有社媒账号。给B2B烘焙原料做社媒增长，是一件很特别的事。专业烘焙师不会主动去搜原料品牌，他们一旦关注了某个品牌，想看的就是有深度的专业内容，不是漂亮的广告。
Work / Master Martini / Campaign visuals / Caption,"Master Martini social content across five Asian markets. Recipe photography, chef demos, and UGC campaigns.",Master Martini在五个亚洲市场上的社媒内容。食谱图片、烘焙师示范、UGC活动。
Work / Master Martini / What we did / Overline,What we did,服务内容
Work / Master Martini / What we did / Heading,Content that professional chefs actually wanted to follow.,做专业烘焙师真的愿意看的内容。
Work / Master Martini / What we did / Paragraph,"We managed Master Martini's Instagram and Facebook across all five markets. The approach combined recipe content, live demos, workshops, and UGC campaigns.",五个市场的Instagram和Facebook账号都由我们在跑。内容包括食谱、直播示范、工作坊和UGC活动。
Work / Master Martini / What we did / Recipe heading,Recipe content was the backbone,食谱是内容的根基
Work / Master Martini / What we did / Recipe paragraph,Step-by-step instructions with strong photography and video. Professional-level results a pastry chef would look at and think: I can use that tomorrow.,配图精细、视频清楚的分步教程。成品是专业水准的，烘焙师看完会想：这个明天就能用上。
Work / Master Martini / What we did / Live sessions heading,Live sessions with well-known pastry chefs built real trust,请知名甜点师直播，用专业度建立信任
Work / Master Martini / What we did / Live sessions paragraph,"Chefs demonstrated techniques using Master Martini ingredients, took questions from viewers, walked through the details professionals care about. Ratios, temperatures, timing.",甜点师用Master Martini的原料现场演示手法，回答观众提问，细讲专业人士真正关心的点：配比、温度、时间控制。
Work / Master Martini / What we did / UGC heading,UGC contests turned customers into content creators,UGC活动，把客户变成了创作者
Work / Master Martini / What we did / UGC paragraph,"Chefs submitted dishes made with Master Martini products, tagged with a branded hashtag. Real professionals, real kitchens, real results. That kind of content carries weight with other chefs.",烘焙师把用Master Martini做的作品发出来，带上品牌话题标签。真实的人、真实的后厨、真实的成品。这种内容在同行之间特别有说服力。
Work / Master Martini / What we did / Workshops heading,Workshops went deeper,工作坊让专业交流走深一层
Work / Master Martini / What we did / Workshops paragraph,"New pastry techniques, emerging trends, practical applications. The workshops pulled in chefs who wanted to learn something new. A lot of them ended up trying products they did not know existed.",新的烘焙手法、当下的趋势、实际的应用场景。工作坊吸引了想学新东西的烘焙师。很多人因此尝到了自己之前根本没听过的产品。
Work / Master Martini / What we did / Five markets callout,"Five markets meant five different approaches. Content for Indonesia looked different from content for Hong Kong. Different languages, different culinary traditions, different local chefs featured. We did not run the same feed across all five.",五个市场，五套不同的打法。印度尼西亚和香港的内容完全不一样。语言不一样、烘焙传统不一样、合作的本地烘焙师也不一样。我们不会在五个账号上发同一套内容。
Work / Master Martini / Outcome / Overline,The outcome,项目成果
Work / Master Martini / Outcome / Heading,From marketing channels to a place where chefs come to learn and share.,从品牌账号，变成烘焙师学新东西、互相交流的专业圈子。
Work / Master Martini / Outcome / Paragraph 1,"Brand recognition grew across all five markets. Follower counts went up on both platforms. And more importantly, product inquiries and orders increased as chefs who had been watching the content started buying.",五个市场的品牌知名度都明显涨了，两个平台的粉丝量都在跑。更关键的是，咨询和订单也跟着上来。看内容的烘焙师开始真的下单采购。
Work / Master Martini / Outcome / Paragraph 2,"The content traveled beyond the original five markets too. Chefs shared posts with peers in neighboring countries, and Master Martini's reach expanded into regions where they had limited distribution before.",内容的传播也跨出了这五个市场。烘焙师把帖子转给邻国的同行，Master Martini的影响力延伸到了以前几乎没铺货的地方。
Work / Master Martini / Outcome / Paragraph 3,"Over time, the accounts stopped being just marketing channels. They became a place where professional bakers and chefs across Asia came to learn, share their work, and talk shop. And Master Martini was right in the middle of it.",时间一长，这些账号不再只是品牌的宣传位。它们变成了亚洲专业烘焙师学新手法、晒作品、和同行交流的圈子。而Master Martini一直站在这个圈子的中心。
Work / Master Martini / CTA / Overline,Your turn,下一个就是你
Work / Master Martini / CTA / Heading,Want to build a professional community around your brand in Asia?,想在亚洲围绕你的品牌做一个专业圈子？
Work / Master Martini / CTA / Body,Fixed scope. Fixed price. Team on the ground.,范围固定，一口价，团队就在本地。
Work / Master Martini / CTA / Button,Book a call,预约通话
Work / Age20s / Meta / Title,AGE 20's Little Milk Brick China Case Study | TheRedScroll,AGE 20's小奶砖中国战役 | TheRedScroll
Work / Age20s / Meta / Description,"How AGE 20's launched the Little Milk Brick foundation in China. 3.87M Douyin impressions, 750K on RedNote, and a product nickname that went organic.",AGE 20's怎么在中国推出小奶砖气垫粉底。抖音曝光387万，小红书75万，产品昵称在用户里自发传开。
Work / Age20s / Hero / Eyebrow,Case study,客户案例
Work / Age20s / Hero / Heading,AGE 20's: the Little Milk Brick campaign in China.,AGE 20's：小奶砖中国战役。
Work / Age20s / Hero / Subheading,AGE 20's needed to launch a foundation in China's crowded beauty market. The Little Milk Brick campaign delivered 4x over target on Douyin alone.,AGE 20's要在全球最卷的美妆市场之一推一款粉底。小奶砖这场战役，在抖音上直接超目标4倍。
Work / Age20s / Hero / CTA primary,Book a call,预约通话
Work / Age20s / Hero / CTA secondary,Read the case study,看完整案例
Work / Age20s / Meta bar / Client label,Client,客户背景
Work / Age20s / Meta bar / Client value,AGE 20's,AGE 20's
Work / Age20s / Meta bar / Industry label,Industry,行业
Work / Age20s / Meta bar / Industry value,Beauty / Cosmetics,美妆 / 化妆品
Work / Age20s / Meta bar / Services label,Services,服务内容
Work / Age20s / Meta bar / Services tag 1,Campaign,Campaign
Work / Age20s / Meta bar / Services tag 2,Content Production,内容制作
Work / Age20s / Meta bar / Services tag 3,Influencer / KOL,KOL项目
Work / Age20s / Meta bar / Services tag 4,Social,社媒
Work / Age20s / Meta bar / Platforms label,Platforms,平台
Work / Age20s / Meta bar / Platforms tag 1,RedNote,小红书
Work / Age20s / Meta bar / Platforms tag 2,Douyin,抖音
Work / Age20s / The Client / Overline,The client,客户背景
Work / Age20s / The Client / Heading,Korean beauty brand. Crowded market. One shot to get the identity right.,韩国美妆品牌。饱和市场。只有一次机会把定位立住。
Work / Age20s / The Client / Paragraph 1,"AGE 20's is a Korean beauty brand making professional-grade makeup for women with demanding jobs. They were launching a new cushion foundation in China: the Little Milk Brick. Milky-matte finish, 8-hour wear, dessert-inspired packaging. Strong product with a good hook.",AGE 20's是一个面向职场女性的韩国专业级美妆品牌。这次在国内推的是一款新气垫粉底：小奶砖。奶雾哑光妆效、持妆8小时、甜品风的包装。产品本身够好，切入的角度也够特别。
Work / Age20s / The Client / Paragraph 2,"The problem was standing out. China's foundation market is packed. AGE 20's needed a campaign that would position this as a premium professional choice, not just another cushion compact. This is also a campaign the brand runs annually, each year building on the last. Year one had to get the identity right.",难的是怎么被看见。国内的粉底市场已经卷到极致。AGE 20's需要一场战役，把这款产品立成专业级的高端选项，而不是又一款气垫粉底。同时这是一个每年都会做的常规项目，今年的动作会成为明年迭代的底子。第一年必须把品牌认知打对。
Work / Age20s / Campaign visuals / Caption,"AGE 20's Little Milk Brick campaign. Product visuals, KOL content, and social assets across RedNote and Douyin.",AGE 20's小奶砖战役。产品视觉、KOL内容和小红书、抖音的社媒素材。
Work / Age20s / What we did / Overline,What we did,服务内容
Work / Age20s / What we did / Heading,A four-phase campaign built around one unforgettable name.,四个阶段的战役，围绕一个过目难忘的名字展开。
Work / Age20s / What we did / Paragraph,We ran a phased campaign across RedNote and Douyin with the Little Milk Brick identity at the center.,小红书和抖音上同时跑一场分阶段的战役，小奶砖这个身份从头到尾贯穿全场。
Work / Age20s / What we did / Name heading,The name did a lot of the heavy lifting,名字本身就把大部分传播的活干了
Work / Age20s / What we did / Name paragraph,We built the visual and verbal identity around it. The packaging became the hero across every piece of content. It gave consumers a name they would actually remember and use on their own.,我们围绕这个名字做了一整套视觉和语言风格。产品包装是每条内容的主角。给用户一个她们自己会记住、也愿意主动说出来的名字。
Work / Age20s / What we did / Phases heading,"Four phases, each with a job to do",四个阶段，每个阶段的活都不一样
Work / Age20s / What we did / Phases paragraph 1,"Warm-up put the Milk Brick look across official channels. Getting people familiar. Launch shifted to real workplace settings: women at desks, in meetings, commuting. All-day coverage shown in real conditions.",预热期在官方账号上把小奶砖的视觉世界铺开，让用户先眼熟。上市期切进真实的职场场景：办公室里的女生、会议间隙、通勤路上。在真实环境里把持妆效果验出来。
Work / Age20s / What we did / Phases paragraph 2,Conversion activated KOLs during peak shopping windows. Recommendations landed when buying intent was highest. Sustain amplified UGC from real customers to keep the conversation alive after launch.,转化期正好卡在购物高峰，这时候启动KOL合作。种草要出现在用户最想下单的那一刻。维护期把用户自己发的笔记和内容放大，让话题在上市之后继续发酵。
Work / Age20s / What we did / Platform content heading,Each platform got different content,每个平台的内容都不一样
Work / Age20s / What we did / Platform content paragraph,"RedNote: detailed tutorials, before-and-after transformations. Douyin: quick workplace refreshes, professional beauty tips. Fast, visual, matched to how people actually use each platform.",小红书：详细教程和使用前后对比。抖音：办公室快速补妆、职场美妆小技巧。节奏快，视觉强，贴每个平台用户真实的使用习惯。
Work / Age20s / What we did / HubStudio callout,"HubStudio.ai kept the content pipeline moving. Product visuals, social assets, creative variations. Faster production without cutting corners on quality.",HubStudio.ai让内容生产线跑得更顺。产品视觉、社媒素材、创意衍生。出得更快，质感不打折。
Work / Age20s / Stats / Stat 1 value,3.87M,387万
Work / Age20s / Stats / Stat 1 label,Douyin impressions (1M target),抖音曝光（目标100万）
Work / Age20s / Stats / Stat 2 value,750K,75万
Work / Age20s / Stats / Stat 2 label,RedNote impressions (300K target),小红书曝光（目标30万）
Work / Age20s / Stats / Stat 3 value,3.3%,3.3%
Work / Age20s / Stats / Stat 3 label,"ROI, above category benchmarks",ROI，高于行业基准
Work / Age20s / Stats / Stat 4 value,4x,4倍
Work / Age20s / Stats / Stat 4 label,Over target on Douyin,抖音目标超额完成
Work / Age20s / Outcome / Overline,The outcome,项目成果
Work / Age20s / Outcome / Heading,"The nickname went organic. In this market, that almost never happens.",昵称自发在用户里传开。这在今天的中国美妆市场上，几乎不会自然发生。
Work / Age20s / Outcome / Paragraph 1,"The targets all got beaten, and by a lot. RedNote hit 750,000 impressions against a 300,000 goal. Douyin reached 3.87 million impressions versus a 1 million target. ROI came in at 3.3%, above category benchmarks.",所有目标都被大幅超出。小红书做到75万曝光，目标是30万。抖音累计387万曝光，目标是100万。ROI做到3.3%，高于行业基准。
Work / Age20s / Outcome / Paragraph 2,"But here is what really worked. The Little Milk Brick nickname went organic. Consumers started using the name in their own posts without being asked or paid. The identity we built turned into something people just used. In a market this crowded, that almost never happens on its own.",但真正起作用的是另一件事。小奶砖这个昵称在用户里自己传开了。消费者开始在自己的笔记里主动用这个名字。没人要求她们这么做，也没有任何付费推广。我们打进用户心里的认知，变成了她们自然而然的说法。在这么卷的市场里，这种自发传播几乎不会发生。
Work / Age20s / Outcome / Paragraph 3,"AGE 20's went from functional beauty brand to premium professional pick. And because the campaign runs every year, what we built in year one keeps growing.",AGE 20's从一个功能型美妆品牌，升级成了专业级的高端美妆品牌。这个项目每年都会迭代复用，第一年打下的基础后面一直在继续产生回报。
Work / Age20s / CTA / Overline,Your turn,下一个就是你
Work / Age20s / CTA / Heading,Want to launch a product campaign on China's social platforms?,想在中国社媒上做一场产品上市战役？
Work / Age20s / CTA / Body,Fixed scope. Fixed price. Team on the ground.,范围固定，一口价，团队就在本地。
Work / Age20s / CTA / Button,Book a call,预约通话
Work / Blue Insurance / Meta / Title,Blue Insurance Hong Kong Digital Launch Case | TheRedScroll,Blue Insurance香港数字化上线 | TheRedScroll
Work / Blue Insurance / Meta / Description,"How Blue Insurance launched Hong Kong's first digital life insurer with a bilingual website, SEO, and a campaign that drove 10K followers in one month.",Blue Insurance怎么把香港第一家纯线上人寿保险公司做上线。双语网站、SEO加一场首月拉到1万粉丝的战役。
Work / Blue Insurance / Hero / Eyebrow,Case study,客户案例
Work / Blue Insurance / Hero / Heading,Blue Insurance: website and digital launch for Hong Kong's first digital life insurer.,Blue Insurance：香港第一家纯线上保险公司的网站和上线战役。
Work / Blue Insurance / Hero / Subheading,"Blue needed a website and launch campaign for Hong Kong's first digital life insurer. We built both and drove 10,000 followers in the first month.",Blue需要一个网站，加一场上线战役，把香港第一家纯数字化人寿保险公司推向市场。两件事我们一起做，首月就拉到了1万粉丝。
Work / Blue Insurance / Hero / CTA primary,Book a call,预约通话
Work / Blue Insurance / Hero / CTA secondary,Read the case study,看完整案例
Work / Blue Insurance / Meta bar / Client label,Client,客户背景
Work / Blue Insurance / Meta bar / Client value,Blue Insurance,Blue Insurance
Work / Blue Insurance / Meta bar / Industry label,Industry,行业
Work / Blue Insurance / Meta bar / Industry value,Insurance / Fintech,保险 / 金融科技
Work / Blue Insurance / Meta bar / Market label,Market,市场
Work / Blue Insurance / Meta bar / Market value,Hong Kong,香港
Work / Blue Insurance / Meta bar / Services label,Services,服务内容
Work / Blue Insurance / Meta bar / Services tag 1,Campaign,Campaign
Work / Blue Insurance / Meta bar / Services tag 2,Design,设计
Work / Blue Insurance / Meta bar / Services tag 3,Media,媒介
Work / Blue Insurance / Meta bar / Services tag 4,Website,网站
Work / Blue Insurance / Meta bar / Channels label,Channels,渠道
Work / Blue Insurance / Meta bar / Channels tag 1,Web,网站
Work / Blue Insurance / Meta bar / Channels tag 2,Social Media,社媒
Work / Blue Insurance / Meta bar / Channels tag 3,Paid Ads,付费广告
Work / Blue Insurance / The Client / Overline,The client,客户背景
Work / Blue Insurance / The Client / Heading,Hong Kong's first digital life insurer. No agents. No paperwork.,香港第一家纯线上人寿保险。没有代理人，也没有纸质文件。
Work / Blue Insurance / The Client / Paragraph 1,Blue is Hong Kong's first digital life insurer. No agents. Customers answer a few questions online and get coverage instantly. The model is built on something pretty simple: people know what insurance they need and should not have to sit through meetings and paperwork to buy it.,Blue是香港第一家完全数字化的人寿保险公司。没有代理人。用户在线回答几个问题，当场就能拿到保障。背后的逻辑很简单：人们其实清楚自己要买什么保险，不该被一次又一次的约见和填表挡在门外。
Work / Blue Insurance / The Client / Paragraph 2,"But Blue was launching into a market where established insurers were already going digital. Being ""digital first"" alone was not going to be enough. Blue needed a website that was actually easier to use than the competition, and a campaign that brought in leads fast.","但Blue切进的市场里，传统保险公司也都在做数字化转型。""第一家纯线上保险""这块招牌本身不够用。Blue需要一个用户体验真比对手强的网站，再加一场能快速起量的上线战役。"
Work / Blue Insurance / Website visuals / Caption,"Blue Insurance website. Bilingual, mobile-first, built for instant quotes and signups.",Blue Insurance网站。中英双语，移动端优先，为即时报价和注册而设计。
Work / Blue Insurance / What we did / Overline,What we did,服务内容
Work / Blue Insurance / What we did / Heading,A website and launch campaign built to move fast.,网站建设和上线战役同时推进，快是重点。
Work / Blue Insurance / What we did / Paragraph,We handled the website build and digital launch campaign together.,网站建设和上线战役两件事，都是我们一起做的。
Work / Blue Insurance / What we did / Website heading,The website had to match the product,网站必须配得上这个产品
Work / Blue Insurance / What we did / Website paragraph,"Blue sells simple insurance. The site had to feel the same way. Bilingual in Chinese and English, responsive across mobile and desktop. The layout was stripped back on purpose. No walls of policy language. No complicated navigation. Every screen moved people toward a quote or a signup.","Blue卖的是""简单的保险""。网站也要让用户当场就能感觉到这一点。中英双语，大屏和手机一样顺手。页面故意做得很干净。没有密密麻麻的保险术语，没有绕来绕去的导航。每一屏都在引用户去报价或注册。"
Work / Blue Insurance / What we did / SEO heading,"SEO was part of the architecture, not a layer on top",SEO从一开始就做进架构里，不是事后补
Work / Blue Insurance / What we did / SEO paragraph,"We built the content structure, metadata, and page hierarchy so Blue would rank when people in Hong Kong searched for digital insurance or online life coverage. Ready to compete in search from day one.","我们把内容结构、元数据和页面层级都重新规划了。香港用户一搜""线上保险""或者""数字化人寿保障""这类词，Blue就能直接出现在搜索结果里。上线第一天就和别人拼搜索。"
Work / Blue Insurance / What we did / Campaign heading,The digital campaign went live the same week,战役在同一周开打
Work / Blue Insurance / What we did / Campaign paragraph,Social media and paid ads targeted consumers already unhappy with traditional insurance. The messaging was about what Blue gets rid of. The meetings. The forms. The fine print.,社媒和付费广告瞄准那些已经对传统保险没耐心的用户。核心信息就一句话：Blue帮你省掉那些事。不用约见面、不用填表、不用再啃那些小字附加条款。
Work / Blue Insurance / What we did / Ground team callout,"Website, SEO, and campaign all coordinated by our team on the ground in Hong Kong.",网站、SEO和整场战役，都是由我们在香港的本地团队操盘的。
Work / Blue Insurance / Stats / Stat 1 value,"10,000","10,000"
Work / Blue Insurance / Stats / Stat 1 label,New followers in the first month,首月新增粉丝
Work / Blue Insurance / Stats / Stat 2 value,"3,000+","3,000+"
Work / Blue Insurance / Stats / Stat 2 label,Newsletter signups in the first week,首周邮件订阅注册
Work / Blue Insurance / Stats / Stat 3 value,Bilingual,双语
Work / Blue Insurance / Stats / Stat 3 label,"Chinese and English, fully optimized",中英文同步优化
Work / Blue Insurance / Outcome / Overline,The outcome,项目成果
Work / Blue Insurance / Outcome / Heading,"10,000 followers and 3,000 signups before most startups finish onboarding.","10,000粉丝和3,000注册。大多数初创公司还在准备上线时，我们已经把东西交付了。"
Work / Blue Insurance / Outcome / Paragraph 1,"The site went live bilingual, fast, and fully optimized. Mobile matched desktop, which matters a lot in a market where most people research insurance on their phones.",网站上线那天，双语、速度、各项优化全部到位。移动端的体验和桌面端一样好，在一个大部分人都拿手机比保险产品的市场里，这一条直接决定成败。
Work / Blue Insurance / Outcome / Paragraph 2,"The campaign results came in quickly. 10,000 new followers in the first month. Over 3,000 newsletter signups in the first week. For a brand-new insurer with zero existing audience, those numbers said something. People in Hong Kong wanted this.","战役的效果很快就出来了。首月新增10,000粉丝，首周超过3,000个邮件订阅注册。一家刚创立、手上没有任何已有用户的保险公司，能跑出这样的数字本身就说明问题。香港的消费者，一直在等这样的产品。"
Work / Blue Insurance / CTA / Overline,Your turn,下一个就是你
Work / Blue Insurance / CTA / Heading,Need a website and launch campaign in Hong Kong?,想在香港做一场网站建设加上线战役？
Work / Blue Insurance / CTA / Body,Fixed scope. Fixed price. Team on the ground.,范围固定，一口价，团队就在本地。
Work / Blue Insurance / CTA / Button,Book a call,预约通话
Work / Langnese / Meta / Title,Langnese China Consulting Case Study | TheRedScroll,Langnese 中国市场咨询 | TheRedScroll
Work / Langnese / Meta / Description,"How TheRedScroll repositioned Germany's top honey brand for growth in China. Consumer research, new positioning, and a social strategy built for Chinese platforms.",TheRedScroll怎么帮德国第一蜂蜜品牌Langnese重新梳理中国市场定位。消费者调研、品牌重塑、分平台的社媒打法。
Work / Langnese / Hero / Eyebrow,Case study,客户案例
Work / Langnese / Hero / Heading,Langnese: repositioning Germany's top honey brand for growth in China.,Langnese：德国第一蜂蜜品牌，在中国重新找位置。
Work / Langnese / Hero / Subheading,"Langnese wanted to grow in China. We ran consumer research, rebuilt the positioning, and designed a social strategy that opened new channels and new audiences.",Langnese要在国内加速增长。我们做了消费者调研，重新梳理定位，再配上一套能打开新渠道、新人群的社媒打法。
Work / Langnese / Hero / CTA primary,Book a call,预约通话
Work / Langnese / Hero / CTA secondary,Read the case study,查看案例
Work / Langnese / Meta bar / Client label,Client,客户背景
Work / Langnese / Meta bar / Client value,Langnese,Langnese
Work / Langnese / Meta bar / Industry label,Industry,行业
Work / Langnese / Meta bar / Industry value,Food / FMCG,食品 / 快消
Work / Langnese / Meta bar / Services label,Services,服务内容
Work / Langnese / Meta bar / Services tag 1,Consulting,咨询
Work / Langnese / Meta bar / Services tag 2,Strategy,策略
Work / Langnese / Meta bar / Services tag 3,Social,社媒
Work / Langnese / Meta bar / Services tag 4,Content,内容
Work / Langnese / Meta bar / Platforms label,Platforms,平台
Work / Langnese / Meta bar / Platforms tag 1,RedNote,小红书
Work / Langnese / Meta bar / Platforms tag 2,Douyin,抖音
Work / Langnese / Meta bar / Platforms tag 3,WeChat,微信
Work / Langnese / Meta bar / Platforms tag 4,Tmall,天猫
Work / Langnese / The Client / Overline,The client,客户背景
Work / Langnese / The Client / Heading,Over 100 years in the business. Ready to grow in China.,一百多年的品牌，准备在中国提速。
Work / Langnese / The Client / Paragraph 1,"Langnese is Germany's leading honey brand. Over 100 years in the business. Distribution in China was in place, shelf space secured, retail relationships established.",Langnese是德国销量第一的蜂蜜品牌，一百多年历史。在中国，渠道铺开了，货架位置也拿到了，经销商关系一直很稳。
Work / Langnese / The Client / Paragraph 2,But the brand knew it could do more. The opportunity was there. They needed a sharper positioning and a social strategy built for Chinese consumers.,但品牌自己清楚，空间远不止这些。机会就摆在眼前。缺的是更准的定位，加一套专门给中国消费者的社媒打法。
Work / Langnese / Visuals / Caption,"Langnese in China. Product range, Douyin livestream, and Tmall store.",Langnese在中国。产品线、抖音直播、天猫旗舰店。
Work / Langnese / What we found / Overline,What we found,调研发现
Work / Langnese / What we found / Heading,The market had changed. Langnese was selling the same way it had for years.,市场已经变了。Langnese这么多年的卖法却没怎么变。
Work / Langnese / What we found / Paragraph 1,"We dug into everything. Mapped distribution from import to shelf. Analyzed how Chinese honey brands were showing up on RedNote, Douyin, WeChat, and Tmall. Ran consumer research in tier-one and tier-two cities.",我们做了一次彻底的梳理。从进口到上架，把整条分销链条画了出来。分析了国内蜂蜜品牌在小红书、抖音、微信和天猫上的表现。同时在一线和二线城市做了消费者调研。
Work / Langnese / What we found / Paragraph 2,"In tier-one cities, generic health messaging was not working anymore. Every honey brand talks about health. Local competitors had gotten sharper at packaging, pricing, and social content. In tier-two cities, consumers did not understand why they should pay a premium for imported honey when domestic brands cost half as much.",一线城市里，光讲健康已经没用了。每家蜂蜜品牌都在讲健康。本土品牌在包装、定价、社媒内容上都追上来了。到了二线城市，消费者根本搞不懂，为什么同样一瓶蜂蜜，进口货要贵一倍，国产的只要一半价钱。
Work / Langnese / What we did / Overline,What we did,服务内容
Work / Langnese / What we did / Heading,Nine growth pillars. Built to execute immediately.,九条增长主线，落地即用。
Work / Langnese / What we did / Paragraph,"We built a framework covering repositioning, distribution, product formats, and social content. Nine growth pillars in total.",我们搭了一个完整框架。品牌重新定位、渠道布局、产品规格、社媒内容，一共九条增长主线。
Work / Langnese / What we did / Consumer groups heading,Consumer groups nobody was talking to,没人去聊的那几群消费者
Work / Langnese / What we did / Consumer groups paragraph,Young professionals putting honey in coffee and smoothies. Parents looking for natural sweetener alternatives. Cooking enthusiasts using honey as an ingredient. Each group got specific consumption occasions built around their routines.,在咖啡或果昔里加一勺蜂蜜的年轻白领。给孩子找天然代糖的家长。把蜂蜜当烹饪原料的家庭厨师。我们给每一群人都找到了落在真实生活里的消费理由。
Work / Langnese / What we did / Repositioning heading,Repositioned around real selling points,围绕具体卖点重新定位
Work / Langnese / What we did / Repositioning paragraph,"Not ""German quality"" as a headline. Concrete reasons tied to specific use cases. Why the flavor profile works in certain recipes. Why the texture holds up differently in hot drinks. Real selling points, not country-of-origin claims.","不再把""德国品质""写在最上面。换成和使用场景挂钩的具体理由：哪种风味适合搭什么菜，哪种质地在热饮里更合适。真正能说服人的产品细节，不再是一句笼统的原产国。"
Work / Langnese / What we did / Social strategy heading,Social strategy rebuilt platform by platform,一个平台一个平台重做内容
Work / Langnese / What we did / Social strategy paragraph,RedNote for recipe integration and daily routines. Douyin for quick demonstrations of new use cases. WeChat for brand storytelling. The strategy was not about reminding people Langnese exists. It was about changing how they think about using honey.,小红书做食谱和日常使用场景。抖音用短视频快速演示新吃法。微信讲品牌故事。目标不是提醒大家Langnese还在，而是改变大家对蜂蜜这件事的想法。
Work / Langnese / What we did / Distribution heading,New channels and new product formats,新渠道加新规格
Work / Langnese / What we did / Distribution paragraph,"We opened new distribution channels in regions with zero presence. And recommended new product formats: smaller sizes for trial, single-serve for offices, packaging redesigned to communicate the new positioning at shelf.",我们在品牌原本没覆盖的区域打开了新渠道。同时建议了几个新规格：小罐方便试用，独立便携装适合办公室，全新包装在货架上一眼就能传达新定位。
Work / Langnese / What we did / Callout,"All nine pillars agreed on by brand and distributor, built to execute immediately.",九条增长主线由品牌方和经销商一起敲定，拿到就能直接执行。
Work / Langnese / Outcome / Overline,The outcome,项目成果
Work / Langnese / Outcome / Heading,New positioning. New channels. New growth.,新定位，新渠道，新增长。
Work / Langnese / Outcome / Paragraph 1,The repositioning worked. New channels opened. Distributors got on board.,重新定位起了作用。新渠道打开了。经销商也重新动起来。
Work / Langnese / Outcome / Paragraph 2,"Retailers saw it in the numbers. Langnese stopped being ""that expensive German honey"" and started showing up in morning smoothies, weekend baking, and kids' lunchboxes. Actual reasons to buy, tied to how people actually live.","经销商从数据里看到了变化。Langnese不再只是""那个贵的德国蜂蜜""，它开始出现在早上的果昔里、周末的烘焙里、孩子的下午茶里。这些是真实的购买理由，长在消费者的日常生活里。"
Work / Langnese / CTA / Overline,Your turn,下一个就是你
Work / Langnese / CTA / Heading,Need strategic consulting for your brand in China?,想要一份中国市场的品牌策略咨询？
Work / Langnese / CTA / Body,Fixed scope. Fixed price. Team on the ground.,范围明确，报价透明，本地团队执行。
Work / Langnese / CTA / Button,Book a call,预约通话
Legal / Privacy Policy / Meta / Title,Privacy Policy | TheRedScroll,隐私政策 | TheRedScroll
Legal / Privacy Policy / Meta / Description,"TheRedScroll privacy policy. How we collect, use, and protect your personal data.",TheRedScroll 隐私政策。说明我们如何收集、使用并保护您的个人信息。
Legal / Privacy Policy / Header / Last updated,Last updated: April 2026,最近更新:2026年4月
Legal / Privacy Policy / Header / H1,Privacy policy,隐私政策
Legal / Privacy Policy / Overview / H2,Overview,关于我们
Legal / Privacy Policy / Overview / Paragraph,"TheRedScroll is operated by BeyondBorderGroup LTD, registered in Hong Kong SAR. We are committed to protecting and respecting your privacy. This policy explains how we collect, use, store, and share your personal data when you visit our website or use our services.","TheRedScroll 网站由 BeyondBorderGroup LTD 运营,公司注册地为中国香港特别行政区。保护您的隐私是我们的基本承诺。本政策说明您访问本网站或使用我们服务时,我们如何收集、使用并保存您的个人信息。"
Legal / Privacy Policy / Information we collect / H2,Information we collect,我们收集的信息
Legal / Privacy Policy / Information we collect / Personal data / H3,Personal data,个人信息
Legal / Privacy Policy / Information we collect / Personal data / Paragraph,"We collect personal information that you voluntarily provide to us, including your name, email address, company name, phone number, and any other details you share through our contact forms, email correspondence, or during service engagements.","个人信息指您主动提供的信息,包括姓名、邮箱、公司名称、电话号码,以及您通过表单、邮件或合作过程中提交的其他资料。"
Legal / Privacy Policy / Information we collect / Non-personal data / H3,Non-personal data,技术信息
Legal / Privacy Policy / Information we collect / Non-personal data / Paragraph,"We automatically collect certain non-personal information when you visit our website, including your IP address, browser type, operating system, referring URLs, pages viewed, and time spent on the site. This data is collected through cookies and similar tracking technologies.","您浏览本网站时,系统会自动记录部分技术数据,包括 IP 地址、浏览器类型、操作系统、访问页面、页面停留时间,以及跳转来源。相关信息通过 Cookie 及分析工具收集。"
Legal / Privacy Policy / How we use your information / H2,How we use your information,信息的用途
Legal / Privacy Policy / How we use your information / Personal information / H3,Personal information,个人信息
Legal / Privacy Policy / How we use your information / Personal information / Paragraph,"We use your personal information to respond to your inquiries, deliver the services you have requested, send relevant marketing communications (with your consent), process transactions, and improve our services.","个人信息用于回复您的咨询、履行双方约定的服务、在您同意的前提下发送业务通讯、处理交易,以及持续改进服务。"
Legal / Privacy Policy / How we use your information / Non-personal information / H3,Non-personal information,技术数据
Legal / Privacy Policy / How we use your information / Non-personal information / Paragraph,"We use non-personal information to analyze website traffic and usage patterns, improve our website performance and user experience, and generate aggregate statistical reports.","技术数据用于分析访问情况、了解访客行为、优化网站表现,以及生成汇总统计。"
Legal / Privacy Policy / Information sharing / H2,Information sharing,向第三方披露
Legal / Privacy Policy / Information sharing / Paragraph,"We do not sell, trade, or rent your personal information to third parties. We may share your data with trusted service providers who assist us in operating our website and delivering our services, provided they agree to keep your information confidential. We may also disclose your information when required by law or to protect our rights.","我们不会向任何第三方出售、交换或出租您的个人信息。特定情况下,我们可能将数据共享给协助网站运营或业务执行的服务商,相关服务商须对数据严格保密。在法律要求或为维护合法权益时,我们也可能依法披露数据。"
Legal / Privacy Policy / Data protection and retention / H2,Data protection and retention,安全与数据保存
Legal / Privacy Policy / Data protection and retention / Paragraph,"We implement appropriate technical and organizational measures to protect your personal data against unauthorized access, alteration, disclosure, or destruction. We retain your personal data only for as long as necessary to fulfill the purposes for which it was collected, or as required by applicable law.","我们采取合理的技术和组织措施,防止数据遭到未经授权的访问、篡改、泄露或毁损。个人信息的保存期限以实现收集目的所必需的时间为限,或依据适用法律的规定执行。"
Legal / Privacy Policy / Your rights / H2,Your rights,您的权利
Legal / Privacy Policy / Your rights / Paragraph,"You have the right to access the personal data we hold about you, request correction of inaccurate data, request deletion of your data, object to processing of your data, and withdraw consent at any time where processing is based on consent. To exercise any of these rights, please contact us using the details below.","您有权随时查阅我们持有的与您相关的数据,要求更正错误信息、申请删除、反对数据处理或撤回此前给出的同意。如需行使以上权利,请通过本页底部的联系方式与我们联系。"
Legal / Privacy Policy / Third-party links / H2,Third-party links,第三方链接
Legal / Privacy Policy / Third-party links / Paragraph,Our website may contain links to third-party websites. We are not responsible for the privacy practices or content of these external sites. We encourage you to review the privacy policies of any third-party sites you visit.,"本网站可能包含指向第三方网站的链接。我们无法控制相关网站的隐私做法,也不承担任何责任。建议您访问前查阅对方的隐私政策。"
Legal / Privacy Policy / Children's privacy / H2,Children's privacy,适用对象
Legal / Privacy Policy / Children's privacy / Paragraph,"Our services are not directed at individuals under the age of 18. We do not knowingly collect personal data from children. If we become aware that we have inadvertently collected data from a child, we will take steps to delete it promptly.","本网站服务仅面向年满18周岁的用户。我们不会主动收集未成年人的信息。若发现相关数据被误收,我们将尽快删除。"
Legal / Privacy Policy / Changes to this policy / H2,Changes to this policy,政策变更
Legal / Privacy Policy / Changes to this policy / Paragraph,We may update this privacy policy from time to time. Any changes will be posted on this page with an updated revision date. We encourage you to review this policy periodically.,"本隐私政策可能不时更新。更新后的版本将在本页发布,并标注更新日期。建议您定期查看。"
Legal / Privacy Policy / Contact us / H2,Contact us,联系我们
Legal / Privacy Policy / Contact us / Paragraph,"If you have any questions about this privacy policy or our data practices, please contact us at hello@beyondbordergroup.com or visit our contact page.","如对本政策或数据处理有任何疑问,请邮件联系 hello@beyondbordergroup.com,或访问联系页面。"
Legal / Terms of Service / Meta / Title,Terms of Service | TheRedScroll,使用条款 | TheRedScroll
Legal / Terms of Service / Meta / Description,TheRedScroll terms of service. The rules that govern your use of our website and services.,TheRedScroll 使用条款。约束本网站及相关服务使用的规则与条件。
Legal / Terms of Service / Header / Last updated,Last updated: April 2026,最近更新:2026年4月
Legal / Terms of Service / Header / H1,Terms of service,使用条款
Legal / Terms of Service / Overview / H2,Overview,总则
Legal / Terms of Service / Overview / Paragraph,"TheRedScroll is operated by BeyondBorderGroup LTD, registered in Hong Kong SAR. By accessing our website or using our services, you agree to be bound by these terms. If you do not agree with any part of these terms, please do not use our website or services.","TheRedScroll 网站由 BeyondBorderGroup LTD 运营,公司注册地为中国香港特别行政区。您访问本网站或使用我们的服务,即视为完全接受本条款。如您不同意,请停止浏览本网站或使用相关服务。"
Legal / Terms of Service / Services / H2,Services,服务内容
Legal / Terms of Service / Services / Paragraph,"TheRedScroll provides social media marketing, content production, advertising, influencer marketing, and related digital marketing services focused on China's social media platforms. Service scope and deliverables are defined in individual client agreements.","TheRedScroll 提供的服务涵盖社媒策略与运营、内容创作、广告投放、达人合作,以及面向中国社媒平台的各类数字传播工作。具体服务范围和交付物以双方签署的合同为准。"
Legal / Terms of Service / Website use / H2,Website use,网站使用规则
Legal / Terms of Service / Website use / Paragraph,"When using our website, you agree not to use it for any unlawful purpose, send unsolicited communications or spam, attempt to gain unauthorized access to our systems, use automated tools to scrape or collect data without our permission, or interfere with the proper functioning of the website.","您承诺依法合规使用本网站。不得发送垃圾信息、未经授权尝试访问我们的系统、未经许可使用自动化工具抓取数据,或以任何方式干扰网站正常运行。"
Legal / Terms of Service / Intellectual property / H2,Intellectual property,知识产权
Legal / Terms of Service / Intellectual property / Paragraph,"All content on this website, including text, images, graphics, logos, and software, is the property of TheRedScroll unless otherwise stated. Client work product transfers to the client upon full payment of all applicable fees, unless specified differently in the client agreement.","除另有说明外,本网站上的文字、图片、图形元素、标识及程序代码均属 TheRedScroll 所有。客户全额付款后,项目成果的权利按合同约定转让给客户,另有约定的从其约定。"
Legal / Terms of Service / Client responsibilities / H2,Client responsibilities,客户义务
Legal / Terms of Service / Client responsibilities / Paragraph,"Clients agree to provide accurate and complete information, give timely approval of deliverables and content, ensure that materials provided to us do not infringe on third-party rights, and pay all agreed fees according to the payment terms in their agreement.","客户应提供准确完整的信息,在约定时限内审核并确认交付物和内容,保证提供的素材不侵犯第三方权利,并按合同约定付款。"
Legal / Terms of Service / Payment terms / H2,Payment terms,付款条件
Legal / Terms of Service / Payment terms / Paragraph,Payment terms are monthly in advance unless otherwise specified in the client agreement. Late payments may accrue interest at 1.5% per month. We reserve the right to suspend services if payment is more than 15 days overdue.,"除合同另有约定外,费用按月预付。逾期付款按月利率1.5%计收滞纳金。逾期超过15天,我们有权暂停正在执行的服务。"
Legal / Terms of Service / Confidentiality / H2,Confidentiality,保密条款
Legal / Terms of Service / Confidentiality / Paragraph,Both parties agree to maintain the confidentiality of any proprietary or sensitive information shared during the engagement. This obligation continues for two years after the end of the engagement.,双方应对合作中获悉的对方敏感信息或专有信息予以保密。保密义务在合作结束后继续有效两年。
Legal / Terms of Service / Limitation of liability / H2,Limitation of liability,责任限制
Legal / Terms of Service / Limitation of liability / Paragraph,"Our services are provided on an ""as is"" basis. We make no warranties, express or implied, regarding the results of our services. Our total liability for any claim arising from our services is limited to the fees paid for the specific service involved.","我们提供的服务不含任何明示或默示的结果保证。如发生索赔,我们的责任上限不超过相关服务实际收取的费用金额。"
Legal / Terms of Service / Indemnification / H2,Indemnification,客户赔偿
Legal / Terms of Service / Indemnification / Paragraph,"You agree to indemnify and hold TheRedScroll harmless from any claims, damages, or expenses arising from your use of our website, violation of these terms, or infringement of any third-party rights.","因使用本网站、违反本条款或侵犯第三方权利而产生的任何索赔、损失或费用,客户应向 TheRedScroll 承担赔偿责任。"
Legal / Terms of Service / Termination / H2,Termination,服务终止
Legal / Terms of Service / Termination / Paragraph,Either party may terminate a service engagement with written notice as specified in the client agreement. We reserve the right to suspend or terminate access to our website or services for violations of these terms.,"任何一方均可按合同约定的通知期限终止服务。如出现违反本条款的情况,我们有权暂停或终止您对本网站及服务的访问。"
Legal / Terms of Service / Governing law / H2,Governing law,适用法律及管辖
Legal / Terms of Service / Governing law / Paragraph,These terms are governed by and construed in accordance with the laws of Hong Kong SAR. Any disputes arising from these terms shall be subject to the exclusive jurisdiction of the courts of Hong Kong SAR.,"本条款受中国香港特别行政区法律管辖。因本条款产生的任何争议,由中国香港特别行政区有管辖权的法院专属管辖。"
Legal / Terms of Service / Changes to these terms / H2,Changes to these terms,条款更新
Legal / Terms of Service / Changes to these terms / Paragraph,We may update these terms from time to time. Continued use of our website or services after changes are posted constitutes acceptance of the revised terms.,"本条款可能不时修订。修订后的版本发布之日起,您继续使用本网站或相关服务即视为接受新版本。"
Legal / Terms of Service / Severability / H2,Severability,条款的可分割性
Legal / Terms of Service / Severability / Paragraph,"If any provision of these terms is found to be invalid or unenforceable, the remaining provisions shall continue in full force and effect.","若本条款中任一条款被认定为无效或不可执行,其余条款仍保持完全效力。"
Legal / Terms of Service / Contact us / H2,Contact us,联系我们
Legal / Terms of Service / Contact us / Paragraph,"If you have any questions about these terms, please contact us at hello@beyondbordergroup.com or visit our contact page.","如对本条款有任何疑问,请邮件联系 hello@beyondbordergroup.com,或访问联系页面。"
Legal / Cookie Policy / Meta / Title,Cookie Policy | TheRedScroll,Cookie 政策 | TheRedScroll
Legal / Cookie Policy / Meta / Description,TheRedScroll cookie policy. How we use cookies and similar technologies on our website.,TheRedScroll Cookie 政策。说明我们如何使用 Cookie 及相关技术。
Legal / Cookie Policy / Header / Last updated,Last updated: April 2026,最近更新:2026年4月
Legal / Cookie Policy / Header / H1,Cookie policy,Cookie 政策
Legal / Cookie Policy / Introduction / H2,Introduction,概述
Legal / Cookie Policy / Introduction / Paragraph,"TheRedScroll is operated by BeyondBorderGroup LTD, registered in Hong Kong SAR. This policy explains how we use cookies and similar technologies on our website. By continuing to browse our site, you consent to the use of cookies as described in this policy.","TheRedScroll 网站由 BeyondBorderGroup LTD 运营,公司注册地为中国香港特别行政区。本页说明我们如何使用 Cookie 及相关技术。您继续使用本网站,即视为同意在下列条件下使用 Cookie。"
Legal / Cookie Policy / What are cookies / H2,What are cookies,什么是 Cookie
Legal / Cookie Policy / What are cookies / Paragraph,"Cookies are small text files that are placed on your device (computer, tablet, or mobile phone) when you visit a website. They are widely used to make websites work more efficiently, provide a better user experience, and give website owners useful information about how their site is being used.","Cookie 是您访问网站时保存在设备(电脑、平板、手机)上的小型文本文件。它的作用包括维持网站正常运行、改善浏览体验,以及为网站运营方提供访问数据。"
Legal / Cookie Policy / How we use cookies / H2,How we use cookies,我们使用的 Cookie 类型
Legal / Cookie Policy / How we use cookies / Strictly necessary cookies / H3,Strictly necessary cookies,必要 Cookie
Legal / Cookie Policy / How we use cookies / Strictly necessary cookies / Paragraph,"These cookies are essential for the website to function properly. They enable core features such as page navigation, access to secure areas, and form submissions. The website cannot function properly without these cookies.","网站运行所必需的 Cookie,用于保证页面跳转、访问受保护区域、提交表单等基础功能。"
Legal / Cookie Policy / How we use cookies / Functional cookies / H3,Functional cookies,功能性 Cookie
Legal / Cookie Policy / How we use cookies / Functional cookies / Paragraph,"These cookies allow the website to remember choices you make, such as your language preference or region, and provide enhanced features. They may be set by us or by third-party providers whose services we have added to our pages.","用于记住您的偏好设置,例如显示语言或所在地区,并据此调整网站表现。该类 Cookie 可能由我们设置,也可能由接入本网站的第三方服务设置。"
Legal / Cookie Policy / How we use cookies / Analytics cookies / H3,Analytics cookies,分析 Cookie
Legal / Cookie Policy / How we use cookies / Analytics cookies / Paragraph,"We use privacy-focused analytics tools to understand how visitors interact with our website. These cookies collect information such as pages visited, time spent on the site, and how users navigate between pages. We use this data to improve our website and content. We do not use Google Analytics due to accessibility restrictions in mainland China.","我们使用注重隐私的分析工具,了解访客如何使用本网站,包括访问了哪些页面、停留多久、浏览路径等。相关数据用于改进内容与功能。由于中国大陆无法访问 Google Analytics,我们不使用该工具。"
Legal / Cookie Policy / Marketing cookies / H2,Marketing cookies,广告 Cookie
Legal / Cookie Policy / Marketing cookies / Paragraph,"We do not currently use marketing or advertising cookies on our website. If this changes in the future, we will update this policy and obtain your consent where required.","本网站目前不设置任何广告类 Cookie。如日后情况发生变化,我们将更新本政策,并在适用法规要求的范围内事先征得您的同意。"
Legal / Cookie Policy / Third-party cookies / H2,Third-party cookies,第三方 Cookie
Legal / Cookie Policy / Third-party cookies / Paragraph,Some third-party services integrated into our website may set their own cookies. These are outside our control. We recommend reviewing the cookie policies of any third-party services you interact with on our site.,接入本网站的第三方服务可能会设置各自的 Cookie。我们对这些 Cookie 无控制权。具体信息请查阅相关第三方的政策。
Legal / Cookie Policy / Managing cookies / H2,Managing cookies,如何管理偏好
Legal / Cookie Policy / Managing cookies / Paragraph,"Most web browsers allow you to manage cookies through your browser settings. You can view, delete, and block cookies at any time. Please note that disabling certain cookies may affect the functionality of our website. For more information on how to manage cookies in your browser, visit your browser's help documentation.","所有主流浏览器都允许您在设置中管理 Cookie,您可以查看、删除或阻止 Cookie。禁用部分 Cookie 可能影响网站功能。具体操作请查阅浏览器帮助文档。"
Legal / Cookie Policy / Legal framework / H2,Legal framework,法律依据
Legal / Cookie Policy / Legal framework / Paragraph,"Our use of cookies is governed by the laws of Hong Kong SAR, including the Personal Data (Privacy) Ordinance. We are committed to complying with applicable data protection regulations.","我们对 Cookie 的使用受中国香港特别行政区法律管辖,尤其是《个人资料(私隐)条例》的相关规定。我们致力于遵守适用的数据保护法规。"
Legal / Cookie Policy / Changes to this policy / H2,Changes to this policy,政策变更
Legal / Cookie Policy / Changes to this policy / Paragraph,We may update this cookie policy from time to time. Any changes will be reflected on this page with an updated revision date.,"本政策可能不时更新。更新后的内容将在本页发布,并注明修订日期。"
Legal / Cookie Policy / Contact us / H2,Contact us,联系我们
Legal / Cookie Policy / Contact us / Paragraph,"If you have any questions about our use of cookies, please contact us at hello@beyondbordergroup.com or visit our contact page.","如对我们使用 Cookie 有任何疑问,请邮件联系 hello@beyondbordergroup.com,或访问联系页面。"
Blog / AI Content Production in China / Title,AI content production in China: what brands need to know right now,AIGC在中国：品牌当下必须搞清楚的事
Blog / AI Content Production in China / Description,Over 53% of Chinese advertisers use AI for creative content. Here is how AIGC is reshaping social media production on China's biggest platforms.,超过53%的中国广告主已经在用AI做内容。AIGC正在重塑抖音、微信、小红书三大平台的社交营销。
Blog / AI Content Production in China / Meta title,AI content production for China's platforms,AIGC内容生产：中国品牌必读指南
Blog / AI Content Production in China / Meta description,"Over 53% of Chinese advertisers use AI for content production. How AIGC is reshaping social media marketing on Douyin, WeChat, and RedNote.",53%以上的中国广告主已将AIGC用于内容创作。看AI如何重写抖音、微信、小红书的社交营销玩法。
Blog / AI Content Production in China / Category,Content,内容
Blog / AI Content Production in China / Keywords,"AIGC, AI content production, China marketing, Douyin, WeChat, RedNote, AI video, content automation","AIGC, AI内容生产, 中国营销, 抖音, 微信, 小红书, AI视频, 内容自动化"
Blog / AI Content Production in China / Intro italic,Over half of Chinese advertisers already use AI to create content. The market is growing at 60% a year. Here is what that means for your brand.,一半以上的中国广告主已经在用AI做内容。市场每年跑60%。这意味着什么，品牌该怎么看。
Blog / AI Content Production in China / H2 – The numbers behind the shift,The numbers behind the shift,数据先说话
Blog / AI Content Production in China / Paragraph under 'The numbers behind the shift' / 1,"China's AI-Generated Content (AIGC) market reached 25.7 billion yuan in 2025, according to a joint report by Weiboyi and the China Advertising Association. By 2028, industry forecasts put that number at 276.7 billion yuan. That is a pace of growth most industries would not come close to matching.",根据微播易联合中国广告协会发布的报告，2025年中国AIGC市场规模达到257亿元。业内预测，到2028年这个数字会冲到2767亿元。这个增速，在多数行业里都很难见到。
Blog / AI Content Production in China / Paragraph under 'The numbers behind the shift' / 2,Industry data cited in Douban's 2026 AI marketing review shows that 53.1% of Chinese advertisers now use AIGC in creative production. Nearly 20% rely on AI for more than half of their video workflow. AI-driven marketing campaigns doubled year-over-year in 2025 and now represent 19.2% of all marketing activity tracked in China. This is not a test phase anymore.,豆瓣《2026年AI营销复盘》援引的行业数据显示，53.1%的中国广告主已将AIGC用于创意生产。近20%的品牌，超过一半的视频工作流都交给了AI。2025年，AI驱动的营销活动同比翻倍，占到国内营销活动总量的19.2%。这已经不是试水阶段。
Blog / AI Content Production in China / H2 – What AI does for content teams,What AI does for content teams,AI到底帮内容团队做了什么
Blog / AI Content Production in China / Paragraph under 'What AI does for content teams' / 1,So where are the gains showing up?,真正的收益体现在三个地方。
Blog / AI Content Production in China / Bullet – Speed,Speed. AI tools can generate 240 pieces of multi-format content in seconds.,速度。 AI工具几秒钟就能生成240条多格式内容。
Blog / AI Content Production in China / Blockquote – Cost reduction,A one-minute short video that used to cost tens of thousands of yuan in production fees can now be made for as little as 500 yuan.,一条过去动辄几万元制作费的一分钟短视频，现在500元就能做出来。
Blog / AI Content Production in China / Source citation 1,"Source: Beijing News, citing Weiboyi report",来源：新京报，援引微播易报告
Blog / AI Content Production in China / Paragraph under 'Speed',That kind of cost reduction changes what is economically possible for brands of any size.,这种成本降幅，对任何体量的品牌都是一次洗牌。
Blog / AI Content Production in China / Bullet – Volume,"Volume. Platforms like Douyin, RedNote, and WeChat Channels all reward posting frequency. The algorithms favor accounts that stay active. AI gives brands a way to keep that posting pace without exhausting their content teams. One consumer goods company built an entire AI-generated product video library, then recombined clips to produce hundreds of variations for different campaigns and audiences.",量。 抖音、小红书、视频号都在奖励更新频次。算法偏爱活跃账号。AI让品牌能保住发布节奏，又不把内容团队熬垮。某消费品公司干脆用AI搭了一个产品视频素材库，之后不断重组片段，给不同活动、不同人群产出上百个版本。
Blog / AI Content Production in China / Source citation 2,"Source: iFenxi, 2025 AIGC Application Practice Report",来源：iFenxi，《2025 AIGC应用实践报告》
Blog / AI Content Production in China / Bullet – Insights,"Insights. AI does not just create content. It reads consumer behavior in real time. Tools from companies like Volcengine analyze social media comments, trending topics, and sentiment data as they happen. A consumer insights report that took weeks of manual work now takes hours. Sometimes less.",洞察。 AI不光生产内容，还能实时读懂消费者行为。火山引擎这类公司的工具可以即时分析社交评论、热点话题和情绪数据。原本需要几周人工的消费者洞察报告，现在几个小时就能出。有时候更快。
Blog / AI Content Production in China / Source citation 3,"Source: iFenxi, 2025 AIGC Application Practice Report",来源：iFenxi，《2025 AIGC应用实践报告》
Blog / AI Content Production in China / H2 – Brands already doing this well,Brands already doing this well,已经做得很好的品牌
Blog / AI Content Production in China / Paragraph under 'Brands already doing this well' / 1,"The best results come from brands that treat AI as a creative tool, not a replacement. Here are three that got it right.",效果最好的一批品牌，都把AI当成创意工具，而不是替代品。下面三个是代表。
Blog / AI Content Production in China / Table header,Brand | What they did | Result,品牌 | 做了什么 | 结果
Blog / AI Content Production in China / Table row – Tomson and Hancock,Tomson and Hancock | Produced a full brand film entirely with AI | Went viral on Douyin and WeChat. Users said this was exactly what AI content should look like.,汤臣倍健和汉考克 | 全流程AI制作品牌片 | 抖音、微信双双刷屏。用户直呼这才是AI内容该有的样子
Blog / AI Content Production in China / Table row – Lenovo,"Lenovo | Animated terracotta warriors speaking Shaanxi dialect for a back-to-school campaign | High engagement, widely shared across social platforms.","联想 | 开学季让陕西话兵马俑""开口说话"" | 互动量高，全网多平台刷屏"
Blog / AI Content Production in China / Table row – Palace Museum,Palace Museum | Used AI to bring cultural relics to life for Lunar New Year special | 96% positive audience feedback.,"故宫博物院 | 春节特辑让文物""活""起来 | 观众好评率96%"
Blog / AI Content Production in China / Source citation 4,"Source: Douban, 2026 AI Marketing Case Study Report",来源：豆瓣《2026 AI营销案例复盘》
Blog / AI Content Production in China / Paragraph after table,"On Douyin, international brands like Friso are working with Volcengine's AI creative tools to generate branded filter effects. Users play with the filter, post it to their feeds, and that traffic ends up routing into the brand's livestream and product pages. It is a simple loop but it works surprisingly well.",抖音上，美素佳儿这样的国际品牌也在和火山引擎的AI创意工具合作，生产品牌滤镜特效。用户玩滤镜、发到自己的主页，流量再回流到品牌直播间和商品页。闭环很简单，但跑得意外地顺。
Blog / AI Content Production in China / Source citation 5,"Source: iFenxi, 2025 AIGC Application Practice Report, citing Volcengine case",来源：iFenxi，《2025 AIGC应用实践报告》，引用火山引擎案例
Blog / AI Content Production in China / H2 – What this means for international brands,What this means for international brands,这对国际品牌意味着什么
Blog / AI Content Production in China / Paragraph under 'What this means' / 1,"Content production has always been the slowest part of running social media in China. Getting assets localized, shot, reviewed, and published across four or five platforms eats through time and budget. AI shrinks both of those considerably.",内容生产一直是在中国做社交媒体最慢的环节。本地化、拍摄、审核、在四五个平台上发布，一圈下来吃掉大把时间和预算。AI把这两样都砍了一大半。
Blog / AI Content Production in China / Paragraph under 'What this means' / 2,"Product visuals that required a full photo shoot in Shanghai can now be generated with custom AI models trained on your brand's look. It is faster by a factor of ten, at minimum. Copy that took a native Chinese writer an entire day gets drafted in minutes and refined by a human editor. Weekly campaign reports that used to need days of data work happen overnight now.",过去必须飞上海拍一次的产品视觉，现在用品牌专属AI模型就能生成。速度至少是十倍。本土文案写手一整天才能写完的文字，现在几分钟出初稿，再交由人类编辑打磨。每周的活动数据报告，以前要耗掉几天，现在一晚上搞定。
Blog / AI Content Production in China / Paragraph under 'What this means' / 3,And then there is the downstream effect.,还有后续的连锁反应。
Blog / AI Content Production in China / Blockquote – Strategy time,"When your team spends less time on production, they spend more time on strategy, creative direction, and understanding what actually resonates with Chinese audiences. That is the real payoff.",团队不再被生产环节拖住，就有时间回到策略、创意方向，去真正研究什么东西能打动中国消费者。这才是真正的价值。
Blog / AI Content Production in China / Paragraph under 'What this means' / 4,AI takes the repetitive work off their plate. The creative decisions stay with people who understand the market.,重复劳动交给AI，创意决策留给懂市场的人。
Blog / AI Content Production in China / Paragraph under 'What this means' / 5,"As iResearch noted in their 2025 report on AI and internet media, content production in China is shifting from a specialist activity to something far more accessible. What used to require a full creative team can now start with a brief and an AI tool. The professional layer still matters, but the barrier to producing quality content at speed has dropped dramatically.",艾瑞咨询在《2025年中国AI与互联网媒体行业研究报告》中提到，中国的内容生产正在从专业活变成一件门槛更低的事。过去要一整个创意团队才能做的事情，如今一个brief加一个AI工具就能启动。专业层依然重要，但快速产出优质内容的门槛，已经被大幅拉低。
Blog / AI Content Production in China / Source citation 6,"Source: iResearch, 2025 China AI and Internet Media Industry Research Report",来源：艾瑞咨询，《2025年中国AI与互联网媒体行业研究报告》
Blog / AI Content Production in China / H2 – Where this is going,Where this is going,接下来会怎么走
Blog / AI Content Production in China / Paragraph under 'Where this is going' / 1,"Every major Chinese platform is investing in AI content tools now. Douyin, WeChat, Baidu, Alibaba. They all have dedicated AI creative products. The infrastructure is already there, and adoption is climbing fast.",国内每家大平台现在都在砸AI内容工具。抖音、微信、百度、阿里。每家都有自己的AI创意产品线。基础设施已经就位，普及速度还在加快。
Blog / AI Content Production in China / Closing blockquote,"For international brands in China, AI content production is no longer something to experiment with. It is just how the market operates now.","对在中国做生意的国际品牌来说，AIGC内容生产已经不是""要不要试一下""的问题。这就是市场目前的运转方式。"
Blog / Douyin Social Commerce Profitability / Title,"Douyin social commerce: hard to profit, still the best way in",抖音电商：赚钱很难，但依然是最快的入局方式
Blog / Douyin Social Commerce Profitability / Description,Most brands lose money on Douyin in year one. But no other platform gives you access to 800 million Chinese consumers this fast.,大多数品牌在抖音第一年都赚不到钱。但要触达8亿中国消费者，没有哪条路比这更快。
Blog / Douyin Social Commerce Profitability / Meta title,Is Douyin profitable? What brands need to know,抖音电商到底赚不赚钱？
Blog / Douyin Social Commerce Profitability / Meta description,"Most brands lose money on Douyin. High ad costs, return rates above 60%, thin ROI. But it is still the fastest way to test the China market.",多数品牌在抖音亏钱：广告贵、退货率超过60%、ROI不理想。但它仍是进入中国市场最快的一条路。
Blog / Douyin Social Commerce Profitability / Category,Platforms,平台
Blog / Douyin Social Commerce Profitability / Keywords,"Douyin, Douyin ecommerce, China social commerce, Douyin profitability, China market entry, livestream commerce, Douyin ROI","抖音, 抖音电商, 中国社交电商, 抖音盈利, 中国市场进入, 直播电商, 抖音ROI"
Blog / Douyin Social Commerce Profitability / Intro italic,"Most brands lose money on Douyin before they make it. But for international brands testing China, no other channel gives you this much reach at this low a cost of entry.",大多数品牌在抖音上是先亏钱，才谈得上赚钱。但对想试水中国的国际品牌来说，没有哪个渠道能用这么低的门槛换来这么大的覆盖。
Blog / Douyin Social Commerce Profitability / H2 – Why profitability is so hard,Why profitability is so hard,为什么赚钱那么难
Blog / Douyin Social Commerce Profitability / Blockquote – Year one losses,Most brands do not make money on Douyin in year one. That includes major Chinese companies with serious budgets.,多数品牌在抖音第一年都不赚钱。哪怕是预算充足的头部国货也一样。
Blog / Douyin Social Commerce Profitability / Paragraph – Bluemoon example,"According to an analysis published on Zhihu, Bluemoon, one of the country's biggest household brands, worked with over 3,000 influencers and spent 40 million yuan on paid traffic. The ROI never balanced. Baixiang, a noodle brand that blew up as a ""patriotic"" favorite, had the same issue. Lots of investment, not much coming back.","知乎上的一份分析指出，国内日化龙头蓝月亮合作过3000多名达人，在付费流量上砸了4000万元，ROI始终平不掉。靠""国潮情怀""爆火的白象方便面也是同样的情况，投入不少，回来的却不多。"
Blog / Douyin Social Commerce Profitability / Paragraph – So what,So what is going on? A few things.,问题出在哪？几个原因叠加。
Blog / Douyin Social Commerce Profitability / H3 – The cost breakdown,The cost breakdown,成本拆给你看
Blog / Douyin Social Commerce Profitability / Table header – Cost breakdown,Cost driver | What it looks like,成本项 | 实际情况
Blog / Douyin Social Commerce Profitability / Table row – Ad spend,"Ad spend | Getting traffic means paying for it. CPM for organic KOL content runs 200-300 yuan. Paid amplification via Ocean Engine drops to 30-60 yuan, but you need a lot of volume to move product.",广告投放 | 想要流量就得花钱买。达人自然内容的CPM在200-300元。巨量引擎的付费放量能压到30-60元，但要跑出量级才能撬动销售
Blog / Douyin Social Commerce Profitability / Table row – Content ROI,"Content ROI | KOL content ROI without paid boost is now below 0.3 for most categories. For every yuan a brand puts into influencer content, the direct return is less than 30 cents.",内容ROI | 多数品类的达人内容在不加付费推流的情况下，ROI已经跌到0.3以下。品牌每投1元，直接回报不到3毛
Blog / Douyin Social Commerce Profitability / Table row – Return rates,"Return rates | In fashion, returns average around 65%. One brand owner reported that 6-7 out of every 10 orders come back as returns. Each costs around 8 yuan in packaging and reshipping, and that is before the ad money.",退货率 | 服饰品类的退货率平均在65%左右。有商家反映，每10单会退回6-7单。每单光是打包和二次物流就要8元左右，这还没算广告费
Blog / Douyin Social Commerce Profitability / Table row – Platform fees,"Platform fees | Technical service fees: 2-5%. Influencer commissions: 20-50%. Plus shipping insurance, deposits, and ad spend on top.",平台费用 | 技术服务费2-5%，达人佣金20-50%，再叠上运费险、保证金和广告费
Blog / Douyin Social Commerce Profitability / Source citation 1,"Source: Qinggua Media, Digitaling, Ebrun, Youzan",来源：青瓜传媒、Digitaling、亿邦动力、有赞
Blog / Douyin Social Commerce Profitability / H2 – Why it is still worth it,Why it is still worth it,为什么还是值得做
Blog / Douyin Social Commerce Profitability / Paragraph under 'Why it is still worth it' / 1,"All of that said, Douyin remains the fastest way into China's consumer market with the lowest upfront commitment.",话虽这么说，抖音依然是进入中国消费市场最快、启动门槛最低的那条路。
Blog / Douyin Social Commerce Profitability / Bullet – Compared to Tmall Global,"Compared to Tmall Global, where brands need ICP filing support, bonded warehouse logistics, deposits, and ongoing annual fees before a single product ships, Douyin lets you start with content. A few short videos, a small KOL seeding campaign, and a basic Douyin Shop. That is it. New merchants get full commission waivers in month one.",相比天猫国际， 品牌得备案ICP、搭保税仓物流、缴保证金、每年支付年费，才能发出第一件货；而抖音只需要从内容起步。几条短视频、一轮小范围达人种草，再加一个基础抖音小店。就这么简单。新商家首月还能享受全额佣金减免。
Blog / Douyin Social Commerce Profitability / Source citation 2,"Source: Ebrun, cited in Sina Finance",来源：亿邦动力，引自新浪财经
Blog / Douyin Social Commerce Profitability / Bullet – The reach is unmatched,"The reach is unmatched. 800 million daily active users. Douyin's GMV reached approximately 3.5 trillion yuan in 2024, growing 35% year-over-year, and now holds roughly 24% of China's e-commerce market.",触达能力无可替代。 8亿日活。2024年抖音电商GMV大约3.5万亿元，同比增长35%，目前占据中国电商市场大约24%的份额。
Blog / Douyin Social Commerce Profitability / Source citation 3,"Source: Sina Finance, citing Goldman Sachs forecast",来源：新浪财经，援引高盛预测
Blog / Douyin Social Commerce Profitability / Bullet – Lowering the cost floor,"The platform is lowering the cost floor. Douyin introduced nine merchant support policies in 2025. Nearly 100 categories now have reduced or zero commissions. Ad spend refunds apply to fully returned orders. As of August 2025, Douyin had pushed over 19 billion yuan in subsidies back to merchants.",平台也在主动降低成本门槛。 抖音2025年推出了九项商家扶持政策。近100个类目实现佣金减免或免除。全额退款订单的广告费也能退还。截至2025年8月，抖音向商家返还的补贴已经超过190亿元。
Blog / Douyin Social Commerce Profitability / Source citation 4,Source: 36Kr,来源：36氪
Blog / Douyin Social Commerce Profitability / Bullet – Market intelligence,"The real value is market intelligence. Even if you do not profit in month three, you walk away with live consumer feedback on your product, pricing, and positioning.",真正的价值是市场情报。 哪怕头三个月没赚到钱，你也拿到了最鲜活的消费者反馈，包括产品、定价、定位。
Blog / Douyin Social Commerce Profitability / Blockquote – Research firm cost,"That kind of market intelligence would cost tens of thousands of dollars through a traditional research firm. On Douyin, you get it as a byproduct of selling.",传统调研公司给你同样的东西，要花几万美金。在抖音，这是你卖货的副产品。
Blog / Douyin Social Commerce Profitability / H2 – The bigger picture,The bigger picture: how smart brands think about Douyin,聪明的品牌怎么看抖音
Blog / Douyin Social Commerce Profitability / Paragraph under 'The bigger picture' / 1,The brands that actually make Douyin work do not look at it as a place to turn profit. They use it as the front door to China.,真正把抖音跑通的品牌，都没有把它当成一个要盈利的场。他们把它当成通往中国市场的入口。
Blog / Douyin Social Commerce Profitability / Paragraph under 'The bigger picture' / 2,"The playbook goes something like this. Spend on Douyin to build awareness and test demand. Let KOL content create search volume on RedNote and WeChat. Then your team moves interested customers into owned channels like WeCom, where you message them for free and build repeat purchases without paying for ads. It is a longer play but the unit economics are completely different once you get there.",打法通常是这样。用抖音投放做品牌认知和需求测试。让达人内容在小红书、微信上创造搜索热度。再把有意向的客户引到企业微信这类私域里，免费触达，做复购，不用每次都为流量买单。这是一条慢一点的路，但走到后面单位经济模型完全不一样。
Blog / Douyin Social Commerce Profitability / Paragraph under 'The bigger picture' / 3,"Brands that only measure Douyin ROI in isolation will always be disappointed. The ones that track the full customer journey, from first Douyin video to fifth WeCom purchase, those are the ones where the numbers actually start to work.",只盯着抖音ROI看的品牌永远会失望。把全链路都算上的品牌——从第一次刷到抖音视频，到在企业微信里第五次复购——才真正算得过账来。
Blog / Douyin Social Commerce Profitability / H2 – The bottom line,The bottom line,最后一句话
Blog / Douyin Social Commerce Profitability / Blockquote – Shortcut,Douyin is not a shortcut to profit. It is a shortcut to market access.,抖音不是通往利润的捷径。它是通往市场入口的捷径。
Blog / Douyin Social Commerce Profitability / Paragraph under 'The bottom line' / 1,"For international brands that want to know whether their product has any place in China, there is nothing faster.",对想知道自己的产品在中国有没有机会的国际品牌来说，没有哪个渠道比它更快。
Blog / Douyin Social Commerce Profitability / Paragraph under 'The bottom line' / 2,"Budget for the ad spend. Plan for the returns. Treat Douyin as what it is: the cheapest way to learn whether China wants what you sell. And if it does, you will know fast.",给广告预留够，给退货率留够，把抖音当成它本来的样子：用最低的代价，去检验中国市场到底想不想要你的产品。想要的话，你会很快知道。
Blog / KOL vs KOC / Title,KOL vs. KOC in China: how to pick the right influencer for your brand,KOL和KOC到底怎么选：中国品牌的达人投放指南
Blog / KOL vs KOC / Description,"KOLs create awareness. KOCs build trust. How to combine both, what they cost, and how to spot fake followers in China's market.",KOL做声量，KOC做信任。两者怎么搭、预算怎么分、怎么识破虚假粉丝，一篇讲透。
Blog / KOL vs KOC / Meta title,KOL vs KOC China: influencer guide,KOL vs KOC：中国达人投放怎么选
Blog / KOL vs KOC / Meta description,"KOL or KOC? Commission models, fake follower risks, and the pyramid approach that works. A practical guide for brands in China.",KOL还是KOC？分佣模式、虚假粉丝、金字塔打法。写给在中国做市场的品牌的一份实战指南。
Blog / KOL vs KOC / Category,Strategy,策略
Blog / KOL vs KOC / Keywords,"KOL, KOC, China influencer marketing, influencer China, fake followers China, Perfect Diary, Xiaohongshu influencer","KOL, KOC, 中国达人营销, 中国网红营销, 虚假粉丝, 完美日记, 小红书达人"
Blog / KOL vs KOC / Intro italic,Spend too much on the wrong KOL and you burn your budget. Spread too thin across KOCs and nobody notices. Here is how to get the balance right.,选错一个大KOL，预算立刻烧光。撒一堆小KOC，又没人注意。真正的关键是怎么把比例调对。
Blog / KOL vs KOC / H2 – What are KOLs and KOCs,What are KOLs and KOCs?,KOL和KOC到底是什么
Blog / KOL vs KOC / Paragraph – KOL definition,"KOL stands for Key Opinion Leader. These are the established names. Millions of followers, high production quality, strong personal brands. They charge upfront fees plus sales commissions. The best ones are booked months out.",KOL全称Key Opinion Leader，关键意见领袖。就是那些成名的达人，百万级粉丝，制作精良，个人品牌强势。他们的报价是坑位费加销售分成。顶流基本几个月前就排满了档期。
Blog / KOL vs KOC / Paragraph – KOC definition,"KOC stands for Key Opinion Consumer. Everyday users with smaller followings, usually between 1,000 and 100,000. They post product reviews, unboxing clips, and personal recommendations. The content is less polished and it tends to feel more honest.",KOC全称Key Opinion Consumer，关键意见消费者。就是普通用户，粉丝量大多在1000到10万之间。他们发产品测评、开箱、亲身推荐。内容不精致，但显得更真诚。
Blog / KOL vs KOC / Paragraph – Both play a role,"Both play a role in how brands grow in China. The question is which one to use, when, and how much to spend on each.",两类人在品牌的中国增长里都有位置。问题只是什么时候用谁，以及各投多少钱。
Blog / KOL vs KOC / H2 – Why this distinction matters,Why this distinction matters,为什么这个区别重要
Blog / KOL vs KOC / Paragraph under 'Why this distinction matters' / 1,"In China's influencer ecosystem, the difference between KOLs and KOCs goes well beyond follower count. It is about how audiences respond to the content.",在中国的达人生态里，KOL和KOC的区别远远不止粉丝量。真正的差别在受众怎么反应。
Blog / KOL vs KOC / Paragraph under 'Why this distinction matters' / 2,"According to iiMedia Research, KOC influence on consumer purchasing decisions ranks just behind KOLs and well above celebrities or general internet personalities. It comes down to trust. KOC content reads like a recommendation from someone in your circle. KOL content, even when it is well made, reads like a paid endorsement.",艾媒咨询的数据显示，KOC对消费者购买决策的影响力紧跟KOL，明显超过明星和泛娱乐网红。核心是信任。KOC的内容读起来像朋友圈里某个熟人的推荐。KOL的内容再精，也像一条广告。
Blog / KOL vs KOC / Paragraph under 'Why this distinction matters' / 3,Younger consumers are especially skeptical. Gen Z audiences in China increasingly question sponsored content. That does not mean KOLs are useless. But the era of dumping your entire budget on one big name and hoping for results is mostly behind us.,"年轻一代尤其敏感。中国的Z世代越来越不信种草稿。这不代表KOL没用了。但""一把预算砸一个大号就能出效果""的年代已经过去了。"
Blog / KOL vs KOC / H2 – The fake follower problem,The fake follower problem,虚假粉丝这件事
Blog / KOL vs KOC / Paragraph under 'Fake follower' / 1,This is the part most people in the industry know about but do not discuss openly enough.,这是行业里人人知道、但没人好好聊的话题。
Blog / KOL vs KOC / Paragraph under 'Fake follower' / 2,An MCN insider told Rancaijing that only 10-20% of the KOLs managed by his company had completely organic reach. The rest relied on paid amplification to inflate their metrics.,某MCN机构的内部人士对《燃财经》说，他公司旗下只有10%到20%的KOL是真实流量的，剩下的基本都靠付费推流或者数据注水撑起来。
Blog / KOL vs KOC / Blockquote – CCTV investigation,CCTV News investigated this supply chain in 2019 and documented how cheap it is to manufacture fake engagement on Chinese social platforms.,央视新闻早在2019年就对这条灰产做过调查，揭露了在中国社交平台上制造假互动的成本有多低。
Blog / KOL vs KOC / Paragraph under 'Fake follower' / 3,"Creating a fake 100,000+ view count on a post can cost under 1,000 yuan. For brands investing tens of thousands per campaign, the risk of partnering with inflated accounts is not theoretical. It happens all the time in this market.",一条爆文看起来有10万+阅读，背后可能只花了不到1000元。品牌一次投放动辄几万几十万，踩到注水账号的风险不是理论问题，几乎每天都在发生。
Blog / KOL vs KOC / Paragraph under 'Fake follower' / 4,"This is why verification matters more than raw numbers. Engagement rate, comment quality, audience demographics, and purchasing behavior data tell you far more than the follower count on someone's profile page.",所以核验比数字重要。互动率、评论质量、粉丝画像和购买行为数据，比主页上的那个粉丝数字可信得多。
Blog / KOL vs KOC / Paragraph under 'Fake follower' / 5,Platforms are getting better at detecting this. Xiaohongshu's Pugongying platform and Douyin's Xingtu both provide audience authenticity data when brands book influencers through official channels. But off-platform deals with no verification still happen constantly.,平台自己也在收紧。小红书的蒲公英平台和抖音的星图都已经提供粉丝真实性数据，品牌通过官方渠道下单时可以查。但平台外的私下合作依然一大堆，没有任何核验可言。
Blog / KOL vs KOC / H2 – How brands layer KOLs and KOCs,How brands layer KOLs and KOCs together,品牌是怎么把KOL和KOC搭起来的
Blog / KOL vs KOC / Paragraph under 'How brands layer' / 1,"The most effective approach in China is layered. The industry calls it the ""pyramid"" model.","在中国做得最好的打法叫""金字塔模型""。"
Blog / KOL vs KOC / Paragraph under 'How brands layer' / 2,"Perfect Diary helped popularize this strategy around 2020-2021. According to data from GrowthBox, their influencer investment on Xiaohongshu roughly followed this ratio: 1 celebrity, 1 top KOL, 3 head-level creators, 46 mid-tier, 100 entry-level, and 150 KOCs.",大约在2020-2021年，完美日记把这套打法普及开来。Growthbox的数据显示，完美日记在小红书上的达人投入比例大致是：明星1、头部KOL 1、腰部3、中腰部46、初级100、KOC 150。
Blog / KOL vs KOC / Paragraph under 'How brands layer' / 3,Each layer does a different job. Top KOLs set the conversation and generate initial buzz. Mid-tier creators go deeper in specific product niches. KOCs push authentic content across communities and give hesitant buyers the final nudge.,每一层的作用都不同。头部KOL定调、起势；腰部KOL深挖细分品类；KOC在各种圈子里生产真实内容，给犹豫的消费者最后一把火。
Blog / KOL vs KOC / Paragraph under 'How brands layer' / 4,"The model has evolved since then. In 2025, the mid-tier layer has become the most important. During the Double 11 shopping festival, mid-tier hosts with annual sales of 1-10 billion yuan contributed 45% of total live commerce GMV, with an average single-session ROI of 1:8.",这套模型这几年也在演化。到了2025年，腰部是最吃香的一层。双十一期间，年销1-10亿元的腰部主播贡献了直播电商GMV的45%，单场平均ROI达到1:8。
Blog / KOL vs KOC / Source citation 1,"Source: 100EC.cn, 2025 Double 11 Data Report",来源：网经社，《2025双十一数据报告》
Blog / KOL vs KOC / Paragraph under 'How brands layer' / 5,"Meanwhile, the market share of top-tier mega KOLs dipped from 32% to 30%, reflecting a deliberate push by platforms toward decentralized traffic distribution.",与此同时，头部超级KOL的份额从32%下滑到30%，这是平台主动推动流量去中心化的结果。
Blog / KOL vs KOC / Paragraph under 'How brands layer' / 6,"Right now, the middle of the pyramid is where the best return sits.",现在最能打的一层，就是金字塔的腰部。
Blog / KOL vs KOC / H2 – How influencers get paid,How influencers get paid,达人怎么收钱
Blog / KOL vs KOC / Paragraph under 'How influencers get paid' / 1,Payment structures depend on the tier.,结算方式按层级分。
Blog / KOL vs KOC / Bullet – Top KOLs payment,"Top KOLs negotiate a flat booking fee per appearance, plus a percentage of sales. For live commerce, this hybrid model is how the biggest names work. The fee secures time on their schedule. The commission keeps incentives aligned.",头部KOL 基本是坑位费加CPS。直播电商领域，头部清一色这么干。坑位费锁时间，分成绑效果。
Blog / KOL vs KOC / Bullet – Mid-tier KOLs payment,Mid-tier KOLs work on smaller flat fees plus CPS. Some accept pure commission if the brand or product is strong enough to drive volume on its own.,腰部KOL 的坑位费少一些，也是加CPS。如果品牌或产品本身够硬，他们也接纯佣合作。
Blog / KOL vs KOC / Bullet – KOCs payment,"KOCs mostly work on pure commission or receive free products in exchange for content. At scale, platforms coordinate KOC campaigns through group leader systems with a service fee plus per-sale commission.","KOC 大多是纯佣或者纯置换，也就是拿样品换内容。规模化做的时候，平台会通过""团长""体系组织KOC，按""服务费+销售佣金""结算。"
Blog / KOL vs KOC / Table header – Payment,Influencer tier | Typical payment model,达人层级 | 常见结算方式
Blog / KOL vs KOC / Table row – Top KOL,Top KOL or celebrity | Flat fee + CPS commission,头部KOL或明星 | 坑位费 + CPS分成
Blog / KOL vs KOC / Table row – Mid-tier KOL,Mid-tier KOL | Smaller flat fee + CPS,腰部KOL | 小坑位费 + CPS
Blog / KOL vs KOC / Table row – Entry-level KOL,Entry-level KOL | CPS only or low flat fee,初级KOL | 纯CPS或低坑位费
Blog / KOL vs KOC / Table row – KOC,KOC | Free product + CPS or pure CPS,KOC | 置换产品 + CPS 或纯CPS
Blog / KOL vs KOC / Paragraph – Commission rates,"Commission rates range by category. Beauty and skincare sit at 10-25%. Fashion at 8-15%. Electronics at 3-8%. Luxury is highly negotiable, typically 5-15% plus a fixed fee.",佣金比例因品类而异。美妆护肤10-25%；服饰8-15%；数码3-8%；奢侈品通常5-15%再加固定费用，谈判空间大。
Blog / KOL vs KOC / H2 – Brand self-broadcasting,Brand self-broadcasting is growing fast,品牌自播增速极快
Blog / KOL vs KOC / Paragraph under 'Brand self-broadcasting' / 1,One of the biggest shifts in 2025 is that brands are building their own livestream operations instead of relying entirely on external KOLs.,2025年最大的变化之一是，品牌开始自建直播团队，不再完全依赖外部KOL。
Blog / KOL vs KOC / Paragraph under 'Brand self-broadcasting' / 2,"During the 2025 Double 11, brand self-broadcasting accounted for 40% of total live commerce GMV, up 8 points from 2024. Companies like Anta, L'Oreal, and Xiaomi have in-house livestream teams of 50+ people running daily broadcasts.",2025年双十一，品牌自播贡献了直播电商GMV的40%，比2024年提高了8个百分点。安踏、欧莱雅、小米这类公司都有50人以上的自播团队，每天不间断开播。
Blog / KOL vs KOC / Source citation 2,Source: 100EC.cn,来源：网经社
Blog / KOL vs KOC / Paragraph under 'Brand self-broadcasting' / 3,Some brands now generate more revenue from self-broadcasting than from all their KOL partnerships combined.,有些品牌现在自播的收入已经超过所有KOL合作加起来的总和。
Blog / KOL vs KOC / Paragraph under 'Brand self-broadcasting' / 4,"For international brands, this means you have options. You do not need to start with expensive KOL deals. You can build a self-broadcasting operation that gives you control over messaging, better margins, and a direct channel to your audience. The tradeoff is that it takes real investment: studio, hosts, content production, and ad spend to drive viewers.",对国际品牌来说，这意味着你多了一条路径。不必从昂贵的KOL合作开始。可以先搭自播团队，牢牢掌控话语权，毛利也更好，还能直接和受众对话。代价是得真金白银地投入：直播间、主播、内容产出、拉流广告费，一样都不能少。
Blog / KOL vs KOC / H2 – How to think about budget,How to think about budget,预算怎么分
Blog / KOL vs KOC / Paragraph under 'How to think about budget' / 1,The right mix depends on where you are.,什么阶段做什么事。
Blog / KOL vs KOC / Paragraph under 'How to think about budget' / 2,"Brands entering China for the first time usually get the best results starting with KOC seeding on Xiaohongshu. Product gifting, honest reviews, authentic short videos. Build a base of organic proof before spending big on KOLs. This is also the cheapest way to test what messaging resonates.",第一次进中国的品牌，最有性价比的起点是在小红书上做KOC种草。送样、真实测评、短视频。先攒一圈原生口碑，再考虑砸KOL预算。这也是测消费者信息点反馈最便宜的方式。
Blog / KOL vs KOC / Paragraph under 'How to think about budget' / 3,"Brands already in China and looking to scale should focus on 2-3 mid-tier KOLs in their specific product category. Structured campaigns with clear briefs, not scattered one-off posts. Mid-tier KOLs give you the best ratio of cost to conversion right now.",已经在中国站稳脚跟、准备扩大的品牌，重点投2-3位自己品类的腰部KOL。要结构化的campaign，要明确的brief，不是零散一次性的投放。当下腰部的转化效率比是最划算的。
Blog / KOL vs KOC / Paragraph under 'How to think about budget' / 4,Brands going all in should build the full pyramid and start investing in self-broadcasting. That combination of external reach and owned live commerce is what is working best heading into 2026.,想全力all in的品牌，就把整个金字塔搭起来，同时开始砸自播。外部KOL的声量加上自有直播间的转化，这是2026年进入之前最灵的组合。
Blog / KOL vs KOC / Paragraph under 'How to think about budget' / 5,And regardless of budget: verify every influencer before you sign. The number on someone's profile page is the least reliable data point in this entire ecosystem.,不管预算多少，一条铁律：签约之前，先把人核验一遍。主页上的那个数字，是整个生态里最不可靠的一项数据。
Blog / Live Commerce in China / Title,Live commerce in China: why it converts and how it works,直播电商：中国转化率最高的渠道是怎么跑起来的
Blog / Live Commerce in China / Description,"Live commerce is China's highest-converting sales channel. Here is how the ecosystem works, what it costs, and why your brand should care.",直播电商是中国转化效率最高的销售渠道。生态怎么搭、费用怎么算、品牌该怎么看，一次讲清。
Blog / Live Commerce in China / Meta title,Live commerce in China explained,一文讲透中国的直播电商
Blog / Live Commerce in China / Meta description,"Live commerce drives 65-70% of influencer sales in China. Conversion rates, commissions, MCNs, and what brands should know before spending.",直播电商在中国撬动了65-70%的达人带货销售额。转化率、分佣模式、MCN以及品牌投放前必须知道的事。
Blog / Live Commerce in China / Category,Strategy,策略
Blog / Live Commerce in China / Keywords,"live commerce China, livestream selling, China e-commerce, MCN China, CPS commission, Taobao Live, Douyin e-commerce","中国直播电商, 直播带货, 中国电商, 中国MCN, CPS分成, 淘宝直播, 抖音电商"
Blog / Live Commerce in China / Intro italic,"The highest-converting sales channel in China's digital ecosystem is not a website, an app store, or a social media feed. It is a livestream.",在中国的数字生态里，转化率最高的销售渠道不是官网，不是应用商店，也不是社交信息流。是一场直播。
Blog / Live Commerce in China / H2 – How big is live commerce,How big is live commerce in China?,直播电商到底有多大
Blog / Live Commerce in China / Paragraph under 'How big' / 1,"China's live commerce market hit 4.9 trillion yuan in total transaction value in 2023, growing at over 35% year over year.",2023年，中国直播电商市场交易额达到4.9万亿元，同比增速超过35%。
Blog / Live Commerce in China / Paragraph under 'How big' / 2,"By 2025, the broader online retail market was projected to reach 16.65 trillion yuan, with live streaming as its fastest-growing segment.",到2025年，广义的线上零售市场预计达到16.65万亿元，直播是其中增速最快的分支。
Blog / Live Commerce in China / Source citation 1,"Source: iiMedia Research, 2025 China Livestream E-commerce Industry Report",来源：艾媒咨询，《2025中国直播电商行业研究报告》
Blog / Live Commerce in China / Paragraph under 'How big' / 3,"During the 2025 Double 11 shopping festival, knowledge-based livestreams grew 180% compared to the year before. Average viewer dwell time reached 28 minutes. Conversion rates on those streams hit 9.2%.",2025年双十一期间，知识型直播同比增长180%。平均观看时长达到28分钟。这类直播间的转化率冲到9.2%。
Blog / Live Commerce in China / Source citation 2,"Source: 100EC.cn, 2025 Double 11 Data Report",来源：网经社，《2025双十一数据报告》
Blog / Live Commerce in China / Paragraph under 'How big' / 4,Traditional e-commerce browsing converts at roughly 0.5-1.5%. So live commerce is running at about 6x that.,传统电商浏览购买的转化率大约在0.5%-1.5%之间。直播电商是它的6倍。
Blog / Live Commerce in China / H2 – Why it converts,Why it converts,转化为什么这么强
Blog / Live Commerce in China / Paragraph under 'Why it converts' / 1,"A livestream session works like a product demo, a Q&A, and a flash sale running at the same time. The host shows the product, takes viewer questions in real time, and offers pricing that is only available during the broadcast.","一场直播同时完成三件事：产品演示、现场答疑和限时促销。主播上手展示产品，实时回答观众问题，再给一个""只限直播间""的价格。"
Blog / Live Commerce in China / Paragraph under 'Why it converts' / 2,"Viewers buy during the stream. Not later. A trusted host answering questions live, other buyers purchasing in real time, and a price that expires when the broadcast ends. That mix creates urgency you cannot get from a product page.",观众就在直播间里下单，不会拖到以后。被信任的主播答疑、其他观众同时下单、过时作废的价格——这套组合制造出静态商品页给不了的紧迫感。
Blog / Live Commerce in China / Paragraph under 'Why it converts' / 3,Overall live commerce conversion rates sit between 3% and 8%. Top hosts regularly hit 10-15%. Short video reviews convert at 1.5-3%. Social media posts sit at 0.5-1.5%.,整体直播电商的转化率在3%-8%。头部主播常年能做到10%-15%。短视频测评的转化率在1.5%-3%之间。社交图文帖子大概是0.5%-1.5%。
Blog / Live Commerce in China / Blockquote – Double 11 beauty,"During the 2025 Double 11, beauty brands saw particularly strong results. ""Ingredient-focused"" livestreams with hosts who had medical or chemistry backgrounds drove a 55% increase in efficacy skincare sales.","2025年双十一期间，美妆品类的表现尤其亮眼。以成分为核心、主播有医学或化学背景的""成分型""直播带动功效护肤品销售增长55%。"
Blog / Live Commerce in China / Source citation 3,"Source: 100EC.cn, 2025 Double 11 Data Report",来源：网经社，《2025双十一数据报告》
Blog / Live Commerce in China / Paragraph under 'Why it converts' / 4,That gap between channels is large enough that it explains why live commerce now dominates how products actually sell through influencers in China.,这个转化差距大到足以解释：为什么在中国，达人带货的销售几乎都跑到了直播间。
Blog / Live Commerce in China / H2 – The three-part ecosystem,The three-part ecosystem,生态由三方组成
Blog / Live Commerce in China / Paragraph under 'Ecosystem' / 1,"Live commerce runs on three players: marketplaces, influencers, and MCNs.",直播电商跑起来，靠三个角色：平台、达人和MCN。
Blog / Live Commerce in China / Bullet – Marketplaces,"Marketplaces like Taobao, JD.com, Douyin E-commerce, and Kuaishou provide the infrastructure. They process transactions, handle logistics, and run creator platforms that onboard, rank, and certify influencers.",平台 像淘宝、京东、抖音电商和快手，提供基础设施：交易、物流、达人入驻和分层认证。
Blog / Live Commerce in China / Bullet – Influencers,"Influencers create the content and host the streams. They range from mega KOLs with tens of millions of followers down to micro creators with 10,000 to 100,000.",达人 负责内容创作和开播。上至几千万粉丝的超级KOL，下至几万粉丝的微型主播。
Blog / Live Commerce in China / Bullet – MCNs,"MCNs (Multi-Channel Networks) sit in the middle. They recruit influencers, negotiate brand deals, handle compliance, and coordinate campaigns. MCNs manage an estimated 70-80% of mid-to-top tier influencers. The MCN market reached 63.6 billion yuan in 2024.",MCN 机构夹在中间。他们负责签约达人、接洽品牌、处理合规、统筹campaign。估计中腰部以上的达人大约70-80%挂在MCN旗下。2024年MCN市场规模达到636亿元。
Blog / Live Commerce in China / Source citation 4,Source: iiMedia Research,来源：艾媒咨询
Blog / Live Commerce in China / Paragraph under 'Ecosystem' / 2,"Micro-influencers often operate independently. But for brands running paid live commerce campaigns at any real scale, MCN partnerships are the standard path.",微小达人常常单打独斗。但任何稍有规模的付费直播campaign，MCN合作都是主流路径。
Blog / Live Commerce in China / H2 – Commission models,Commission models,分佣模式
Blog / Live Commerce in China / Paragraph under 'Commission models' / 1,"Three payment structures drive the economics. The most common is CPS (Cost Per Sale), used in 80-90% of campaigns. The influencer earns a percentage of each sale after discounts and refunds. Low-risk for brands because you only pay when someone buys.",三种结算方式撑起整个生意。最常见的是CPS（按销售分成），80-90%的投放都是这种。主播拿每笔成交扣除退款后的分成。对品牌来说风险低，只有卖出去才付钱。
Blog / Live Commerce in China / Paragraph under 'Commission models' / 2,CPA (Cost Per Action) pays a flat amount for specific actions like app downloads or signups. It shows up more in awareness campaigns on social channels rather than live commerce.,CPA（按动作付费）是为下载、注册这类具体行为付固定价。更多出现在品宣类campaign，不在直播电商里。
Blog / Live Commerce in China / Paragraph under 'Commission models' / 3,"Top KOLs and high-profile livestream hosts typically work on a hybrid model: a flat booking fee to secure their time, plus CPS commission on top. This is how the biggest names operate.",头部KOL和知名主播则通常是混合模式：一笔坑位费锁住他的时间段，再加CPS分成。头部主播基本都这么玩。
Blog / Live Commerce in China / Paragraph under 'Commission models' / 4,Rates vary by product category:,佣金比例因品类而异：
Blog / Live Commerce in China / Table header – Commission,Category | Commission range,品类 | 佣金区间
Blog / Live Commerce in China / Table row – Beauty,Beauty and skincare | 10-25%,美妆护肤 | 10-25%
Blog / Live Commerce in China / Table row – Fashion,Fashion and apparel | 8-15%,服饰 | 8-15%
Blog / Live Commerce in China / Table row – FMCG,FMCG and food | 5-12%,快消和食品 | 5-12%
Blog / Live Commerce in China / Table row – Electronics,Electronics and tech | 3-8%,数码电子 | 3-8%
Blog / Live Commerce in China / Table row – Luxury,Luxury goods | 5-15% (plus fixed fees),奢侈品 | 5-15%（另加固定费用）
Blog / Live Commerce in China / Paragraph under 'Commission models' / 5,Platforms like Taobao Union and Douyin Select Alliance automate the tracking and payouts. They take roughly a 10% service fee on commissions.,淘宝联盟和抖音精选联盟这些平台会自动跟踪和结算。它们从分佣里抽大约10%的服务费。
Blog / Live Commerce in China / H2 – AI behind the scenes,AI behind the scenes,AI在幕后做了什么
Blog / Live Commerce in China / Paragraph under 'AI behind the scenes' / 1,AI is not replacing livestream hosts. But it is reshaping what happens before and during broadcasts.,AI并没有取代主播。但它在重写每场直播前后发生的一切。
Blog / Live Commerce in China / Paragraph under 'AI behind the scenes' / 2,"According to a report from Chinabaogao, one beauty host used an AI-generated content library and cut her per-product explanation from 5 minutes to 2.5 minutes. Her GMV conversion rate went up 40%.",Chinabaogao的报告显示，一位美妆主播用AI生成的内容素材库，把每个产品的讲解时间从5分钟压到2.5分钟。直播间GMV转化率提升了40%。
Blog / Live Commerce in China / Paragraph under 'AI behind the scenes' / 3,"Script preparation is where the time really goes. A single livestream covering 80 products requires roughly 24 hours of writing. AI tools now generate product talking points, compliance checks, and creative variations in a fraction of that time. By most accounts, the majority of active livestream rooms in China now use AI for at least part of their content prep.",时间真正烧在脚本准备上。一场讲80个产品的直播，脚本大约要写24小时。AI工具现在能在一小部分时间里生成产品卖点、合规话术和创意变体。行业里多数活跃直播间，已经在用AI打理至少一部分内容准备。
Blog / Live Commerce in China / Paragraph under 'AI behind the scenes' / 4,AI digital hosts are part of the picture too. JD.com's virtual host ran a 24-hour health products stream that reached a 22.6% conversion rate. These digital hosts work best for overnight shifts and standardized product demos. Prime-time slots still belong to humans.,AI数字人主播也正在入场。京东的虚拟主播在一场24小时健康品类直播里跑到了22.6%的转化率。这类数字人最适合夜间时段和标准化产品演示。黄金时段还是属于真人。
Blog / Live Commerce in China / Blockquote – Kuaishou AI,"On Kuaishou alone, AI-generated creative assets now exceed 30 million daily in consumption.",单在快手一家，AI生成的创意素材日消耗量已经超过3000万条。
Blog / Live Commerce in China / Source citation 5,"Source: CIECC, Livestream E-commerce High-Quality Development Report",来源：中国国际电子商务中心，《直播电商高质量发展报告》
Blog / Live Commerce in China / Paragraph under 'AI behind the scenes' / 5,Same pattern across the whole industry: AI handles volume and speed. Humans handle trust.,整个行业都是同一个规律：AI负责量和速度，人负责信任。
Blog / Live Commerce in China / H2 – Common mistakes,Common mistakes,常见的坑
Blog / Live Commerce in China / Paragraph under 'Common mistakes' / 1,"Most international brands treat live commerce like a one-off experiment. One session, one host, see what happens.",大多数国际品牌把直播电商当一次性实验。开一场，找一位主播，看看反应。
Blog / Live Commerce in China / Paragraph under 'Common mistakes' / 2,"That almost never works. Live commerce is a system, not an event. It requires consistent scheduling, the right host matched to your product category, proper product selection, and paid ad support to actually get viewers into the room.",这样几乎永远跑不出来。直播电商是一套系统，不是一次事件。它要求稳定的排期、匹配品类的主播、严谨的选品，还要付费广告把观众导进直播间。
Blog / Live Commerce in China / Paragraph under 'Common mistakes' / 3,"The investment level has gone up too. During Double 11 2025, brands spent an average of 250,000 yuan per major livestream, up from 150,000 yuan the previous year. Professional lighting, audio, and set design are now standard.",投入门槛也上来了。2025年双十一期间，品牌头部直播的单场平均投入达到25万元，而上一年只有15万元。专业灯光、音响和场景布置已经是标配。
Blog / Live Commerce in China / Source citation 6,Source: 100EC.cn,来源：网经社
Blog / Live Commerce in China / Paragraph under 'Common mistakes' / 4,"There is also the self-broadcasting trend. Brand-owned livestreams accounted for 40% of total live commerce GMV during Double 11 2025, up 8 points from the year before. Companies like Anta, L'Oreal, and Xiaomi now run in-house teams of 50+ people doing daily broadcasts. Some of these brands generate more revenue from their own streams than from working with external KOLs.",自播也是不能忽略的趋势。2025年双十一，品牌自播占到直播电商GMV的40%，比前一年上涨8个百分点。安踏、欧莱雅、小米这类品牌已经搭起50人以上的自播团队，每天不间断开播。有些品牌自播的营收，已经超过所有外部KOL合作加起来的总和。
Blog / Live Commerce in China / Paragraph under 'Common mistakes' / 5,Treat this as a side project and you will get side-project results.,把它当副业做，你就只能拿到副业级的结果。
Blog / Live Commerce in China / H2 – The bottom line,The bottom line,最后一句话
Blog / Live Commerce in China / Paragraph under 'The bottom line' / 1,"Live commerce is the highest-converting channel in China. It is also the most complex. The influencer, the MCN, the marketplace, the commission structure, the content production, the ad spend to fill the room. All of it needs to work.",直播电商是中国转化率最高的渠道，也是最复杂的一个。达人、MCN、平台、分佣结构、内容生产、把人拉进直播间的广告预算——每一环都要跑通。
Blog / Live Commerce in China / Paragraph under 'The bottom line' / 2,"For brands serious about revenue in China, this is not optional anymore. It is where the money is.","对认真打算在中国做营收的品牌来说，这件事不是""要不要做""的选项题。钱就在这里。"
Blog / WeChat Advertising: Formats & Costs / Title,WeChat advertising: every ad format and what they actually cost,微信广告全指南：每一种广告形式和真实价格
Blog / WeChat Advertising: Formats & Costs / Description,"WeChat advertising runs across Moments, Official Accounts, Channels, Mini Programs, and Search. Here is what each format costs and how to start.",微信广告覆盖朋友圈、公众号、视频号、小程序和搜一搜。每一种形式的价格和启动方式一次讲清。
Blog / WeChat Advertising: Formats & Costs / MetaTitle,WeChat ads: every format and what they cost,微信广告：形式全解和真实价格
Blog / WeChat Advertising: Formats & Costs / MetaDescription,WeChat has six ad formats and three pricing models. Here is what each placement costs and how international brands should plan their first campaign.,微信广告有六种形式和三种计价方式。每个位置花多少钱，国际品牌第一次投放要怎么规划？
Blog / WeChat Advertising: Formats & Costs / Category,Platforms,平台
Blog / WeChat Advertising: Formats & Costs / Keywords,"WeChat advertising, WeChat Moments ads, WeChat Channels ads, Tencent Ads, China advertising, WeChat CPM, WeChat ad formats","微信广告, 朋友圈广告, 视频号广告, 腾讯广告, 中国广告, 微信CPM, 微信广告形式"
Blog / WeChat Advertising: Formats & Costs / Intro italic,"Six placements, three pricing models, and a minimum spend that trips up most international brands. A practical guide to WeChat's ad system.",六个位置、三种计价方式、再加一个会把多数国际品牌拦在门外的最低预算。一份实战指南。
Blog / WeChat Advertising: Formats & Costs / H2 – Why WeChat ads work differently,Why WeChat ads work differently,微信广告为什么不一样
Blog / WeChat Advertising: Formats & Costs / Paragraph under 'Why WeChat ads work differently' / 1,"WeChat has over 1.4 billion monthly active users who spend an average of 80 minutes per day inside the app. But unlike Douyin or RedNote, where ads compete for attention in a fast-scrolling discovery feed, WeChat ads land inside a closed, trust-based environment. Your Moments ad sits between posts from the user's friends and family. Your Official Account ad appears inside an article they chose to read.",微信有超过14亿月活用户，平均每天在这个App上花80分钟。但和抖音、小红书那种在高速滑动的发现流里竞争注意力的广告不同，微信广告落在一个封闭、高信任度的环境里。朋友圈广告夹在好友和家人的动态之间。公众号广告出现在用户自己选择阅读的文章里。
Blog / WeChat Advertising: Formats & Costs / Paragraph under 'Why WeChat ads work differently' / 2,"That makes WeChat advertising more precise than most platforms. It also means the bar for creative quality is higher. If your ad does not feel like it belongs in someone's personal feed, it will not perform.",这让微信广告比多数平台都更精准。同时也意味着，对创意质量的要求更高。如果你的广告不像一条能出现在别人动态里的内容，它就跑不出来。
Blog / WeChat Advertising: Formats & Costs / Blockquote under 'Why WeChat ads work differently',"WeChat is not the platform for viral reach. It is the platform for reaching the right people, in the right context, with content that belongs there.",微信不是做病毒式传播的平台。它是在合适的语境下，用合适的内容，触达合适的人。
Blog / WeChat Advertising: Formats & Costs / Paragraph under 'Why WeChat ads work differently' / 3,"All WeChat advertising runs through the Tencent Ads platform. You need a verified WeChat Official Account to run any ads. No account, no campaigns. And verification requires a Chinese business entity or an authorized local representative.",所有微信广告都通过腾讯广告平台下单。投放需要一个已认证的微信公众号，没有账号就没有投放。认证还需要一个中国境内的经营主体，或者授权的本地代理。
Blog / WeChat Advertising: Formats & Costs / H2 – The six ad placements,The six ad placements,六种广告位
Blog / WeChat Advertising: Formats & Costs / Paragraph under 'The six ad placements' / 1,WeChat offers six advertising positions. They are spread across the ecosystem and each one does something slightly different.,微信一共有六种广告位，分散在整个生态里，每一种都有不一样的用处。
Blog / WeChat Advertising: Formats & Costs / Table row – Moments Ads,"Moments Ads | In the user's personal feed, styled like a friend's post | Brand awareness, product launches, major campaigns",朋友圈广告 | 用户朋友圈信息流，形式接近好友发的动态 | 品牌声量、新品发布、大型campaign
Blog / WeChat Advertising: Formats & Costs / Table row – Official Account Ads,"Official Account Ads | Article bottom, mid-article, video pre-roll | Content-led conversion, follower growth",公众号广告 | 文章底部、文中、视频贴片 | 内容驱动转化、涨粉
Blog / WeChat Advertising: Formats & Costs / Table row – Mini Program Ads,"Mini Program Ads | Banners, interstitials, rewarded video inside Mini Programs | E-commerce, app installs, gaming",小程序广告 | 小程序里的横幅、插屏、激励视频 | 电商、应用安装、游戏
Blog / WeChat Advertising: Formats & Costs / Table row – Channels Ads,"Channels Ads | In-feed video in WeChat Channels | Video reach, livestream promotion, product discovery",视频号广告 | 视频号信息流中的视频 | 视频声量、直播预热、商品种草
Blog / WeChat Advertising: Formats & Costs / Table row – Search Ads,"Search Ads | Keyword results in WeChat Search | Intent-based targeting, brand protection",搜一搜广告 | 微信搜索的关键词结果 | 意图型定向、品牌词保护
Blog / WeChat Advertising: Formats & Costs / Table row – Top Stories Ads,"Top Stories Ads | In the curated content feed | Article discovery, content promotion",看一看广告 | 看一看推荐信息流 | 文章分发、内容推广
Blog / WeChat Advertising: Formats & Costs / Paragraph under 'The six ad placements' / 2,"Channels is the one to watch. Daily active users on WeChat Channels exceeded 800 million in 2025 according to Tencent's own reporting, and Channels ad revenue grew 60% year-over-year in 2024. It is still relatively underpriced compared to Moments, which makes it a strong option for brands looking for video reach without Moments-level budgets.",视频号是真正要盯紧的那个。根据腾讯官方数据，2025年视频号日活突破8亿，2024年视频号广告收入同比增长60%。目前相较朋友圈仍然明显被低估，对想要视频声量但又没有朋友圈级预算的品牌来说，是一个非常值得切入的位置。
Blog / WeChat Advertising: Formats & Costs / H2 – How pricing works,How pricing works,价格怎么算
Blog / WeChat Advertising: Formats & Costs / Paragraph under 'How pricing works',WeChat uses three pricing models. The right one depends mostly on how much you want to spend and what you are trying to get out of it.,微信有三种计价方式。选哪一种主要看你要花多少钱、想拿到什么结果。
"Blog / WeChat Advertising: Formats & Costs / H3 – CPM: pay per 1,000 impressions","CPM: pay per 1,000 impressions",CPM：千次曝光计费
Blog / WeChat Advertising: Formats & Costs / Paragraph under 'CPM' / 1,The most common model for Moments ads and brand campaigns. Rates vary by city tier and by how you buy.,朋友圈广告和品牌活动里最常见的方式。价格按城市分级、按下单方式浮动。
Blog / WeChat Advertising: Formats & Costs / Table row – Core tier,"Core (Beijing, Shanghai) | Around 150 yuan per thousand | 100-300 yuan per thousand",核心（北京、上海） | 约150元/千次 | 100-300元/千次
Blog / WeChat Advertising: Formats & Costs / Table row – Key tier,"Key (Guangzhou, Shenzhen, Chengdu, Hangzhou and 18 others) | Around 100 yuan per thousand | 60-200 yuan per thousand",重点（广州、深圳、成都、杭州等22城） | 约100元/千次 | 60-200元/千次
Blog / WeChat Advertising: Formats & Costs / Table row – Standard tier,Standard (all other cities) | Around 50 yuan per thousand | 30-200 yuan per thousand,标准（其他城市） | 约50元/千次 | 30-200元/千次
Blog / WeChat Advertising: Formats & Costs / Paragraph under 'CPM' / 2,"Video ads cost roughly 30-50% more than image ads at the same impression level. For context, Douyin's paid traffic CPM through Ocean Engine runs 30-60 yuan, but that is for amplification of existing content, not native feed placement. WeChat Moments CPM is higher because you are buying placement inside a personal social feed with much higher trust signals.",视频素材的CPM大概比图片素材高30%-50%。作为对照，抖音巨量引擎的付费流量CPM在30-60元，但那是已有内容的付费放量，不是原生信息流广告位。朋友圈CPM更高，因为你买的是进入一个信任度更高的社交信息流的入场券。
Blog / WeChat Advertising: Formats & Costs / Source under 'CPM',"Source: Zhihu, industry benchmarks",来源：知乎，行业基准
Blog / WeChat Advertising: Formats & Costs / H3 – CPC: pay per click,CPC: pay per click,CPC：按点击计费
Blog / WeChat Advertising: Formats & Costs / Paragraph under 'CPC',"Common for Official Account article ads and Mini Program banners. The floor is low: article-bottom ads start at around 0.5 yuan per click. But Moments CPC is a different story, running 2-20 yuan depending on how tight your targeting is and how many other brands are bidding for the same audience. For comparison, Baidu search ads average 2-15 yuan per click. The difference is that WeChat clicks come from users in a social context, not a search context. That changes how you should think about what a click is worth.",公众号文章广告和小程序横幅常用。起步价不高：文章底部广告大约0.5元起一次点击。但朋友圈CPC就是另一回事了，2-20元不等，要看定向精细度和同一人群里有多少品牌在抢。作为对照，百度搜索广告平均2-15元一次点击。差别在于，微信的点击来自社交情境，不是搜索情境，这会改变你对一次点击到底值多少钱的判断。
Blog / WeChat Advertising: Formats & Costs / Source under 'CPC',"Source: Yiban, Zhihu",来源：一半，知乎
Blog / WeChat Advertising: Formats & Costs / H3 – oCPM: smart bidding,oCPM: smart bidding,oCPM：智能出价
Blog / WeChat Advertising: Formats & Costs / Paragraph under 'oCPM',"WeChat's AI-powered model. You set a target conversion cost and the system adjusts your bid in real time to reach users most likely to take action. In 2025, Tencent added new AI bidding tools that cut costs by an estimated 10-15% compared to manual bidding. Once you have enough conversion data flowing in, most advertisers on WeChat gradually shift to oCPM. It takes a few weeks to build up the data the algorithm needs, but after that it tends to outperform manual bidding consistently.",微信的AI出价模型。你设定目标转化成本，系统实时调整出价，去找最可能下单的用户。2025年腾讯加了新的AI出价工具，据说能在人工出价基础上把成本再降10%-15%。跑通一段时间、数据积累够了之后，大部分在微信投放的广告主都会逐步切到oCPM。建模需要几周，但之后的表现通常会稳定地超过人工出价。
Blog / WeChat Advertising: Formats & Costs / Source under 'oCPM',Source: Yiban,来源：一半
Blog / WeChat Advertising: Formats & Costs / H2 – Minimum spend: what you actually need to start,Minimum spend: what you actually need to start,最低预算：真正要备多少钱
Blog / WeChat Advertising: Formats & Costs / Paragraph under 'Minimum spend' / 1,This is where a lot of brands get tripped up. The minimums depend entirely on your buying method.,这是很多品牌过不去的坎。起投门槛取决于你怎么下单。
Blog / WeChat Advertising: Formats & Costs / Table row – Scheduled buy,"Scheduled buy | 50,000 yuan per campaign (around $7,000)",合约下单 | 每场活动5万元起（约合7000美元）
Blog / WeChat Advertising: Formats & Costs / Table row – Bidding buy,"Bidding buy | 1,000 yuan top-up, 1,000 yuan per day budget",竞价下单 | 账户充值1000元，每日预算1000元起
Blog / WeChat Advertising: Formats & Costs / Table row – Local promotion,Local promotion | 300 yuan per day (around $42),本地推广 | 每天300元起（约合42美元）
Blog / WeChat Advertising: Formats & Costs / Paragraph under 'Minimum spend' / 2,"The 50,000 yuan scheduled buy is designed for larger brand pushes. You lock in guaranteed impressions 1-28 days in advance. Think product launches, seasonal campaigns, or major events. It is a ""pay now, guarantee eyeballs"" model.","5万元的合约下单是为大型品牌活动设计的。你可以提前1-28天锁定保量曝光。适合新品发布、节日campaign或大活动。本质是""先付钱，曝光给你兜底""。"
Blog / WeChat Advertising: Formats & Costs / Source under 'Minimum spend',"Source: Niaoge Biji, Digitaling",来源：鸟哥笔记，Digitaling
Blog / WeChat Advertising: Formats & Costs / Paragraph under 'Minimum spend' / 3,"For international brands testing the waters, the bidding model at 1,000 yuan per day is the most practical starting point. You control daily spend, adjust targeting in real time, and only pay for impressions or clicks that actually happen.",对想先试水的国际品牌来说，每日1000元预算的竞价是最实用的起点。日预算自己控，定向随时调，只为真实的曝光或点击付钱。
Blog / WeChat Advertising: Formats & Costs / Paragraph under 'Minimum spend' / 4,"Local promotion at 300 yuan per day is the cheapest entry point but only works for geo-targeted campaigns within 3-5 km of a physical location. Good for restaurants, retail stores, or event venues. Not useful for national brand campaigns.",本地推广一天300元是最低的入口，但只适合离实体位置3-5公里范围内的地理定向。餐厅、零售店、活动现场合适，全国性品牌campaign用不上。
Blog / WeChat Advertising: Formats & Costs / H2 – Practical things nobody tells you,Practical things nobody tells you,没人告诉你的几个细节
Blog / WeChat Advertising: Formats & Costs / Bullet under 'Practical things' / 1,"Creative review is strict and slow. WeChat rejects ads with exaggerated claims, unverified statistics, health promises without government certification, or anything that encourages sharing or forwarding. Review takes 1-2 business days. Build that into your campaign timeline or you will miss your launch window.",审核严格而且慢。微信对夸大宣传、未经核实的数据、未取得政府认证的健康承诺、鼓励分享转发的内容一律驳回。审核需要1-2个工作日。这段时间要算进排期里，不然就错过上线窗口。
Blog / WeChat Advertising: Formats & Costs / Bullet under 'Practical things' / 2,"Moments ads compete with real people. This is not a banner on a website. Your ad shows up between photos of someone's kid and their coworker's vacation. If it does not look and feel like something a person would actually post, people will scroll past in half a second.",朋友圈广告和真人抢位置。这不是挂在网页上的banner。你的广告会夹在某个人的孩子照片和同事的度假vlog中间。如果它不像一个人会发的东西，别人会在半秒内划过。
Blog / WeChat Advertising: Formats & Costs / Bullet under 'Practical things' / 3,"One creative swap per campaign. WeChat allows you to update your Moments ad creative up to three times per month, but each change goes through review again. Plan your creative upfront.",一场campaign只能换一次素材。微信允许你每月最多更换三次朋友圈广告素材，但每次都要重新走审核。素材规划前期一次做到位。
Blog / WeChat Advertising: Formats & Costs / Bullet under 'Practical things' / 4,"Peak hours cost more. Bidding during evening prime time (7-9 PM) costs 20-40% more than off-peak. If your budget is tight, test daytime slots first.",高峰时段更贵。晚间黄金时段（19-21点）的竞价比非高峰时段贵20%-40%。如果预算紧，先测白天时段。
Blog / WeChat Advertising: Formats & Costs / Source under 'Practical things',Source: Aiyong Tech,来源：爱用科技
Blog / WeChat Advertising: Formats & Costs / H2 – The bottom line,The bottom line,最后一句话
Blog / WeChat Advertising: Formats & Costs / Blockquote under 'The bottom line',"WeChat advertising is not cheap. But for brands that need to reach Chinese consumers inside a trusted, closed ecosystem, nothing else comes close.",微信广告不便宜。但如果你要在一个封闭的高信任度生态里触达中国消费者，没有哪个平台比它更合适。
Blog / WeChat Advertising: Formats & Costs / Paragraph under 'The bottom line' / 1,"Moments works best for awareness. Official Account ads are better for content-led conversion. Channels gives you video reach at a lower price point than Moments. And Search captures people who are already looking for something specific. Start with bidding to test what is working, then scale into scheduled buys once you have the data.",朋友圈主打声量。公众号更适合内容驱动的转化。视频号提供比朋友圈更便宜的视频触达。搜一搜抓的是已经在主动找东西的人。先用竞价测，跑出数据之后再把合约下单叠加进来。
Blog / WeChat Advertising: Formats & Costs / Paragraph under 'The bottom line' / 2,"The pricing is not cheap. But once you understand how the pieces fit together, it is not as complicated as it looks from the outside either.",价格不便宜。但一旦你把这些部分看明白，它并没有外面传的那么复杂。
Blog / What is WeCom / Title,"WeCom: what it is, what it does, and why your China strategy needs it",WeCom是什么？为什么你在中国的战略绕不开它
Blog / What is WeCom / Description,"WeCom is Tencent's enterprise communication platform inside the WeChat ecosystem. Learn what it does, how private domain traffic works, and why brands in China need it.",WeCom是腾讯在微信生态里的企业沟通平台。它能做什么、私域流量怎么跑、为什么每个做中国市场的品牌都需要它。
Blog / What is WeCom / MetaTitle,What is WeCom? A guide for brands in China,一文看懂WeCom：品牌在中国的必修课
Blog / What is WeCom / MetaDescription,"WeCom is Tencent's business tool inside WeChat. Learn what it does, how private domain traffic works, and why brands in China need it.",WeCom是腾讯嵌在微信里的企业端工具。它做什么、私域流量怎么跑、为什么做中国市场的品牌都需要它。
Blog / What is WeCom / Category,Platforms,平台
Blog / What is WeCom / Keywords,"WeCom, WeChat Work, private domain traffic, China marketing, WeChat enterprise, CRM China, WeCom 5.0","WeCom, 企业微信, 私域流量, 中国营销, 微信企业, 中国CRM, WeCom 5.0"
Blog / What is WeCom / Intro italic,The business tool inside WeChat that most brands still have not heard of.,嵌在微信里、却被多数品牌忽略的那个企业工具。
Blog / What is WeCom / H2 – What is WeCom?,What is WeCom?,WeCom是什么
Blog / What is WeCom / Paragraph under 'What is WeCom?' / 1,"WeCom is Tencent's enterprise communication platform. Before 2020, it went by WeChat Work. It sits inside the WeChat ecosystem but it is built specifically for businesses.","WeCom是腾讯的企业沟通平台。2020年之前叫""企业微信""。它活在微信生态里，但专门为企业做。"
Blog / What is WeCom / Paragraph under 'What is WeCom?' / 2,"Your team uses WeCom. Your customers stay on regular WeChat. Both sides can message each other directly. No extra apps, no switching between platforms.",你的团队用WeCom，你的客户用普通的微信。两边可以直接互加好友、直接聊天。不用下载第二个App，也不用在平台间切换。
Blog / What is WeCom / Paragraph under 'What is WeCom?' / 3,"According to data disclosed by Tencent VP at the WeCom 5.0 launch in August 2025, over 180 million people use WeCom actively, more than 14 million companies run their daily operations on it, and every day it connects to over 750 million WeChat users.",腾讯副总裁在2025年8月WeCom 5.0发布会上披露的数据显示，WeCom活跃用户超过1.8亿，超过1400万家企业用它跑日常业务，每天连接超过7.5亿微信用户。
Blog / What is WeCom / Source under 'What is WeCom?' / 1,"Source: Sina Finance, WeCom 5.0 launch coverage, August 2025",来源：新浪财经，WeCom 5.0发布会报道，2025年8月
Blog / What is WeCom / Paragraph under 'What is WeCom?' / 4,"It is now China's second most popular business app, behind only DingTalk.",它目前是中国使用率第二高的企业办公App，仅次于钉钉。
Blog / What is WeCom / Source under 'What is WeCom?' / 2,"Source: QuestMobile, cited in Sina Finance, August 2025",来源：QuestMobile，引自新浪财经，2025年8月
Blog / What is WeCom / H2 – The problem it solves,The problem it solves,它解决的是什么问题
Blog / What is WeCom / Paragraph under 'The problem it solves' / 1,"In China, business relationships live on WeChat. Your sales associates, account managers, and support staff are all talking to clients there. The issue is when they use personal accounts, the contact list belongs to the individual. Not the company. If someone leaves, those client relationships leave too.",在中国，商业关系跑在微信上。销售、客户经理、客服，每天都在微信里和客户聊。问题在于，如果用的是个人微信，联系人归个人。不归公司。一旦人走了，客户关系也跟着走。
Blog / What is WeCom / Blockquote under 'The problem it solves',"If someone quits, the client relationships walk out the door with them. The brand is left starting over.",人一离职，客户就跟着被带走。品牌只能从头再来。
Blog / What is WeCom / Paragraph under 'The problem it solves' / 2,"This is not a small risk. It happens all the time. For international brands still building their name in China, losing a key account manager can mean starting over with clients who barely knew your brand to begin with.",这不是小概率事件，在国内是家常便饭。对在中国还在打品牌知名度的国际品牌，一个关键客户经理走人，很可能意味着要从零开始面对那些根本没记住你是谁的客户。
Blog / What is WeCom / Paragraph under 'The problem it solves' / 3,"WeCom puts the company in control. All contacts sit under the corporate account. Conversations are logged and transferable. When someone leaves, their entire client portfolio moves to the next person automatically.",WeCom把主动权交回到公司手上。所有客户都挂在企业账号下。聊天记录全部留痕、可交接。员工离职，整个客户名册自动转移给接手的人。
Blog / What is WeCom / Paragraph under 'The problem it solves' / 4,"There is also a trust element. When a customer adds a WeCom contact, they see a verified company name and employee title. For international brands that Chinese consumers have not heard of, that kind of credibility is hard to get any other way.",还有一层信任的价值。客户加上WeCom好友时，看到的是经过认证的公司名称和员工职位。对中国消费者没听过的国际品牌来说，这种可信度很难从别的渠道拿到。
Blog / What is WeCom / H2 – What WeCom actually does,What WeCom actually does,WeCom实际上能做什么
Blog / What is WeCom / Paragraph under 'What WeCom actually does' / 1,"WeCom covers a lot of ground, but these are the features brands actually use day to day.",WeCom覆盖的东西很多，但品牌日常真正会用的就这几块。
Blog / What is WeCom / Table row – Direct messaging,Direct messaging | Sales associates message clients inside their regular WeChat chat. Not through newsletters or public posts. Open rates are far higher.,一对一聊天 | 销售直接在客户的普通微信里和客户聊天，不是群发，不是公众号推文。打开率要高得多
"Blog / What is WeCom / Table row – 50,000 contacts","50,000 contacts | A personal WeChat caps at 5,000. WeCom allows 10x that. Group chats scale to 10,000 members vs. WeChat's 500.",5万好友上限 | 个人微信好友上限5000，WeCom能加到它的十倍。客户群最多能拉到1万人，普通微信群上限只有500
Blog / What is WeCom / Table row – CRM integration,"CRM integration | Connects with Salesforce, HubSpot, JingSocial, Fxiaoke. Purchase history, chat logs, and browsing data in one dashboard.",CRM集成 | 对接Salesforce、HubSpot、JINGdigital、纷享销客。购买记录、聊天日志、浏览行为都能汇到一个后台
Blog / What is WeCom / Table row – Company Moments,"Company Moments | Brands post to customers' WeChat feeds through employees' WeCom accounts. Free, high-reach, and right in the daily scroll.",企业朋友圈 | 品牌通过员工的WeCom账号发到客户朋友圈里。免费、触达高、直接出现在日常刷动态的场景里
Blog / What is WeCom / Table row – WeChat Pay,"WeChat Pay | Sales associates process payments inside the chat, tied to the corporate account. Everything tracked.",微信支付 | 销售在聊天里直接收款，全部挂在企业账号下，全流程可追踪
Blog / What is WeCom / Table row – WeCom 5.0 and AI,"WeCom 5.0 and AI | Smart Search, automated summaries, AI chatbots. Plus an Overseas Edition with multilingual support for 100+ countries.",WeCom 5.0 和 AI | 智能搜索、自动摘要、AI聊天机器人。还有海外版，支持100多个国家的多语言能力
Blog / What is WeCom / Paragraph under 'What WeCom actually does' / 2,"Over the past year, the WeCom team shipped 12 version updates and more than 1,700 feature improvements.",过去一年，WeCom团队发布了12个版本更新、超过1700项功能改进。
Blog / What is WeCom / Source under 'What WeCom actually does' / 1,"Source: Sina Finance, WeCom 5.0 launch report, August 2025",来源：新浪财经，WeCom 5.0发布会报道，2025年8月
Blog / What is WeCom / Paragraph under 'What WeCom actually does' / 3,"Brands like Blancpain already use WeCom integrated with their CRM to connect loyalty programs, Official Accounts, and in-store clienteling into one system. That is the kind of setup that turns a scattered China presence into something that actually compounds.",宝珀这类品牌已经把WeCom和自己的CRM打通，把会员体系、公众号、门店服务串成一套系统。这才是把分散的中国布局变成能持续复利的打法。
Blog / What is WeCom / Source under 'What WeCom actually does' / 2,"Source: Tencent Official, WeCom 4.0 launch report",来源：腾讯官方，企业微信4.0发布报道
Blog / What is WeCom / H2 – Private domain traffic: the concept that changes everything,Private domain traffic: the concept that changes everything,私域流量：一个改变游戏规则的概念
Blog / What is WeCom / Paragraph under 'Private domain traffic' / 1,Private domain traffic is not a term most marketers outside China use. But it is central to how brands in China think about growth.,"""私域流量""这个词在中国之外的营销圈几乎没人用。但在中国，它是品牌增长的核心概念。"
Blog / What is WeCom / Paragraph under 'Private domain traffic' / 2,Here is the short version:,简单讲：
Blog / What is WeCom / Paragraph under 'Private domain traffic' / 3,"Public traffic is paid ads and algorithm-driven feeds on Douyin or RedNote. You pay for eyeballs. When you stop paying, they are gone.",公域流量 指的是付费广告和抖音、小红书这类平台的算法信息流。你花钱买注意力。钱一停，人就没了。
Blog / What is WeCom / Blockquote under 'Private domain traffic' / 1,Customer acquisition costs on major internet platforms have climbed from tens of yuan per new customer in 2018 to hundreds of yuan today.,中国主流互联网平台的获客成本从2018年的每人几十元，涨到现在的几百元。
Blog / What is WeCom / Source under 'Private domain traffic' / 1,"Source: Tencent News, citing Jiazi Guangnian report, October 2024",来源：腾讯新闻，援引甲子光年报告，2024年10月
Blog / What is WeCom / Paragraph under 'Private domain traffic' / 4,"Private domain traffic is the channels you own. WeChat groups, Mini Programs, Official Accounts, WeCom contacts. Once customers are there, you reach them directly. No ad spend. No algorithm deciding who sees your message.",私域流量 指的是你自己拥有的渠道。微信群、小程序、公众号、WeCom联系人。客户一旦进来，你就能直接触达。不用投广告，不看算法脸色。
Blog / What is WeCom / Paragraph under 'Private domain traffic' / 5,"WeCom is the tool that makes this work at scale. A customer discovers your brand on Douyin. Your team moves them into WeCom. From there, it is direct communication, personalized offers, and repeat purchases without paying for reach every single time.",WeCom是让这套玩法规模化的关键工具。客户在抖音看到你的品牌。你的团队把他引到WeCom。然后就是直接沟通、个性化offer、做复购，不用每次都为流量买单。
Blog / What is WeCom / Paragraph under 'Private domain traffic' / 6,The private domain traffic market in China continues to expand rapidly as public traffic costs keep rising and brands prioritize direct customer relationships.,公域流量成本持续走高、品牌越来越重视直接的客户关系，中国的私域流量市场还在快速扩张。
Blog / What is WeCom / Source under 'Private domain traffic' / 2,"Source: iiMedia Research, China Private Domain Traffic Consumer Behavior Survey, April 2025",来源：艾媒咨询，《中国私域流量消费者行为调查》，2025年4月
Blog / What is WeCom / H2 – What it takes to get started,What it takes to get started,启动需要什么
Blog / What is WeCom / Paragraph under 'What it takes to get started' / 1,"Setting up WeCom requires a verified Chinese business entity or an authorized local representative. International brands typically work with a local team or agency to handle registration, configure CRM integrations, and train staff on workflows.",搭建WeCom需要一个已经认证的中国经营主体，或者一个授权本地代理。国际品牌通常会和本地团队或代理商合作，完成注册、CRM集成和员工的工作流培训。
Blog / What is WeCom / Paragraph under 'What it takes to get started' / 2,"The platform itself is free. The real investment is building the workflows that turn contacts into revenue, and training your team to actually run them.",平台本身是免费的。真正要投入的是那一套把联系人变成营收的工作流，以及训练你的团队把它跑起来。
Blog / What is WeCom / H2 – The bottom line,The bottom line,最后一句话
Blog / What is WeCom / Blockquote under 'The bottom line',"Brands that skip WeCom are leaving money on the table. Every ad dollar they spend brings in customers they cannot retain, cannot message directly, and cannot convert a second time without spending again.",绕过WeCom的品牌等于把钱扔在桌上。每一分广告费带进来的客户，你都留不住、触达不到、第二次复购还得再付一次广告费。
Blog / What is WeCom / Paragraph under 'The bottom line',"Without it, you are paying for attention you never get to keep.",没有WeCom，你买到的注意力，永远留不下来。
Blog / Why Livestream Shopping Took Over China / Title,Why livestream shopping took over China,直播电商为什么能在中国跑出这么大体量
Blog / Why Livestream Shopping Took Over China / Description,Nearly 600 million Chinese consumers buy through livestreams. Here are the five reasons livestream shopping works so well from the shopper's perspective.,将近6亿中国消费者在直播间买东西。从买家视角看，直播电商为什么这么灵。
Blog / Why Livestream Shopping Took Over China / MetaTitle,Why livestream shopping works so well in China,为什么直播购物在中国这么吃香
Blog / Why Livestream Shopping Took Over China / MetaDescription,China's livestream e-commerce market hit 5.8 trillion yuan in 2024. Here are the five reasons Chinese shoppers prefer buying through livestreams.,2024年中国直播电商市场规模达到5.8万亿元。从消费者的角度看，为什么他们更愿意在直播间下单。
Blog / Why Livestream Shopping Took Over China / Category,Strategy,策略
Blog / Why Livestream Shopping Took Over China / Keywords,"livestream shopping, China e-commerce, Douyin livestream, Tmall live, social commerce China, livestream e-commerce, China consumer behavior","直播购物, 中国电商, 抖音直播, 天猫直播, 中国社交电商, 直播电商, 中国消费行为"
Blog / Why Livestream Shopping Took Over China / Intro italic,"Nearly 600 million Chinese consumers now buy through livestreams. The market hit 5.8 trillion yuan in 2024. To understand why, you have to see it from the shopper's side.",将近6亿中国消费者正在通过直播间下单。2024年市场交易规模达到5.8万亿元。想看清楚它是怎么跑起来的，必须站到买家那一边。
Blog / Why Livestream Shopping Took Over China / H2 – The scale of it,The scale of it,体量有多大
Blog / Why Livestream Shopping Took Over China / Paragraph under 'The scale of it' / 1,Livestream shopping in China is mainstream. It is how a huge chunk of the population buys things now.,"直播电商在中国已经是大众行为。它已经是很大一部分人""买东西""的主要方式。"
Blog / Why Livestream Shopping Took Over China / Paragraph under 'The scale of it' / 2,"How big is it? iResearch puts the market at 5.8 trillion yuan in 2024. User penetration went from 4.9% in 2019 to 37.8% in 2024, bringing the total to close to 600 million regular livestream shoppers. In 2023 alone, Chinese platforms hosted over 110 million livestream sessions featuring more than 70 million products, with over 2.7 million active hosts.",究竟有多大？艾瑞咨询给出的数据是2024年5.8万亿元。用户渗透率从2019年的4.9%涨到2024年的37.8%，接近6亿人成为常态直播购物者。仅2023年一年，中国各平台一共举办了1.1亿多场直播，带货商品超过7000万件，活跃主播超过270万。
Blog / Why Livestream Shopping Took Over China / Source under 'The scale of it' / 1,"Source: CIECC, Livestream E-commerce High-Quality Development Report 2024",来源：中国国际电子商务中心，《2024直播电商高质量发展报告》
Blog / Why Livestream Shopping Took Over China / Paragraph under 'The scale of it' / 3,"And this is not passive viewing. According to iiMedia Research, 79.32% of short video and livestream users have made a purchase through the platform. Over 55% of regular viewers buy at least once a month. Only 15.5% of viewers say they watch purely for entertainment with no purchase intent.","而且这不是""围观""式观看。艾媒咨询的数据显示，79.32%的短视频和直播用户在平台上下过单。超过55%的常客每月至少买一次。只有15.5%的观众说自己纯粹是来娱乐、没打算买东西的。"
Blog / Why Livestream Shopping Took Over China / Source under 'The scale of it' / 2,Source: iiMedia Research; China Consumers Association,来源：艾媒咨询；中国消费者协会
Blog / Why Livestream Shopping Took Over China / Paragraph under 'The scale of it' / 4,That is not a trend. It is a fundamental shift in how Chinese consumers shop.,这不是趋势。这是中国消费者买东西方式的一次底层切换。
Blog / Why Livestream Shopping Took Over China / H2 – Why shoppers prefer it: five reasons,Why shoppers prefer it: five reasons,买家为什么偏爱它：五个原因
Blog / Why Livestream Shopping Took Over China / Paragraph under 'Why shoppers prefer it',"The easy explanation is ""it is entertaining."" And sure, that is part of it. But if entertainment were the whole story, people would watch and not buy. The real reasons go deeper than that.","最容易的解释是""有意思""。这当然是一部分。但如果娱乐是全部原因，大家就只看不买了。真正的原因比这更深。"
Blog / Why Livestream Shopping Took Over China / H3 – 1. They can see the product for real,1. They can see the product for real,1. 能真正看到产品
Blog / Why Livestream Shopping Took Over China / Paragraph under 'They can see the product for real' / 1,"Anyone who has ever bought something online based on a photo knows the feeling when it arrives and looks nothing like the listing. Livestreaming cuts through that. The host holds the product, demonstrates it, tries it on, tests it live. According to iiMedia Research survey data, 59.89% of livestream shoppers say the main reason they prefer livestreaming over traditional e-commerce is that product presentation is more direct and authentic.",在网上看着照片下单、拿到货发现完全不是那回事的经历，大家都有过。直播把这个坑填掉了。主播把产品拿在手上演示、试穿、现场测试。艾媒咨询的调研数据显示，59.89%的直播购物者选择直播而不是传统电商，最大的原因就是产品呈现更直接、更真实。
Blog / Why Livestream Shopping Took Over China / Paragraph under 'They can see the product for real' / 2,"The China Consumers Association found that the top three reasons consumers prefer livestream shopping, accounting for 83.9% of responses combined, are: the ability to create an immersive buying atmosphere, stronger interactivity, and the fact that products appear more real and tangible.",中国消费者协会的调查发现，消费者喜欢直播购物的前三个原因合计占比83.9%，分别是：沉浸式的购物氛围、更强的互动感、以及商品看起来更真实可感。
Blog / Why Livestream Shopping Took Over China / H3 – 2. They get answers instantly,2. They get answers instantly,2. 问题立刻有答案
Blog / Why Livestream Shopping Took Over China / Paragraph under 'They get answers instantly',"In a livestream, shoppers type questions into the chat and the host responds in real time. Does this run small? What is the fabric like? Is this safe for sensitive skin? This kind of real-time back-and-forth simulates talking to a salesperson in a physical store. Except you are doing it from your couch at 10 PM. That combination of convenience and human contact is extremely hard to replicate with product pages and chatbots.","直播间里，观众把问题打进弹幕，主播当场回答。""这款偏小码吗？""""面料什么手感？""""敏感肌能用吗？""这种实时来回像回到了线下门店和销售对话的场景。差别只是你在自己家的沙发上，而且是晚上十点。便利加上人情味，静态商品页和聊天机器人几乎学不来。"
Blog / Why Livestream Shopping Took Over China / Source under 'They get answers instantly',"Source: Commercial Economy Research; Cankao Wang, 2025",来源：商业经济研究；参考网，2025
Blog / Why Livestream Shopping Took Over China / H3 – 3. The prices are genuinely lower,3. The prices are genuinely lower,3. 价格是真的便宜
Blog / Why Livestream Shopping Took Over China / Paragraph under 'The prices are genuinely lower',"This is not just perception. Brands offer livestream-exclusive discounts, bundle deals, and limited-time coupons that are not available on the regular product page. During the 2024 618 festival, livestream e-commerce sales reached 206.8 billion yuan, up 12.1% year-over-year. A large portion of that growth came from price-conscious shoppers waiting for livestream-only deals.","这不是一种""感觉""。品牌会在直播间给出专属折扣、组合包、限时券，产品详情页上是拿不到的。2024年618期间，直播电商销售额达到2068亿元，同比增长12.1%，其中很大一部分增量来自那些专门等直播专属价的精打细算派。"
Blog / Why Livestream Shopping Took Over China / Source under 'The prices are genuinely lower',Source: iiMedia Research,来源：艾媒咨询
Blog / Why Livestream Shopping Took Over China / H3 – 4. They trust the host,4. They trust the host,4. 他们信任主播
Blog / Why Livestream Shopping Took Over China / Paragraph under 'They trust the host' / 1,"The best livestream hosts in China are not salespeople. They are educators and trusted advisors. Oriental Selection built its brand around former teachers who explain products with humor, depth, and genuine expertise. Viewers come back to the same host not just for deals but because the relationship feels personal.",中国做得最好的直播主播，不是销售。他们是有信服力的老师和顾问。东方甄选就是靠前老师们幽默、有深度、有专业积累的讲解立的品牌。观众一次次回到同一个直播间，不只是为了折扣，是因为那种关系变得像朋友。
Blog / Why Livestream Shopping Took Over China / Paragraph under 'They trust the host' / 2,"According to the China Consumers Association survey, nearly 70% of livestream shoppers say they will buy a product if the host recommends it and they like it. Another 22.7% say they will buy in most cases when the host recommends something. Try getting those numbers from a product detail page.",中国消费者协会的调查显示，近70%的直播购物者说，只要主播推荐、自己喜欢，就会下单。另有22.7%的人说大多数情况下会下单。产品详情页永远做不到这个数字。
Blog / Why Livestream Shopping Took Over China / H3 – 5. Social proof is happening live,5. Social proof is happening live,5. 社交背书是现场发生的
Blog / Why Livestream Shopping Took Over China / Paragraph under 'Social proof is happening live',"When hundreds of people buy the same product in real time and the chat fills with ""just ordered"" and ""already received mine from last time,"" it changes how you feel about pressing the buy button yourself. Research from Tsinghua University found that the ""purchase atmosphere"" in a livestream room, created by visible real-time transactions and peer comments, is a distinct driver of impulse buying behavior. Flash sales, countdown timers, and visible purchase volume create a fear-of-missing-out dynamic that static e-commerce simply cannot generate.","几百个人同时在买同一件商品，弹幕里一直刷""刚下单了""""上次买的已经到货了""，你会在那一下子对""要不要按下单键""产生不一样的感觉。清华大学的研究发现，直播间里由实时成交和弹幕评论共同制造出的""购买氛围""，是冲动下单行为的一个独立驱动因素。限时抢、倒计时、可见的成交数，创造出一种静态电商根本做不出来的""怕错过""的紧迫感。"
Blog / Why Livestream Shopping Took Over China / Source under 'Social proof is happening live',"Source: Tsinghua SEM, Research on Livestream Consumer Behavior Impulse Formation Mechanisms",来源：清华大学经济管理学院，《直播消费行为冲动形成机制研究》
Blog / Why Livestream Shopping Took Over China / H2 – Who is watching,Who is watching,谁在看
Blog / Why Livestream Shopping Took Over China / Table row – Age,Age | 80%+ are millennials or Gen Z (born after 1980),年龄 | 80%以上是千禧一代或Z世代（1980年后出生）
Blog / Why Livestream Shopping Took Over China / Table row – Gender,"Gender | 64.6% female, 35.4% male",性别 | 女性64.6%，男性35.4%
Blog / Why Livestream Shopping Took Over China / Table row – Location,Location | 47.6% in tier-one cities; significant growth in tier 3-4,地域 | 47.6%在一线城市；三四线城市增速显著
Blog / Why Livestream Shopping Took Over China / Table row – Frequency,Frequency | 55.2% buy at least once a month; 90.8% within any 3-month period,购买频次 | 55.2%每月至少买一次；90.8%三个月内至少买一次
Blog / Why Livestream Shopping Took Over China / Table row – Viewing habits,Viewing habits | 69.57% are long-term active viewers; average 4-5 sessions per day,观看习惯 | 69.57%是长期活跃观众，日均观看4-5次
Blog / Why Livestream Shopping Took Over China / Table row – Shopping intent,Shopping intent | 52.5% browse with a general idea; 32% have a specific purchase target,购物意图 | 52.5%带着大致想法浏览；32%有明确目标
Blog / Why Livestream Shopping Took Over China / Source under 'Who is watching' / 1,Source: iiMedia Research; China Consumers Association,来源：艾媒咨询；中国消费者协会
Blog / Why Livestream Shopping Took Over China / Paragraph under 'Who is watching',"One thing worth noting: the audience is getting older. Silver economy consumers (age 50+) are now the fastest-growing segment, with spending growing at a compound rate of 20.9% per year over the past three years.",有一条值得特别注意：观众正在变老。银发经济消费者（50岁以上）是目前增速最快的一群人，过去三年的消费年复合增长率达到20.9%。
Blog / Why Livestream Shopping Took Over China / Source under 'Who is watching' / 2,"Source: CAC, China New E-commerce Development Report 2025",来源：中国互联网协会，《2025中国新电商发展报告》
Blog / Why Livestream Shopping Took Over China / H2 – What this means for brands,What this means for brands,这对品牌意味着什么
Blog / Why Livestream Shopping Took Over China / Paragraph under 'What this means for brands' / 1,"Whether you are a Chinese brand trying to outperform competitors, an international brand already selling here, or a new entrant testing the waters, livestream shopping is not optional. It is the single largest conversion channel in Chinese e-commerce.","不管你是一个想在竞争中领跑的中国品牌，是一个已经在国内卖货的国际品牌，还是一个正在试水的新入局者，直播电商都不再是""可选项""。它已经是中国电商里最大的一个转化渠道。"
Blog / Why Livestream Shopping Took Over China / Paragraph under 'What this means for brands' / 2,Understanding the shopper's mindset is the first step. They want to see the product demonstrated live. They want to ask questions and get immediate answers. They want a genuinely good price. They want to trust the person selling. And they want to see other people buying it at the same time.,看懂买家的心态是第一步。他们要看产品被真人演示。他们要问问题、立刻得到回答。他们要一个真的好价格。他们要相信卖东西给自己的那个人。他们要看到别人也在同一时刻买。
Blog / Why Livestream Shopping Took Over China / Paragraph under 'What this means for brands' / 3,"For Chinese brands, the opportunity is in doing it better than everyone else. The format is familiar but most brands still run generic, low-effort livestreams. The ones investing in host quality, content strategy, and private domain follow-up are the ones pulling ahead.",对中国品牌来说，机会在于怎么把这件事做得比别人更好。这个形式已经普及了，但多数品牌开的还是套模板、低精力的直播。那些真正投入主播质量、内容策略和私域承接的品牌，已经拉开距离。
Blog / Why Livestream Shopping Took Over China / Paragraph under 'What this means for brands' / 4,"For international brands, the opportunity is access. Livestreaming lets you test products, gather real consumer feedback, and build trust faster than any other channel available in China right now.",对国际品牌来说，机会在于入口。直播间让你能更快地测试产品、拿到真实的消费者反馈、在中国建立信任。比其他任何渠道都快。
Blog / Why Livestream Shopping Took Over China / Blockquote under 'What this means for brands',A well-run livestream can meet all of those needs at once. A static product page cannot come close. And that is why this format keeps growing.,一场跑得好的直播可以同时满足上面所有这些需求。静态商品页一条都做不到。这就是为什么这种形式还会继续涨下去。
